session_id,user_id,step_index,action
sess_00001,user_002,0,open_quotations
sess_00001,user_002,1,create_quotation
sess_00001,user_002,2,add_product
sess_00001,user_002,3,set_discount
sess_00001,user_002,4,save_quotation
sess_00001,user_002,5,send_quotation
sess_00002,user_003,0,create_quotation
sess_00002,user_003,1,add_product
sess_00002,user_003,2,set_discount
sess_00002,user_003,3,save_quotation
sess_00002,user_003,4,send_quotation
sess_00002,user_003,5,create_order
sess_00003,user_004,0,view_laptop
sess_00003,user_004,1,purchase_laptop
sess_00003,user_004,2,purchase_headphones
sess_00003,user_004,3,open_purchases
sess_00004,user_005,0,open_products
sess_00004,user_005,1,search_monitor
sess_00004,user_005,2,view_monitor
sess_00004,user_005,3,purchase_monitor
sess_00004,user_005,4,purchase_keyboard
sess_00005,user_006,0,open_quotations
sess_00005,user_006,1,create_quotation
sess_00005,user_006,2,add_product
sess_00005,user_006,3,save_quotation
sess_00005,user_006,4,send_quotation
sess_00005,user_006,5,create_order
sess_00006,user_007,0,view_laptop
sess_00006,user_007,1,purchase_laptop
sess_00006,user_007,2,purchase_headphones
sess_00006,user_007,3,open_purchases
sess_00007,user_008,0,view_customer
sess_00007,user_008,1,view_customer_orders
sess_00008,user_009,0,create_quotation
sess_00008,user_009,1,add_product
sess_00008,user_009,2,save_quotation
sess_00008,user_009,3,send_quotation
sess_00008,user_009,4,create_order
sess_00009,user_010,0,view_customer
sess_00009,user_010,1,view_customer_orders
sess_00010,user_011,0,view_monitor
sess_00010,user_011,1,purchase_monitor
sess_00010,user_011,2,purchase_keyboard
sess_00011,user_012,0,open_products
sess_00011,user_012,1,search_laptop
sess_00011,user_012,2,view_laptop
sess_00011,user_012,3,purchase_laptop
sess_00011,user_012,4,purchase_headphones
sess_00011,user_012,5,open_purchases
sess_00012,user_013,0,open_products
sess_00012,user_013,1,search_laptop
sess_00012,user_013,2,view_laptop
sess_00012,user_013,3,purchase_laptop
sess_00012,user_013,4,purchase_headphones
sess_00012,user_013,5,open_purchases
sess_00013,user_014,0,open_products
sess_00013,user_014,1,search_phone
sess_00013,user_014,2,view_phone
sess_00013,user_014,3,purchase_phone
sess_00013,user_014,4,purchase_phone_case
sess_00014,user_015,0,create_quotation
sess_00014,user_015,1,add_product
sess_00014,user_015,2,set_discount
sess_00014,user_015,3,save_quotation
sess_00014,user_015,4,send_quotation
sess_00014,user_015,5,create_order
sess_00015,user_016,0,view_phone
sess_00015,user_016,1,purchase_phone
sess_00015,user_016,2,purchase_phone_case
sess_00015,user_016,3,open_purchases
sess_00016,user_017,0,view_customer
sess_00016,user_017,1,view_customer_quotations
sess_00016,user_017,2,create_quotation
sess_00017,user_018,0,open_products
sess_00017,user_018,1,search_phone
sess_00017,user_018,2,view_phone
sess_00017,user_018,3,purchase_phone
sess_00017,user_018,4,purchase_phone_case
sess_00018,user_019,0,open_customers
sess_00018,user_019,1,view_customer
sess_00018,user_019,2,view_customer_quotations
sess_00018,user_019,3,create_quotation
sess_00019,user_020,0,open_customers
sess_00019,user_020,1,view_customer
sess_00019,user_020,2,view_customer_quotations
sess_00019,user_020,3,create_quotation
sess_00020,user_021,0,open_products
sess_00020,user_021,1,search_monitor
sess_00020,user_021,2,view_monitor
sess_00020,user_021,3,purchase_monitor
sess_00020,user_021,4,purchase_keyboard
sess_00021,user_022,0,open_customers
sess_00021,user_022,1,view_customer
sess_00021,user_022,2,view_customer_quotations
sess_00022,user_023,0,open_products
sess_00022,user_023,1,search_monitor
sess_00022,user_023,2,view_monitor
sess_00022,user_023,3,purchase_monitor
sess_00022,user_023,4,purchase_keyboard
sess_00023,user_024,0,view_laptop
sess_00023,user_024,1,purchase_laptop
sess_00023,user_024,2,purchase_headphones
sess_00023,user_024,3,open_purchases
sess_00024,user_025,0,view_phone
sess_00024,user_025,1,purchase_phone
sess_00024,user_025,2,purchase_warranty
sess_00025,user_026,0,view_laptop
sess_00025,user_026,1,purchase_laptop
sess_00025,user_026,2,purchase_headphones
sess_00025,user_026,3,open_purchases
sess_00026,user_027,0,open_quotations
sess_00026,user_027,1,create_quotation
sess_00026,user_027,2,add_product
sess_00026,user_027,3,set_discount
sess_00026,user_027,4,save_quotation
sess_00026,user_027,5,send_quotation
sess_00027,user_028,0,open_customers
sess_00027,user_028,1,view_customer
sess_00027,user_028,2,view_customer_quotations
sess_00027,user_028,3,create_quotation
sess_00028,user_029,0,view_customer
sess_00028,user_029,1,view_customer_quotations
sess_00028,user_029,2,create_quotation
sess_00029,user_030,0,open_products
sess_00029,user_030,1,search_monitor
sess_00029,user_030,2,view_monitor
sess_00029,user_030,3,purchase_monitor
sess_00029,user_030,4,purchase_mouse
sess_00030,user_031,0,view_monitor
sess_00030,user_031,1,purchase_monitor
sess_00030,user_031,2,purchase_keyboard
sess_00031,user_032,0,open_products
sess_00031,user_032,1,search_laptop
sess_00031,user_032,2,view_laptop
sess_00031,user_032,3,purchase_laptop
sess_00031,user_032,4,purchase_headphones
sess_00032,user_033,0,view_customer
sess_00032,user_033,1,view_customer_quotations
sess_00032,user_033,2,create_quotation
sess_00033,user_034,0,view_customer
sess_00033,user_034,1,view_customer_quotations
sess_00033,user_034,2,create_quotation
sess_00034,user_035,0,view_laptop
sess_00034,user_035,1,purchase_laptop
sess_00034,user_035,2,purchase_headphones
sess_00034,user_035,3,open_purchases
sess_00035,user_036,0,open_products
sess_00035,user_036,1,search_monitor
sess_00035,user_036,2,view_monitor
sess_00035,user_036,3,purchase_monitor
sess_00035,user_036,4,purchase_headphones
sess_00036,user_037,0,open_products
sess_00036,user_037,1,search_phone
sess_00036,user_037,2,view_phone
sess_00036,user_037,3,purchase_phone
sess_00036,user_037,4,purchase_phone_case
sess_00037,user_038,0,open_products
sess_00037,user_038,1,search_laptop
sess_00037,user_038,2,view_laptop
sess_00037,user_038,3,purchase_laptop
sess_00037,user_038,4,purchase_warranty
sess_00037,user_038,5,open_purchases
sess_00038,user_039,0,view_phone
sess_00038,user_039,1,purchase_phone
sess_00038,user_039,2,purchase_phone_case
sess_00038,user_039,3,open_purchases
sess_00039,user_040,0,open_products
sess_00039,user_040,1,search_monitor
sess_00039,user_040,2,view_monitor
sess_00039,user_040,3,purchase_monitor
sess_00039,user_040,4,purchase_keyboard
sess_00040,user_041,0,view_laptop
sess_00040,user_041,1,purchase_laptop
sess_00040,user_041,2,purchase_laptop_bag
sess_00041,user_042,0,open_products
sess_00041,user_042,1,search_laptop
sess_00041,user_042,2,view_laptop
sess_00041,user_042,3,purchase_laptop
sess_00041,user_042,4,purchase_mouse
sess_00041,user_042,5,open_purchases
sess_00042,user_043,0,view_laptop
sess_00042,user_043,1,purchase_laptop
sess_00042,user_043,2,purchase_headphones
sess_00043,user_044,0,open_quotations
sess_00043,user_044,1,create_quotation
sess_00043,user_044,2,add_product
sess_00043,user_044,3,set_discount
sess_00043,user_044,4,save_quotation
sess_00043,user_044,5,send_quotation
sess_00043,user_044,6,create_order
sess_00044,user_045,0,view_phone
sess_00044,user_045,1,purchase_phone
sess_00044,user_045,2,purchase_warranty
sess_00044,user_045,3,open_purchases
sess_00045,user_046,0,open_products
sess_00045,user_046,1,search_phone
sess_00045,user_046,2,view_phone
sess_00045,user_046,3,purchase_phone
sess_00045,user_046,4,purchase_headphones
sess_00045,user_046,5,open_purchases
sess_00046,user_047,0,open_products
sess_00046,user_047,1,search_laptop
sess_00046,user_047,2,view_laptop
sess_00046,user_047,3,purchase_laptop
sess_00046,user_047,4,purchase_headphones
sess_00046,user_047,5,open_purchases
sess_00047,user_048,0,view_laptop
sess_00047,user_048,1,purchase_laptop
sess_00047,user_048,2,purchase_laptop_bag
sess_00047,user_048,3,open_purchases
sess_00048,user_049,0,login
sess_00048,user_049,1,open_products
sess_00048,user_049,2,search_laptop
sess_00048,user_049,3,view_laptop
sess_00048,user_049,4,purchase_laptop
sess_00048,user_049,5,purchase_warranty
sess_00049,user_050,0,open_customers
sess_00049,user_050,1,view_customer
sess_00049,user_050,2,view_customer_quotations
sess_00049,user_050,3,create_quotation
sess_00050,user_051,0,open_products
sess_00050,user_051,1,search_phone
sess_00050,user_051,2,view_phone
sess_00050,user_051,3,purchase_phone
sess_00050,user_051,4,purchase_phone_case
sess_00051,user_052,0,view_laptop
sess_00051,user_052,1,purchase_laptop
sess_00051,user_052,2,purchase_headphones
sess_00052,user_053,0,create_order
sess_00052,user_053,1,generate_invoice
sess_00052,user_053,2,confirm_payment
sess_00053,user_054,0,view_phone
sess_00053,user_054,1,purchase_phone
sess_00053,user_054,2,purchase_phone_case
sess_00054,user_055,0,view_laptop
sess_00054,user_055,1,purchase_laptop
sess_00054,user_055,2,purchase_laptop_bag
sess_00054,user_055,3,open_purchases
sess_00055,user_056,0,open_orders
sess_00055,user_056,1,create_order
sess_00055,user_056,2,generate_invoice
sess_00055,user_056,3,confirm_payment
sess_00056,user_057,0,open_quotations
sess_00056,user_057,1,create_quotation
sess_00056,user_057,2,add_product
sess_00056,user_057,3,set_discount
sess_00056,user_057,4,save_quotation
sess_00056,user_057,5,open_quotations
sess_00057,user_058,0,view_laptop
sess_00057,user_058,1,purchase_laptop
sess_00057,user_058,2,purchase_headphones
sess_00057,user_058,3,open_purchases
sess_00058,user_059,0,view_monitor
sess_00058,user_059,1,purchase_monitor
sess_00058,user_059,2,purchase_keyboard
sess_00059,user_060,0,open_quotations
sess_00059,user_060,1,create_quotation
sess_00059,user_060,2,add_product
sess_00059,user_060,3,set_discount
sess_00059,user_060,4,save_quotation
sess_00059,user_060,5,send_quotation
sess_00059,user_060,6,create_order
sess_00060,user_061,0,view_phone
sess_00060,user_061,1,purchase_phone
sess_00060,user_061,2,purchase_phone_case
sess_00061,user_062,0,open_orders
sess_00061,user_062,1,create_order
sess_00061,user_062,2,generate_invoice
sess_00061,user_062,3,confirm_payment
sess_00062,user_063,0,create_order
sess_00062,user_063,1,assign_delivery
sess_00063,user_064,0,open_products
sess_00063,user_064,1,search_phone
sess_00063,user_064,2,view_phone
sess_00063,user_064,3,purchase_phone
sess_00063,user_064,4,purchase_headphones
sess_00064,user_065,0,view_monitor
sess_00064,user_065,1,purchase_monitor
sess_00064,user_065,2,purchase_mouse
sess_00065,user_066,0,view_laptop
sess_00065,user_066,1,purchase_laptop
sess_00065,user_066,2,purchase_mouse
sess_00066,user_067,0,open_products
sess_00066,user_067,1,search_laptop
sess_00066,user_067,2,view_laptop
sess_00066,user_067,3,purchase_laptop
sess_00066,user_067,4,purchase_headphones
sess_00066,user_067,5,open_purchases
sess_00067,user_068,0,view_laptop
sess_00067,user_068,1,purchase_laptop
sess_00067,user_068,2,purchase_headphones
sess_00067,user_068,3,open_purchases
sess_00068,user_069,0,open_products
sess_00068,user_069,1,search_laptop
sess_00068,user_069,2,view_laptop
sess_00068,user_069,3,purchase_laptop
sess_00068,user_069,4,purchase_laptop_bag
sess_00069,user_070,0,open_products
sess_00069,user_070,1,search_laptop
sess_00069,user_070,2,view_laptop
sess_00069,user_070,3,purchase_laptop
sess_00069,user_070,4,purchase_headphones
sess_00069,user_070,5,open_purchases
sess_00070,user_071,0,create_quotation
sess_00070,user_071,1,add_product
sess_00070,user_071,2,set_discount
sess_00070,user_071,3,save_quotation
sess_00070,user_071,4,send_quotation
sess_00070,user_071,5,create_order
sess_00071,user_072,0,open_products
sess_00071,user_072,1,search_phone
sess_00071,user_072,2,view_phone
sess_00071,user_072,3,purchase_phone
sess_00071,user_072,4,purchase_phone_case
sess_00072,user_073,0,view_customer
sess_00072,user_073,1,view_customer_orders
sess_00073,user_074,0,open_products
sess_00073,user_074,1,search_monitor
sess_00073,user_074,2,view_monitor
sess_00073,user_074,3,purchase_monitor
sess_00073,user_074,4,purchase_keyboard
sess_00074,user_075,0,view_phone
sess_00074,user_075,1,purchase_phone
sess_00074,user_075,2,purchase_headphones
sess_00075,user_076,0,open_products
sess_00075,user_076,1,search_laptop
sess_00075,user_076,2,view_laptop
sess_00075,user_076,3,purchase_laptop
sess_00075,user_076,4,purchase_headphones
sess_00076,user_077,0,open_customers
sess_00076,user_077,1,view_customer
sess_00076,user_077,2,view_customer_quotations
sess_00076,user_077,3,create_quotation
sess_00077,user_078,0,create_order
sess_00077,user_078,1,assign_delivery
sess_00078,user_079,0,create_quotation
sess_00078,user_079,1,add_product
sess_00078,user_079,2,set_discount
sess_00078,user_079,3,save_quotation
sess_00078,user_079,4,send_quotation
sess_00078,user_079,5,create_order
sess_00079,user_080,0,create_order
sess_00079,user_080,1,assign_delivery
sess_00080,user_081,0,open_quotations
sess_00080,user_081,1,create_quotation
sess_00080,user_081,2,add_product
sess_00080,user_081,3,save_quotation
sess_00080,user_081,4,send_quotation
sess_00081,user_082,0,open_customers
sess_00081,user_082,1,view_customer
sess_00081,user_082,2,view_customer_orders
sess_00082,user_083,0,open_products
sess_00082,user_083,1,search_phone
sess_00082,user_083,2,view_phone
sess_00082,user_083,3,purchase_phone
sess_00082,user_083,4,purchase_headphones
sess_00082,user_083,5,open_purchases
sess_00083,user_084,0,open_products
sess_00083,user_084,1,search_laptop
sess_00083,user_084,2,view_laptop
sess_00083,user_084,3,purchase_laptop
sess_00083,user_084,4,purchase_headphones
sess_00084,user_085,0,open_orders
sess_00084,user_085,1,create_order
sess_00084,user_085,2,generate_invoice
sess_00084,user_085,3,confirm_payment
sess_00085,user_086,0,create_order
sess_00085,user_086,1,assign_delivery
sess_00086,user_087,0,view_laptop
sess_00086,user_087,1,purchase_laptop
sess_00086,user_087,2,purchase_warranty
sess_00086,user_087,3,open_purchases
sess_00087,user_088,0,open_products
sess_00087,user_088,1,search_laptop
sess_00087,user_088,2,view_laptop
sess_00087,user_088,3,purchase_laptop
sess_00087,user_088,4,purchase_mouse
sess_00087,user_088,5,open_purchases
sess_00088,user_089,0,view_monitor
sess_00088,user_089,1,purchase_monitor
sess_00088,user_089,2,purchase_keyboard
sess_00089,user_090,0,open_products
sess_00089,user_090,1,search_monitor
sess_00089,user_090,2,view_monitor
sess_00089,user_090,3,purchase_monitor
sess_00089,user_090,4,purchase_mouse
sess_00090,user_091,0,view_laptop
sess_00090,user_091,1,purchase_laptop
sess_00090,user_091,2,purchase_mouse
sess_00091,user_092,0,open_quotations
sess_00091,user_092,1,create_quotation
sess_00091,user_092,2,add_product
sess_00091,user_092,3,set_discount
sess_00091,user_092,4,save_quotation
sess_00091,user_092,5,send_quotation
sess_00091,user_092,6,create_order
sess_00092,user_093,0,view_phone
sess_00092,user_093,1,purchase_phone
sess_00092,user_093,2,purchase_phone_case
sess_00092,user_093,3,open_purchases
sess_00093,user_094,0,open_products
sess_00093,user_094,1,search_phone
sess_00093,user_094,2,view_phone
sess_00093,user_094,3,purchase_phone
sess_00093,user_094,4,purchase_phone_case
sess_00093,user_094,5,open_purchases
sess_00094,user_095,0,view_phone
sess_00094,user_095,1,purchase_phone
sess_00094,user_095,2,purchase_warranty
sess_00094,user_095,3,open_purchases
sess_00095,user_096,0,view_phone
sess_00095,user_096,1,purchase_phone
sess_00095,user_096,2,purchase_phone_case
sess_00095,user_096,3,open_purchases
sess_00096,user_097,0,view_monitor
sess_00096,user_097,1,purchase_monitor
sess_00096,user_097,2,purchase_keyboard
sess_00097,user_098,0,open_products
sess_00097,user_098,1,search_phone
sess_00097,user_098,2,view_phone
sess_00097,user_098,3,purchase_phone
sess_00097,user_098,4,purchase_phone_case
sess_00098,user_099,0,open_quotations
sess_00098,user_099,1,create_quotation
sess_00098,user_099,2,add_product
sess_00098,user_099,3,set_discount
sess_00098,user_099,4,save_quotation
sess_00098,user_099,5,send_quotation
sess_00098,user_099,6,create_order
sess_00099,user_100,0,view_phone
sess_00099,user_100,1,purchase_phone
sess_00099,user_100,2,purchase_phone_case
sess_00099,user_100,3,open_purchases
sess_00100,user_101,0,open_products
sess_00100,user_101,1,search_laptop
sess_00100,user_101,2,view_laptop
sess_00100,user_101,3,purchase_laptop
sess_00100,user_101,4,purchase_headphones
sess_00100,user_101,5,open_purchases
sess_00101,user_102,0,open_customers
sess_00101,user_102,1,view_customer
sess_00101,user_102,2,view_customer_quotations
sess_00101,user_102,3,create_quotation
sess_00102,user_103,0,view_laptop
sess_00102,user_103,1,purchase_laptop
sess_00102,user_103,2,purchase_headphones
sess_00102,user_103,3,open_purchases
sess_00103,user_104,0,view_laptop
sess_00103,user_104,1,purchase_laptop
sess_00103,user_104,2,purchase_headphones
sess_00103,user_104,3,open_purchases
sess_00104,user_105,0,view_laptop
sess_00104,user_105,1,purchase_laptop
sess_00104,user_105,2,purchase_headphones
sess_00104,user_105,3,open_purchases
sess_00105,user_106,0,open_customers
sess_00105,user_106,1,view_customer
sess_00105,user_106,2,view_customer_orders
sess_00106,user_107,0,create_quotation
sess_00106,user_107,1,add_product
sess_00106,user_107,2,set_discount
sess_00106,user_107,3,save_quotation
sess_00106,user_107,4,open_quotations
sess_00107,user_108,0,view_customer
sess_00107,user_108,1,view_customer_orders
sess_00108,user_109,0,view_monitor
sess_00108,user_109,1,purchase_monitor
sess_00108,user_109,2,purchase_keyboard
sess_00109,user_110,0,view_customer
sess_00109,user_110,1,view_customer_quotations
sess_00109,user_110,2,create_quotation
sess_00110,user_111,0,view_laptop
sess_00110,user_111,1,purchase_laptop
sess_00110,user_111,2,purchase_headphones
sess_00110,user_111,3,open_purchases
sess_00111,user_112,0,open_products
sess_00111,user_112,1,search_laptop
sess_00111,user_112,2,view_laptop
sess_00111,user_112,3,purchase_laptop
sess_00111,user_112,4,purchase_headphones
sess_00111,user_112,5,open_purchases
sess_00112,user_113,0,view_phone
sess_00112,user_113,1,purchase_phone
sess_00112,user_113,2,purchase_phone_case
sess_00112,user_113,3,open_purchases
sess_00113,user_114,0,open_quotations
sess_00113,user_114,1,create_quotation
sess_00113,user_114,2,add_product
sess_00113,user_114,3,set_discount
sess_00113,user_114,4,save_quotation
sess_00113,user_114,5,send_quotation
sess_00113,user_114,6,create_order
sess_00114,user_115,0,open_products
sess_00114,user_115,1,search_laptop
sess_00114,user_115,2,view_laptop
sess_00114,user_115,3,purchase_laptop
sess_00114,user_115,4,purchase_laptop_bag
sess_00114,user_115,5,open_purchases
sess_00115,user_116,0,create_quotation
sess_00115,user_116,1,add_product
sess_00115,user_116,2,save_quotation
sess_00115,user_116,3,send_quotation
sess_00115,user_116,4,create_order
sess_00116,user_117,0,login
sess_00116,user_117,1,open_products
sess_00116,user_117,2,search_phone
sess_00116,user_117,3,view_phone
sess_00116,user_117,4,purchase_phone
sess_00116,user_117,5,purchase_warranty
sess_00116,user_117,6,open_purchases
sess_00117,user_118,0,create_quotation
sess_00117,user_118,1,add_product
sess_00117,user_118,2,set_discount
sess_00117,user_118,3,save_quotation
sess_00117,user_118,4,send_quotation
sess_00117,user_118,5,create_order
sess_00118,user_119,0,open_products
sess_00118,user_119,1,search_phone
sess_00118,user_119,2,view_phone
sess_00118,user_119,3,purchase_phone
sess_00118,user_119,4,purchase_phone_case
sess_00118,user_119,5,open_purchases
sess_00119,user_120,0,open_products
sess_00119,user_120,1,search_phone
sess_00119,user_120,2,view_phone
sess_00119,user_120,3,purchase_phone
sess_00119,user_120,4,purchase_phone_case
sess_00119,user_120,5,open_purchases
sess_00120,user_121,0,open_quotations
sess_00120,user_121,1,create_quotation
sess_00120,user_121,2,add_product
sess_00120,user_121,3,set_discount
sess_00120,user_121,4,save_quotation
sess_00120,user_121,5,send_quotation
sess_00120,user_121,6,create_order
sess_00121,user_122,0,open_quotations
sess_00121,user_122,1,create_quotation
sess_00121,user_122,2,add_product
sess_00121,user_122,3,set_discount
sess_00121,user_122,4,save_quotation
sess_00121,user_122,5,send_quotation
sess_00121,user_122,6,create_order
sess_00122,user_123,0,open_products
sess_00122,user_123,1,search_laptop
sess_00122,user_123,2,view_laptop
sess_00122,user_123,3,purchase_laptop
sess_00122,user_123,4,purchase_mouse
sess_00122,user_123,5,open_purchases
sess_00123,user_124,0,create_quotation
sess_00123,user_124,1,add_product
sess_00123,user_124,2,set_discount
sess_00123,user_124,3,save_quotation
sess_00123,user_124,4,send_quotation
sess_00123,user_124,5,create_order
sess_00124,user_125,0,view_monitor
sess_00124,user_125,1,purchase_monitor
sess_00124,user_125,2,purchase_keyboard
sess_00125,user_126,0,create_quotation
sess_00125,user_126,1,add_product
sess_00125,user_126,2,set_discount
sess_00125,user_126,3,save_quotation
sess_00125,user_126,4,send_quotation
sess_00126,user_127,0,open_products
sess_00126,user_127,1,search_laptop
sess_00126,user_127,2,view_laptop
sess_00126,user_127,3,purchase_laptop
sess_00126,user_127,4,purchase_headphones
sess_00126,user_127,5,open_purchases
sess_00127,user_128,0,create_quotation
sess_00127,user_128,1,add_product
sess_00127,user_128,2,set_discount
sess_00127,user_128,3,save_quotation
sess_00127,user_128,4,send_quotation
sess_00128,user_129,0,view_laptop
sess_00128,user_129,1,purchase_laptop
sess_00128,user_129,2,purchase_headphones
sess_00129,user_130,0,open_orders
sess_00129,user_130,1,create_order
sess_00129,user_130,2,generate_invoice
sess_00129,user_130,3,confirm_payment
sess_00130,user_131,0,create_quotation
sess_00130,user_131,1,add_product
sess_00130,user_131,2,set_discount
sess_00130,user_131,3,save_quotation
sess_00130,user_131,4,send_quotation
sess_00130,user_131,5,create_order
sess_00131,user_132,0,create_quotation
sess_00131,user_132,1,add_product
sess_00131,user_132,2,set_discount
sess_00131,user_132,3,save_quotation
sess_00131,user_132,4,send_quotation
sess_00132,user_133,0,open_products
sess_00132,user_133,1,search_monitor
sess_00132,user_133,2,view_monitor
sess_00132,user_133,3,purchase_monitor
sess_00132,user_133,4,purchase_headphones
sess_00133,user_134,0,open_quotations
sess_00133,user_134,1,create_quotation
sess_00133,user_134,2,add_product
sess_00133,user_134,3,set_discount
sess_00133,user_134,4,save_quotation
sess_00133,user_134,5,send_quotation
sess_00133,user_134,6,create_order
sess_00134,user_135,0,login
sess_00134,user_135,1,open_products
sess_00134,user_135,2,search_phone
sess_00134,user_135,3,view_phone
sess_00134,user_135,4,purchase_phone
sess_00134,user_135,5,purchase_phone_case
sess_00135,user_136,0,create_quotation
sess_00135,user_136,1,add_product
sess_00135,user_136,2,save_quotation
sess_00135,user_136,3,send_quotation
sess_00136,user_137,0,open_orders
sess_00136,user_137,1,create_order
sess_00136,user_137,2,assign_delivery
sess_00137,user_138,0,open_products
sess_00137,user_138,1,search_monitor
sess_00137,user_138,2,view_monitor
sess_00137,user_138,3,purchase_monitor
sess_00137,user_138,4,purchase_keyboard
sess_00138,user_139,0,open_quotations
sess_00138,user_139,1,create_quotation
sess_00138,user_139,2,add_product
sess_00138,user_139,3,save_quotation
sess_00138,user_139,4,open_quotations
sess_00139,user_140,0,view_laptop
sess_00139,user_140,1,purchase_laptop
sess_00139,user_140,2,purchase_headphones
sess_00139,user_140,3,open_purchases
sess_00140,user_141,0,open_products
sess_00140,user_141,1,search_phone
sess_00140,user_141,2,view_phone
sess_00140,user_141,3,purchase_phone
sess_00140,user_141,4,purchase_headphones
sess_00140,user_141,5,open_purchases
sess_00141,user_142,0,view_laptop
sess_00141,user_142,1,purchase_laptop
sess_00141,user_142,2,purchase_laptop_bag
sess_00142,user_143,0,open_products
sess_00142,user_143,1,search_laptop
sess_00142,user_143,2,view_laptop
sess_00142,user_143,3,purchase_laptop
sess_00142,user_143,4,purchase_laptop_bag
sess_00142,user_143,5,open_purchases
sess_00143,user_144,0,open_quotations
sess_00143,user_144,1,create_quotation
sess_00143,user_144,2,add_product
sess_00143,user_144,3,save_quotation
sess_00143,user_144,4,send_quotation
sess_00143,user_144,5,create_order
sess_00144,user_145,0,view_phone
sess_00144,user_145,1,purchase_phone
sess_00144,user_145,2,purchase_phone_case
sess_00144,user_145,3,open_purchases
sess_00145,user_146,0,view_phone
sess_00145,user_146,1,purchase_phone
sess_00145,user_146,2,purchase_phone_case
sess_00145,user_146,3,open_purchases
sess_00146,user_147,0,open_quotations
sess_00146,user_147,1,create_quotation
sess_00146,user_147,2,add_product
sess_00146,user_147,3,save_quotation
sess_00146,user_147,4,send_quotation
sess_00146,user_147,5,create_order
sess_00147,user_148,0,open_products
sess_00147,user_148,1,search_laptop
sess_00147,user_148,2,view_laptop
sess_00147,user_148,3,purchase_laptop
sess_00147,user_148,4,purchase_headphones
sess_00147,user_148,5,open_purchases
sess_00148,user_149,0,open_quotations
sess_00148,user_149,1,create_quotation
sess_00148,user_149,2,add_product
sess_00148,user_149,3,set_discount
sess_00148,user_149,4,save_quotation
sess_00148,user_149,5,send_quotation
sess_00149,user_150,0,create_order
sess_00149,user_150,1,generate_invoice
sess_00149,user_150,2,confirm_payment
sess_00150,user_001,0,open_products
sess_00150,user_001,1,search_laptop
sess_00150,user_001,2,view_laptop
sess_00150,user_001,3,purchase_laptop
sess_00150,user_001,4,purchase_headphones
sess_00150,user_001,5,open_purchases
sess_00151,user_002,0,open_products
sess_00151,user_002,1,search_monitor
sess_00151,user_002,2,view_monitor
sess_00151,user_002,3,purchase_monitor
sess_00151,user_002,4,purchase_headphones
sess_00152,user_003,0,view_monitor
sess_00152,user_003,1,purchase_monitor
sess_00152,user_003,2,purchase_keyboard
sess_00153,user_004,0,open_customers
sess_00153,user_004,1,view_customer
sess_00153,user_004,2,view_customer_orders
sess_00154,user_005,0,open_products
sess_00154,user_005,1,search_monitor
sess_00154,user_005,2,view_monitor
sess_00154,user_005,3,purchase_monitor
sess_00154,user_005,4,purchase_keyboard
sess_00155,user_006,0,open_products
sess_00155,user_006,1,search_laptop
sess_00155,user_006,2,view_laptop
sess_00155,user_006,3,purchase_laptop
sess_00155,user_006,4,purchase_laptop_bag
sess_00155,user_006,5,open_purchases
sess_00156,user_007,0,open_customers
sess_00156,user_007,1,view_customer
sess_00156,user_007,2,view_customer_quotations
sess_00156,user_007,3,create_quotation
sess_00157,user_008,0,open_products
sess_00157,user_008,1,search_laptop
sess_00157,user_008,2,view_laptop
sess_00157,user_008,3,purchase_laptop
sess_00157,user_008,4,purchase_headphones
sess_00157,user_008,5,open_purchases
sess_00158,user_009,0,open_orders
sess_00158,user_009,1,create_order
sess_00158,user_009,2,generate_invoice
sess_00158,user_009,3,confirm_payment
sess_00159,user_010,0,open_quotations
sess_00159,user_010,1,create_quotation
sess_00159,user_010,2,add_product
sess_00159,user_010,3,set_discount
sess_00159,user_010,4,save_quotation
sess_00159,user_010,5,send_quotation
sess_00159,user_010,6,create_order
sess_00160,user_011,0,view_customer
sess_00160,user_011,1,view_customer_quotations
sess_00160,user_011,2,create_quotation
sess_00161,user_012,0,view_monitor
sess_00161,user_012,1,purchase_monitor
sess_00161,user_012,2,purchase_headphones
sess_00162,user_013,0,open_products
sess_00162,user_013,1,search_laptop
sess_00162,user_013,2,view_laptop
sess_00162,user_013,3,purchase_laptop
sess_00162,user_013,4,purchase_mouse
sess_00162,user_013,5,open_purchases
sess_00163,user_014,0,open_products
sess_00163,user_014,1,search_laptop
sess_00163,user_014,2,view_laptop
sess_00163,user_014,3,purchase_laptop
sess_00163,user_014,4,purchase_headphones
sess_00163,user_014,5,open_purchases
sess_00164,user_015,0,open_products
sess_00164,user_015,1,search_monitor
sess_00164,user_015,2,view_monitor
sess_00164,user_015,3,purchase_monitor
sess_00164,user_015,4,purchase_keyboard
sess_00165,user_016,0,create_quotation
sess_00165,user_016,1,add_product
sess_00165,user_016,2,set_discount
sess_00165,user_016,3,save_quotation
sess_00165,user_016,4,send_quotation
sess_00166,user_017,0,create_quotation
sess_00166,user_017,1,add_product
sess_00166,user_017,2,set_discount
sess_00166,user_017,3,save_quotation
sess_00166,user_017,4,open_quotations
sess_00167,user_018,0,view_phone
sess_00167,user_018,1,purchase_phone
sess_00167,user_018,2,purchase_warranty
sess_00168,user_019,0,open_products
sess_00168,user_019,1,search_laptop
sess_00168,user_019,2,view_laptop
sess_00168,user_019,3,purchase_laptop
sess_00168,user_019,4,purchase_headphones
sess_00169,user_020,0,open_products
sess_00169,user_020,1,search_monitor
sess_00169,user_020,2,view_monitor
sess_00169,user_020,3,purchase_monitor
sess_00169,user_020,4,purchase_keyboard
sess_00170,user_021,0,create_quotation
sess_00170,user_021,1,add_product
sess_00170,user_021,2,save_quotation
sess_00170,user_021,3,send_quotation
sess_00170,user_021,4,create_order
sess_00171,user_022,0,open_products
sess_00171,user_022,1,search_laptop
sess_00171,user_022,2,view_laptop
sess_00171,user_022,3,purchase_laptop
sess_00171,user_022,4,purchase_headphones
sess_00171,user_022,5,open_purchases
sess_00172,user_023,0,open_products
sess_00172,user_023,1,search_laptop
sess_00172,user_023,2,view_laptop
sess_00172,user_023,3,purchase_laptop
sess_00172,user_023,4,purchase_warranty
sess_00173,user_024,0,view_monitor
sess_00173,user_024,1,purchase_monitor
sess_00173,user_024,2,purchase_headphones
sess_00174,user_025,0,open_quotations
sess_00174,user_025,1,create_quotation
sess_00174,user_025,2,add_product
sess_00174,user_025,3,set_discount
sess_00174,user_025,4,save_quotation
sess_00174,user_025,5,send_quotation
sess_00174,user_025,6,create_order
sess_00175,user_026,0,create_quotation
sess_00175,user_026,1,add_product
sess_00175,user_026,2,set_discount
sess_00175,user_026,3,save_quotation
sess_00175,user_026,4,send_quotation
sess_00175,user_026,5,create_order
sess_00176,user_027,0,open_products
sess_00176,user_027,1,search_phone
sess_00176,user_027,2,view_phone
sess_00176,user_027,3,purchase_phone
sess_00176,user_027,4,purchase_phone_case
sess_00176,user_027,5,open_purchases
sess_00177,user_028,0,create_quotation
sess_00177,user_028,1,add_product
sess_00177,user_028,2,set_discount
sess_00177,user_028,3,save_quotation
sess_00177,user_028,4,send_quotation
sess_00177,user_028,5,create_order
sess_00178,user_029,0,create_order
sess_00178,user_029,1,generate_invoice
sess_00178,user_029,2,confirm_payment
sess_00179,user_030,0,open_products
sess_00179,user_030,1,search_phone
sess_00179,user_030,2,view_phone
sess_00179,user_030,3,purchase_phone
sess_00179,user_030,4,purchase_warranty
sess_00179,user_030,5,open_purchases
sess_00180,user_031,0,view_monitor
sess_00180,user_031,1,purchase_monitor
sess_00180,user_031,2,purchase_mouse
sess_00181,user_032,0,open_products
sess_00181,user_032,1,search_monitor
sess_00181,user_032,2,view_monitor
sess_00181,user_032,3,purchase_monitor
sess_00181,user_032,4,purchase_keyboard
sess_00182,user_033,0,view_phone
sess_00182,user_033,1,purchase_phone
sess_00182,user_033,2,purchase_headphones
sess_00182,user_033,3,open_purchases
sess_00183,user_034,0,view_monitor
sess_00183,user_034,1,purchase_monitor
sess_00183,user_034,2,purchase_keyboard
sess_00184,user_035,0,open_quotations
sess_00184,user_035,1,create_quotation
sess_00184,user_035,2,add_product
sess_00184,user_035,3,save_quotation
sess_00184,user_035,4,send_quotation
sess_00184,user_035,5,create_order
sess_00185,user_036,0,view_laptop
sess_00185,user_036,1,purchase_laptop
sess_00185,user_036,2,purchase_headphones
sess_00186,user_037,0,open_customers
sess_00186,user_037,1,view_customer
sess_00186,user_037,2,view_customer_quotations
sess_00187,user_038,0,view_phone
sess_00187,user_038,1,purchase_phone
sess_00187,user_038,2,purchase_phone_case
sess_00188,user_039,0,open_orders
sess_00188,user_039,1,create_order
sess_00188,user_039,2,generate_invoice
sess_00188,user_039,3,confirm_payment
sess_00189,user_040,0,create_order
sess_00189,user_040,1,assign_delivery
sess_00190,user_041,0,open_customers
sess_00190,user_041,1,view_customer
sess_00190,user_041,2,view_customer_orders
sess_00191,user_042,0,view_phone
sess_00191,user_042,1,purchase_phone
sess_00191,user_042,2,purchase_headphones
sess_00191,user_042,3,open_purchases
sess_00192,user_043,0,login
sess_00192,user_043,1,open_products
sess_00192,user_043,2,search_phone
sess_00192,user_043,3,view_phone
sess_00192,user_043,4,purchase_phone
sess_00192,user_043,5,purchase_phone_case
sess_00192,user_043,6,open_purchases
sess_00193,user_044,0,open_products
sess_00193,user_044,1,search_monitor
sess_00193,user_044,2,view_monitor
sess_00193,user_044,3,purchase_monitor
sess_00193,user_044,4,purchase_keyboard
sess_00194,user_045,0,open_products
sess_00194,user_045,1,search_monitor
sess_00194,user_045,2,view_monitor
sess_00194,user_045,3,purchase_monitor
sess_00194,user_045,4,purchase_keyboard
sess_00195,user_046,0,view_laptop
sess_00195,user_046,1,purchase_laptop
sess_00195,user_046,2,purchase_headphones
sess_00196,user_047,0,view_laptop
sess_00196,user_047,1,purchase_laptop
sess_00196,user_047,2,purchase_mouse
sess_00196,user_047,3,open_purchases
sess_00197,user_048,0,create_quotation
sess_00197,user_048,1,add_product
sess_00197,user_048,2,save_quotation
sess_00197,user_048,3,send_quotation
sess_00197,user_048,4,create_order
sess_00198,user_049,0,view_monitor
sess_00198,user_049,1,purchase_monitor
sess_00198,user_049,2,purchase_headphones
sess_00199,user_050,0,open_customers
sess_00199,user_050,1,view_customer
sess_00199,user_050,2,view_customer_quotations
sess_00199,user_050,3,create_quotation
sess_00200,user_051,0,open_quotations
sess_00200,user_051,1,create_quotation
sess_00200,user_051,2,add_product
sess_00200,user_051,3,set_discount
sess_00200,user_051,4,save_quotation
sess_00200,user_051,5,send_quotation
sess_00200,user_051,6,create_order
sess_00201,user_052,0,open_orders
sess_00201,user_052,1,create_order
sess_00201,user_052,2,generate_invoice
sess_00201,user_052,3,confirm_payment
sess_00202,user_053,0,view_customer
sess_00202,user_053,1,view_customer_orders
sess_00203,user_054,0,open_products
sess_00203,user_054,1,search_phone
sess_00203,user_054,2,view_phone
sess_00203,user_054,3,purchase_phone
sess_00203,user_054,4,purchase_headphones
sess_00204,user_055,0,open_customers
sess_00204,user_055,1,view_customer
sess_00204,user_055,2,view_customer_quotations
sess_00204,user_055,3,create_quotation
sess_00205,user_056,0,create_order
sess_00205,user_056,1,generate_invoice
sess_00205,user_056,2,confirm_payment
sess_00206,user_057,0,login
sess_00206,user_057,1,open_products
sess_00206,user_057,2,search_laptop
sess_00206,user_057,3,view_laptop
sess_00206,user_057,4,purchase_laptop
sess_00206,user_057,5,purchase_headphones
sess_00206,user_057,6,open_purchases
sess_00207,user_058,0,open_customers
sess_00207,user_058,1,view_customer
sess_00207,user_058,2,view_customer_orders
sess_00208,user_059,0,open_products
sess_00208,user_059,1,search_phone
sess_00208,user_059,2,view_phone
sess_00208,user_059,3,purchase_phone
sess_00208,user_059,4,purchase_phone_case
sess_00208,user_059,5,open_purchases
sess_00209,user_060,0,view_monitor
sess_00209,user_060,1,purchase_monitor
sess_00209,user_060,2,purchase_keyboard
sess_00210,user_061,0,view_laptop
sess_00210,user_061,1,purchase_laptop
sess_00210,user_061,2,purchase_headphones
sess_00211,user_062,0,open_products
sess_00211,user_062,1,search_laptop
sess_00211,user_062,2,view_laptop
sess_00211,user_062,3,purchase_laptop
sess_00211,user_062,4,purchase_headphones
sess_00211,user_062,5,open_purchases
sess_00212,user_063,0,login
sess_00212,user_063,1,open_products
sess_00212,user_063,2,search_laptop
sess_00212,user_063,3,view_laptop
sess_00212,user_063,4,purchase_laptop
sess_00212,user_063,5,purchase_mouse
sess_00212,user_063,6,open_purchases
sess_00213,user_064,0,open_products
sess_00213,user_064,1,search_phone
sess_00213,user_064,2,view_phone
sess_00213,user_064,3,purchase_phone
sess_00213,user_064,4,purchase_phone_case
sess_00213,user_064,5,open_purchases
sess_00214,user_065,0,open_products
sess_00214,user_065,1,search_phone
sess_00214,user_065,2,view_phone
sess_00214,user_065,3,purchase_phone
sess_00214,user_065,4,purchase_headphones
sess_00214,user_065,5,open_purchases
sess_00215,user_066,0,open_products
sess_00215,user_066,1,search_phone
sess_00215,user_066,2,view_phone
sess_00215,user_066,3,purchase_phone
sess_00215,user_066,4,purchase_phone_case
sess_00215,user_066,5,open_purchases
sess_00216,user_067,0,view_monitor
sess_00216,user_067,1,purchase_monitor
sess_00216,user_067,2,purchase_keyboard
sess_00217,user_068,0,create_order
sess_00217,user_068,1,generate_invoice
sess_00217,user_068,2,confirm_payment
sess_00218,user_069,0,create_quotation
sess_00218,user_069,1,add_product
sess_00218,user_069,2,set_discount
sess_00218,user_069,3,save_quotation
sess_00218,user_069,4,send_quotation
sess_00218,user_069,5,create_order
sess_00219,user_070,0,open_customers
sess_00219,user_070,1,view_customer
sess_00219,user_070,2,view_customer_orders
sess_00220,user_071,0,open_products
sess_00220,user_071,1,search_monitor
sess_00220,user_071,2,view_monitor
sess_00220,user_071,3,purchase_monitor
sess_00220,user_071,4,purchase_mouse
sess_00221,user_072,0,create_quotation
sess_00221,user_072,1,add_product
sess_00221,user_072,2,save_quotation
sess_00221,user_072,3,send_quotation
sess_00222,user_073,0,create_quotation
sess_00222,user_073,1,add_product
sess_00222,user_073,2,set_discount
sess_00222,user_073,3,save_quotation
sess_00222,user_073,4,send_quotation
sess_00222,user_073,5,create_order
sess_00223,user_074,0,view_monitor
sess_00223,user_074,1,purchase_monitor
sess_00223,user_074,2,purchase_keyboard
sess_00224,user_075,0,view_phone
sess_00224,user_075,1,purchase_phone
sess_00224,user_075,2,purchase_phone_case
sess_00224,user_075,3,open_purchases
sess_00225,user_076,0,create_order
sess_00225,user_076,1,assign_delivery
sess_00226,user_077,0,open_customers
sess_00226,user_077,1,view_customer
sess_00226,user_077,2,view_customer_orders
sess_00227,user_078,0,view_phone
sess_00227,user_078,1,purchase_phone
sess_00227,user_078,2,purchase_phone_case
sess_00227,user_078,3,open_purchases
sess_00228,user_079,0,open_orders
sess_00228,user_079,1,create_order
sess_00228,user_079,2,assign_delivery
sess_00229,user_080,0,view_customer
sess_00229,user_080,1,update_customer
sess_00230,user_081,0,create_order
sess_00230,user_081,1,generate_invoice
sess_00230,user_081,2,confirm_payment
sess_00231,user_082,0,view_laptop
sess_00231,user_082,1,purchase_laptop
sess_00231,user_082,2,purchase_mouse
sess_00231,user_082,3,open_purchases
sess_00232,user_083,0,view_monitor
sess_00232,user_083,1,purchase_monitor
sess_00232,user_083,2,purchase_headphones
sess_00233,user_084,0,open_products
sess_00233,user_084,1,search_laptop
sess_00233,user_084,2,view_laptop
sess_00233,user_084,3,purchase_laptop
sess_00233,user_084,4,purchase_headphones
sess_00234,user_085,0,view_monitor
sess_00234,user_085,1,purchase_monitor
sess_00234,user_085,2,purchase_keyboard
sess_00235,user_086,0,login
sess_00235,user_086,1,open_products
sess_00235,user_086,2,search_laptop
sess_00235,user_086,3,view_laptop
sess_00235,user_086,4,purchase_laptop
sess_00235,user_086,5,purchase_headphones
sess_00235,user_086,6,open_purchases
sess_00236,user_087,0,view_laptop
sess_00236,user_087,1,purchase_laptop
sess_00236,user_087,2,purchase_headphones
sess_00236,user_087,3,open_purchases
sess_00237,user_088,0,open_customers
sess_00237,user_088,1,view_customer
sess_00237,user_088,2,view_customer_quotations
sess_00238,user_089,0,create_quotation
sess_00238,user_089,1,add_product
sess_00238,user_089,2,set_discount
sess_00238,user_089,3,save_quotation
sess_00238,user_089,4,send_quotation
sess_00238,user_089,5,create_order
sess_00239,user_090,0,open_products
sess_00239,user_090,1,search_phone
sess_00239,user_090,2,view_phone
sess_00239,user_090,3,purchase_phone
sess_00239,user_090,4,purchase_phone_case
sess_00239,user_090,5,open_purchases
sess_00240,user_091,0,open_orders
sess_00240,user_091,1,create_order
sess_00240,user_091,2,generate_invoice
sess_00240,user_091,3,confirm_payment
sess_00241,user_092,0,create_order
sess_00241,user_092,1,generate_invoice
sess_00241,user_092,2,confirm_payment
sess_00242,user_093,0,view_monitor
sess_00242,user_093,1,purchase_monitor
sess_00242,user_093,2,purchase_keyboard
sess_00243,user_094,0,open_products
sess_00243,user_094,1,search_phone
sess_00243,user_094,2,view_phone
sess_00243,user_094,3,purchase_phone
sess_00243,user_094,4,purchase_phone_case
sess_00244,user_095,0,view_phone
sess_00244,user_095,1,purchase_phone
sess_00244,user_095,2,purchase_phone_case
sess_00244,user_095,3,open_purchases
sess_00245,user_096,0,open_quotations
sess_00245,user_096,1,create_quotation
sess_00245,user_096,2,add_product
sess_00245,user_096,3,set_discount
sess_00245,user_096,4,save_quotation
sess_00245,user_096,5,send_quotation
sess_00245,user_096,6,create_order
sess_00246,user_097,0,open_quotations
sess_00246,user_097,1,create_quotation
sess_00246,user_097,2,add_product
sess_00246,user_097,3,set_discount
sess_00246,user_097,4,save_quotation
sess_00246,user_097,5,open_quotations
sess_00247,user_098,0,open_products
sess_00247,user_098,1,search_phone
sess_00247,user_098,2,view_phone
sess_00247,user_098,3,purchase_phone
sess_00247,user_098,4,purchase_warranty
sess_00247,user_098,5,open_purchases
sess_00248,user_099,0,open_customers
sess_00248,user_099,1,view_customer
sess_00248,user_099,2,view_customer_quotations
sess_00248,user_099,3,create_quotation
sess_00249,user_100,0,view_laptop
sess_00249,user_100,1,purchase_laptop
sess_00249,user_100,2,purchase_headphones
sess_00250,user_101,0,open_products
sess_00250,user_101,1,search_laptop
sess_00250,user_101,2,view_laptop
sess_00250,user_101,3,purchase_laptop
sess_00250,user_101,4,purchase_headphones
sess_00250,user_101,5,open_purchases
sess_00251,user_102,0,create_quotation
sess_00251,user_102,1,add_product
sess_00251,user_102,2,save_quotation
sess_00251,user_102,3,send_quotation
sess_00252,user_103,0,open_products
sess_00252,user_103,1,search_monitor
sess_00252,user_103,2,view_monitor
sess_00252,user_103,3,purchase_monitor
sess_00252,user_103,4,purchase_keyboard
sess_00253,user_104,0,open_orders
sess_00253,user_104,1,create_order
sess_00253,user_104,2,assign_delivery
sess_00254,user_105,0,view_customer
sess_00254,user_105,1,view_customer_quotations
sess_00255,user_106,0,open_products
sess_00255,user_106,1,search_laptop
sess_00255,user_106,2,view_laptop
sess_00255,user_106,3,purchase_laptop
sess_00255,user_106,4,purchase_headphones
sess_00255,user_106,5,open_purchases
sess_00256,user_107,0,view_phone
sess_00256,user_107,1,purchase_phone
sess_00256,user_107,2,purchase_phone_case
sess_00256,user_107,3,open_purchases
sess_00257,user_108,0,open_products
sess_00257,user_108,1,search_laptop
sess_00257,user_108,2,view_laptop
sess_00257,user_108,3,purchase_laptop
sess_00257,user_108,4,purchase_headphones
sess_00257,user_108,5,open_purchases
sess_00258,user_109,0,view_phone
sess_00258,user_109,1,purchase_phone
sess_00258,user_109,2,purchase_phone_case
sess_00258,user_109,3,open_purchases
sess_00259,user_110,0,login
sess_00259,user_110,1,open_products
sess_00259,user_110,2,search_laptop
sess_00259,user_110,3,view_laptop
sess_00259,user_110,4,purchase_laptop
sess_00259,user_110,5,purchase_mouse
sess_00260,user_111,0,open_quotations
sess_00260,user_111,1,create_quotation
sess_00260,user_111,2,add_product
sess_00260,user_111,3,set_discount
sess_00260,user_111,4,save_quotation
sess_00260,user_111,5,send_quotation
sess_00260,user_111,6,create_order
sess_00261,user_112,0,open_products
sess_00261,user_112,1,search_phone
sess_00261,user_112,2,view_phone
sess_00261,user_112,3,purchase_phone
sess_00261,user_112,4,purchase_phone_case
sess_00261,user_112,5,open_purchases
sess_00262,user_113,0,open_quotations
sess_00262,user_113,1,create_quotation
sess_00262,user_113,2,add_product
sess_00262,user_113,3,set_discount
sess_00262,user_113,4,save_quotation
sess_00262,user_113,5,open_quotations
sess_00263,user_114,0,view_laptop
sess_00263,user_114,1,purchase_laptop
sess_00263,user_114,2,purchase_headphones
sess_00264,user_115,0,create_quotation
sess_00264,user_115,1,add_product
sess_00264,user_115,2,set_discount
sess_00264,user_115,3,save_quotation
sess_00264,user_115,4,send_quotation
sess_00264,user_115,5,create_order
sess_00265,user_116,0,open_products
sess_00265,user_116,1,search_laptop
sess_00265,user_116,2,view_laptop
sess_00265,user_116,3,purchase_laptop
sess_00265,user_116,4,purchase_mouse
sess_00266,user_117,0,view_customer
sess_00266,user_117,1,update_customer
sess_00267,user_118,0,open_products
sess_00267,user_118,1,search_monitor
sess_00267,user_118,2,view_monitor
sess_00267,user_118,3,purchase_monitor
sess_00267,user_118,4,purchase_keyboard
sess_00268,user_119,0,view_laptop
sess_00268,user_119,1,purchase_laptop
sess_00268,user_119,2,purchase_headphones
sess_00269,user_120,0,view_phone
sess_00269,user_120,1,purchase_phone
sess_00269,user_120,2,purchase_headphones
sess_00270,user_121,0,create_order
sess_00270,user_121,1,generate_invoice
sess_00270,user_121,2,confirm_payment
sess_00271,user_122,0,login
sess_00271,user_122,1,open_products
sess_00271,user_122,2,search_laptop
sess_00271,user_122,3,view_laptop
sess_00271,user_122,4,purchase_laptop
sess_00271,user_122,5,purchase_headphones
sess_00271,user_122,6,open_purchases
sess_00272,user_123,0,open_quotations
sess_00272,user_123,1,create_quotation
sess_00272,user_123,2,add_product
sess_00272,user_123,3,set_discount
sess_00272,user_123,4,save_quotation
sess_00272,user_123,5,send_quotation
sess_00273,user_124,0,open_products
sess_00273,user_124,1,search_monitor
sess_00273,user_124,2,view_monitor
sess_00273,user_124,3,purchase_monitor
sess_00273,user_124,4,purchase_keyboard
sess_00274,user_125,0,open_quotations
sess_00274,user_125,1,create_quotation
sess_00274,user_125,2,add_product
sess_00274,user_125,3,save_quotation
sess_00274,user_125,4,send_quotation
sess_00274,user_125,5,create_order
sess_00275,user_126,0,open_products
sess_00275,user_126,1,search_phone
sess_00275,user_126,2,view_phone
sess_00275,user_126,3,purchase_phone
sess_00275,user_126,4,purchase_headphones
sess_00276,user_127,0,open_products
sess_00276,user_127,1,search_monitor
sess_00276,user_127,2,view_monitor
sess_00276,user_127,3,purchase_monitor
sess_00276,user_127,4,purchase_keyboard
sess_00277,user_128,0,view_laptop
sess_00277,user_128,1,purchase_laptop
sess_00277,user_128,2,purchase_headphones
sess_00277,user_128,3,open_purchases
sess_00278,user_129,0,open_products
sess_00278,user_129,1,search_phone
sess_00278,user_129,2,view_phone
sess_00278,user_129,3,purchase_phone
sess_00278,user_129,4,purchase_phone_case
sess_00279,user_130,0,open_products
sess_00279,user_130,1,search_laptop
sess_00279,user_130,2,view_laptop
sess_00279,user_130,3,purchase_laptop
sess_00279,user_130,4,purchase_headphones
sess_00279,user_130,5,open_purchases
sess_00280,user_131,0,view_phone
sess_00280,user_131,1,purchase_phone
sess_00280,user_131,2,purchase_phone_case
sess_00280,user_131,3,open_purchases
sess_00281,user_132,0,open_products
sess_00281,user_132,1,search_laptop
sess_00281,user_132,2,view_laptop
sess_00281,user_132,3,purchase_laptop
sess_00281,user_132,4,purchase_headphones
sess_00281,user_132,5,open_purchases
sess_00282,user_133,0,open_products
sess_00282,user_133,1,search_laptop
sess_00282,user_133,2,view_laptop
sess_00282,user_133,3,purchase_laptop
sess_00282,user_133,4,purchase_headphones
sess_00283,user_134,0,open_products
sess_00283,user_134,1,search_laptop
sess_00283,user_134,2,view_laptop
sess_00283,user_134,3,purchase_laptop
sess_00283,user_134,4,purchase_mouse
sess_00283,user_134,5,open_purchases
sess_00284,user_135,0,view_customer
sess_00284,user_135,1,view_customer_quotations
sess_00285,user_136,0,open_products
sess_00285,user_136,1,search_laptop
sess_00285,user_136,2,view_laptop
sess_00285,user_136,3,purchase_laptop
sess_00285,user_136,4,purchase_laptop_bag
sess_00286,user_137,0,view_monitor
sess_00286,user_137,1,purchase_monitor
sess_00286,user_137,2,purchase_mouse
sess_00287,user_138,0,open_products
sess_00287,user_138,1,search_phone
sess_00287,user_138,2,view_phone
sess_00287,user_138,3,purchase_phone
sess_00287,user_138,4,purchase_phone_case
sess_00287,user_138,5,open_purchases
sess_00288,user_139,0,create_quotation
sess_00288,user_139,1,add_product
sess_00288,user_139,2,save_quotation
sess_00288,user_139,3,open_quotations
sess_00289,user_140,0,view_laptop
sess_00289,user_140,1,purchase_laptop
sess_00289,user_140,2,purchase_headphones
sess_00289,user_140,3,open_purchases
sess_00290,user_141,0,open_products
sess_00290,user_141,1,search_phone
sess_00290,user_141,2,view_phone
sess_00290,user_141,3,purchase_phone
sess_00290,user_141,4,purchase_phone_case
sess_00290,user_141,5,open_purchases
sess_00291,user_142,0,view_laptop
sess_00291,user_142,1,purchase_laptop
sess_00291,user_142,2,purchase_headphones
sess_00292,user_143,0,login
sess_00292,user_143,1,open_products
sess_00292,user_143,2,search_phone
sess_00292,user_143,3,view_phone
sess_00292,user_143,4,purchase_phone
sess_00292,user_143,5,purchase_headphones
sess_00292,user_143,6,open_purchases
sess_00293,user_144,0,open_products
sess_00293,user_144,1,search_laptop
sess_00293,user_144,2,view_laptop
sess_00293,user_144,3,purchase_laptop
sess_00293,user_144,4,purchase_headphones
sess_00294,user_145,0,open_quotations
sess_00294,user_145,1,create_quotation
sess_00294,user_145,2,add_product
sess_00294,user_145,3,save_quotation
sess_00294,user_145,4,send_quotation
sess_00295,user_146,0,open_quotations
sess_00295,user_146,1,create_quotation
sess_00295,user_146,2,add_product
sess_00295,user_146,3,save_quotation
sess_00295,user_146,4,send_quotation
sess_00295,user_146,5,create_order
sess_00296,user_147,0,create_quotation
sess_00296,user_147,1,add_product
sess_00296,user_147,2,set_discount
sess_00296,user_147,3,save_quotation
sess_00296,user_147,4,send_quotation
sess_00296,user_147,5,create_order
sess_00297,user_148,0,open_products
sess_00297,user_148,1,search_phone
sess_00297,user_148,2,view_phone
sess_00297,user_148,3,purchase_phone
sess_00297,user_148,4,purchase_phone_case
sess_00297,user_148,5,open_purchases
sess_00298,user_149,0,open_products
sess_00298,user_149,1,search_monitor
sess_00298,user_149,2,view_monitor
sess_00298,user_149,3,purchase_monitor
sess_00298,user_149,4,purchase_keyboard
sess_00299,user_150,0,view_laptop
sess_00299,user_150,1,purchase_laptop
sess_00299,user_150,2,purchase_laptop_bag
sess_00300,user_001,0,view_monitor
sess_00300,user_001,1,purchase_monitor
sess_00300,user_001,2,purchase_keyboard
sess_00301,user_002,0,view_monitor
sess_00301,user_002,1,purchase_monitor
sess_00301,user_002,2,purchase_headphones
sess_00302,user_003,0,view_phone
sess_00302,user_003,1,purchase_phone
sess_00302,user_003,2,purchase_phone_case
sess_00302,user_003,3,open_purchases
sess_00303,user_004,0,open_products
sess_00303,user_004,1,search_laptop
sess_00303,user_004,2,view_laptop
sess_00303,user_004,3,purchase_laptop
sess_00303,user_004,4,purchase_headphones
sess_00304,user_005,0,view_phone
sess_00304,user_005,1,purchase_phone
sess_00304,user_005,2,purchase_phone_case
sess_00304,user_005,3,open_purchases
sess_00305,user_006,0,open_products
sess_00305,user_006,1,search_phone
sess_00305,user_006,2,view_phone
sess_00305,user_006,3,purchase_phone
sess_00305,user_006,4,purchase_phone_case
sess_00305,user_006,5,open_purchases
sess_00306,user_007,0,open_products
sess_00306,user_007,1,search_phone
sess_00306,user_007,2,view_phone
sess_00306,user_007,3,purchase_phone
sess_00306,user_007,4,purchase_phone_case
sess_00306,user_007,5,open_purchases
sess_00307,user_008,0,view_monitor
sess_00307,user_008,1,purchase_monitor
sess_00307,user_008,2,purchase_mouse
sess_00308,user_009,0,open_products
sess_00308,user_009,1,search_laptop
sess_00308,user_009,2,view_laptop
sess_00308,user_009,3,purchase_laptop
sess_00308,user_009,4,purchase_mouse
sess_00308,user_009,5,open_purchases
sess_00309,user_010,0,create_quotation
sess_00309,user_010,1,add_product
sess_00309,user_010,2,save_quotation
sess_00309,user_010,3,open_quotations
sess_00310,user_011,0,view_phone
sess_00310,user_011,1,purchase_phone
sess_00310,user_011,2,purchase_phone_case
sess_00311,user_012,0,open_quotations
sess_00311,user_012,1,create_quotation
sess_00311,user_012,2,add_product
sess_00311,user_012,3,set_discount
sess_00311,user_012,4,save_quotation
sess_00311,user_012,5,open_quotations
sess_00312,user_013,0,open_products
sess_00312,user_013,1,search_phone
sess_00312,user_013,2,view_phone
sess_00312,user_013,3,purchase_phone
sess_00312,user_013,4,purchase_headphones
sess_00313,user_014,0,create_quotation
sess_00313,user_014,1,add_product
sess_00313,user_014,2,save_quotation
sess_00313,user_014,3,send_quotation
sess_00313,user_014,4,create_order
sess_00314,user_015,0,open_quotations
sess_00314,user_015,1,create_quotation
sess_00314,user_015,2,add_product
sess_00314,user_015,3,set_discount
sess_00314,user_015,4,save_quotation
sess_00314,user_015,5,send_quotation
sess_00314,user_015,6,create_order
sess_00315,user_016,0,view_laptop
sess_00315,user_016,1,purchase_laptop
sess_00315,user_016,2,purchase_headphones
sess_00315,user_016,3,open_purchases
sess_00316,user_017,0,view_laptop
sess_00316,user_017,1,purchase_laptop
sess_00316,user_017,2,purchase_mouse
sess_00317,user_018,0,open_customers
sess_00317,user_018,1,view_customer
sess_00317,user_018,2,view_customer_quotations
sess_00318,user_019,0,open_products
sess_00318,user_019,1,search_laptop
sess_00318,user_019,2,view_laptop
sess_00318,user_019,3,purchase_laptop
sess_00318,user_019,4,purchase_headphones
sess_00319,user_020,0,create_quotation
sess_00319,user_020,1,add_product
sess_00319,user_020,2,set_discount
sess_00319,user_020,3,save_quotation
sess_00319,user_020,4,send_quotation
sess_00319,user_020,5,create_order
sess_00320,user_021,0,open_quotations
sess_00320,user_021,1,create_quotation
sess_00320,user_021,2,add_product
sess_00320,user_021,3,set_discount
sess_00320,user_021,4,save_quotation
sess_00320,user_021,5,send_quotation
sess_00321,user_022,0,view_phone
sess_00321,user_022,1,purchase_phone
sess_00321,user_022,2,purchase_headphones
sess_00321,user_022,3,open_purchases
sess_00322,user_023,0,open_customers
sess_00322,user_023,1,view_customer
sess_00322,user_023,2,update_customer
sess_00323,user_024,0,open_orders
sess_00323,user_024,1,create_order
sess_00323,user_024,2,generate_invoice
sess_00323,user_024,3,confirm_payment
sess_00324,user_025,0,view_monitor
sess_00324,user_025,1,purchase_monitor
sess_00324,user_025,2,purchase_mouse
sess_00325,user_026,0,open_quotations
sess_00325,user_026,1,create_quotation
sess_00325,user_026,2,add_product
sess_00325,user_026,3,set_discount
sess_00325,user_026,4,save_quotation
sess_00325,user_026,5,send_quotation
sess_00326,user_027,0,open_products
sess_00326,user_027,1,search_monitor
sess_00326,user_027,2,view_monitor
sess_00326,user_027,3,purchase_monitor
sess_00326,user_027,4,purchase_mouse
sess_00327,user_028,0,open_customers
sess_00327,user_028,1,view_customer
sess_00327,user_028,2,view_customer_orders
sess_00328,user_029,0,view_laptop
sess_00328,user_029,1,purchase_laptop
sess_00328,user_029,2,purchase_headphones
sess_00329,user_030,0,open_products
sess_00329,user_030,1,search_laptop
sess_00329,user_030,2,view_laptop
sess_00329,user_030,3,purchase_laptop
sess_00329,user_030,4,purchase_headphones
sess_00329,user_030,5,open_purchases
sess_00330,user_031,0,view_laptop
sess_00330,user_031,1,purchase_laptop
sess_00330,user_031,2,purchase_warranty
sess_00330,user_031,3,open_purchases
sess_00331,user_032,0,login
sess_00331,user_032,1,open_products
sess_00331,user_032,2,search_laptop
sess_00331,user_032,3,view_laptop
sess_00331,user_032,4,purchase_laptop
sess_00331,user_032,5,purchase_mouse
sess_00332,user_033,0,open_products
sess_00332,user_033,1,search_laptop
sess_00332,user_033,2,view_laptop
sess_00332,user_033,3,purchase_laptop
sess_00332,user_033,4,purchase_mouse
sess_00332,user_033,5,open_purchases
sess_00333,user_034,0,view_laptop
sess_00333,user_034,1,purchase_laptop
sess_00333,user_034,2,purchase_headphones
sess_00333,user_034,3,open_purchases
sess_00334,user_035,0,view_laptop
sess_00334,user_035,1,purchase_laptop
sess_00334,user_035,2,purchase_mouse
sess_00334,user_035,3,open_purchases
sess_00335,user_036,0,open_products
sess_00335,user_036,1,search_laptop
sess_00335,user_036,2,view_laptop
sess_00335,user_036,3,purchase_laptop
sess_00335,user_036,4,purchase_headphones
sess_00335,user_036,5,open_purchases
sess_00336,user_037,0,view_phone
sess_00336,user_037,1,purchase_phone
sess_00336,user_037,2,purchase_phone_case
sess_00337,user_038,0,open_products
sess_00337,user_038,1,search_monitor
sess_00337,user_038,2,view_monitor
sess_00337,user_038,3,purchase_monitor
sess_00337,user_038,4,purchase_keyboard
sess_00338,user_039,0,open_products
sess_00338,user_039,1,search_laptop
sess_00338,user_039,2,view_laptop
sess_00338,user_039,3,purchase_laptop
sess_00338,user_039,4,purchase_headphones
sess_00338,user_039,5,open_purchases
sess_00339,user_040,0,open_products
sess_00339,user_040,1,search_laptop
sess_00339,user_040,2,view_laptop
sess_00339,user_040,3,purchase_laptop
sess_00339,user_040,4,purchase_mouse
sess_00339,user_040,5,open_purchases
sess_00340,user_041,0,open_orders
sess_00340,user_041,1,create_order
sess_00340,user_041,2,generate_invoice
sess_00340,user_041,3,confirm_payment
sess_00341,user_042,0,create_order
sess_00341,user_042,1,generate_invoice
sess_00341,user_042,2,confirm_payment
sess_00342,user_043,0,create_quotation
sess_00342,user_043,1,add_product
sess_00342,user_043,2,set_discount
sess_00342,user_043,3,save_quotation
sess_00342,user_043,4,send_quotation
sess_00343,user_044,0,view_phone
sess_00343,user_044,1,purchase_phone
sess_00343,user_044,2,purchase_headphones
sess_00344,user_045,0,open_products
sess_00344,user_045,1,search_phone
sess_00344,user_045,2,view_phone
sess_00344,user_045,3,purchase_phone
sess_00344,user_045,4,purchase_phone_case
sess_00345,user_046,0,view_laptop
sess_00345,user_046,1,purchase_laptop
sess_00345,user_046,2,purchase_mouse
sess_00345,user_046,3,open_purchases
sess_00346,user_047,0,open_quotations
sess_00346,user_047,1,create_quotation
sess_00346,user_047,2,add_product
sess_00346,user_047,3,save_quotation
sess_00346,user_047,4,send_quotation
sess_00346,user_047,5,create_order
sess_00347,user_048,0,open_products
sess_00347,user_048,1,search_laptop
sess_00347,user_048,2,view_laptop
sess_00347,user_048,3,purchase_laptop
sess_00347,user_048,4,purchase_headphones
sess_00348,user_049,0,view_monitor
sess_00348,user_049,1,purchase_monitor
sess_00348,user_049,2,purchase_keyboard
sess_00349,user_050,0,view_laptop
sess_00349,user_050,1,purchase_laptop
sess_00349,user_050,2,purchase_headphones
sess_00350,user_051,0,open_customers
sess_00350,user_051,1,view_customer
sess_00350,user_051,2,view_customer_quotations
sess_00350,user_051,3,create_quotation
sess_00351,user_052,0,view_customer
sess_00351,user_052,1,view_customer_orders
sess_00352,user_053,0,view_phone
sess_00352,user_053,1,purchase_phone
sess_00352,user_053,2,purchase_phone_case
sess_00353,user_054,0,view_monitor
sess_00353,user_054,1,purchase_monitor
sess_00353,user_054,2,purchase_mouse
sess_00354,user_055,0,login
sess_00354,user_055,1,open_products
sess_00354,user_055,2,search_laptop
sess_00354,user_055,3,view_laptop
sess_00354,user_055,4,purchase_laptop
sess_00354,user_055,5,purchase_headphones
sess_00354,user_055,6,open_purchases
sess_00355,user_056,0,view_laptop
sess_00355,user_056,1,purchase_laptop
sess_00355,user_056,2,purchase_headphones
sess_00355,user_056,3,open_purchases
sess_00356,user_057,0,open_quotations
sess_00356,user_057,1,create_quotation
sess_00356,user_057,2,add_product
sess_00356,user_057,3,set_discount
sess_00356,user_057,4,save_quotation
sess_00356,user_057,5,open_quotations
sess_00357,user_058,0,view_phone
sess_00357,user_058,1,purchase_phone
sess_00357,user_058,2,purchase_warranty
sess_00358,user_059,0,view_laptop
sess_00358,user_059,1,purchase_laptop
sess_00358,user_059,2,purchase_mouse
sess_00358,user_059,3,open_purchases
sess_00359,user_060,0,open_orders
sess_00359,user_060,1,create_order
sess_00359,user_060,2,generate_invoice
sess_00359,user_060,3,confirm_payment
sess_00360,user_061,0,open_products
sess_00360,user_061,1,search_laptop
sess_00360,user_061,2,view_laptop
sess_00360,user_061,3,purchase_laptop
sess_00360,user_061,4,purchase_mouse
sess_00360,user_061,5,open_purchases
sess_00361,user_062,0,view_phone
sess_00361,user_062,1,purchase_phone
sess_00361,user_062,2,purchase_phone_case
sess_00362,user_063,0,view_phone
sess_00362,user_063,1,purchase_phone
sess_00362,user_063,2,purchase_phone_case
sess_00362,user_063,3,open_purchases
sess_00363,user_064,0,open_quotations
sess_00363,user_064,1,create_quotation
sess_00363,user_064,2,add_product
sess_00363,user_064,3,set_discount
sess_00363,user_064,4,save_quotation
sess_00363,user_064,5,send_quotation
sess_00363,user_064,6,create_order
sess_00364,user_065,0,view_phone
sess_00364,user_065,1,purchase_phone
sess_00364,user_065,2,purchase_phone_case
sess_00364,user_065,3,open_purchases
sess_00365,user_066,0,open_orders
sess_00365,user_066,1,create_order
sess_00365,user_066,2,assign_delivery
sess_00366,user_067,0,open_products
sess_00366,user_067,1,search_phone
sess_00366,user_067,2,view_phone
sess_00366,user_067,3,purchase_phone
sess_00366,user_067,4,purchase_headphones
sess_00366,user_067,5,open_purchases
sess_00367,user_068,0,open_customers
sess_00367,user_068,1,view_customer
sess_00367,user_068,2,view_customer_quotations
sess_00368,user_069,0,open_customers
sess_00368,user_069,1,view_customer
sess_00368,user_069,2,view_customer_quotations
sess_00368,user_069,3,create_quotation
sess_00369,user_070,0,view_monitor
sess_00369,user_070,1,purchase_monitor
sess_00369,user_070,2,purchase_mouse
sess_00370,user_071,0,create_quotation
sess_00370,user_071,1,add_product
sess_00370,user_071,2,set_discount
sess_00370,user_071,3,save_quotation
sess_00370,user_071,4,send_quotation
sess_00370,user_071,5,create_order
sess_00371,user_072,0,open_products
sess_00371,user_072,1,search_laptop
sess_00371,user_072,2,view_laptop
sess_00371,user_072,3,purchase_laptop
sess_00371,user_072,4,purchase_headphones
sess_00372,user_073,0,view_laptop
sess_00372,user_073,1,purchase_laptop
sess_00372,user_073,2,purchase_mouse
sess_00372,user_073,3,open_purchases
sess_00373,user_074,0,open_products
sess_00373,user_074,1,search_monitor
sess_00373,user_074,2,view_monitor
sess_00373,user_074,3,purchase_monitor
sess_00373,user_074,4,purchase_keyboard
sess_00374,user_075,0,create_order
sess_00374,user_075,1,generate_invoice
sess_00374,user_075,2,confirm_payment
sess_00375,user_076,0,open_customers
sess_00375,user_076,1,view_customer
sess_00375,user_076,2,update_customer
sess_00376,user_077,0,open_quotations
sess_00376,user_077,1,create_quotation
sess_00376,user_077,2,add_product
sess_00376,user_077,3,set_discount
sess_00376,user_077,4,save_quotation
sess_00376,user_077,5,send_quotation
sess_00377,user_078,0,create_quotation
sess_00377,user_078,1,add_product
sess_00377,user_078,2,set_discount
sess_00377,user_078,3,save_quotation
sess_00377,user_078,4,open_quotations
sess_00378,user_079,0,view_phone
sess_00378,user_079,1,purchase_phone
sess_00378,user_079,2,purchase_phone_case
sess_00378,user_079,3,open_purchases
sess_00379,user_080,0,open_products
sess_00379,user_080,1,search_laptop
sess_00379,user_080,2,view_laptop
sess_00379,user_080,3,purchase_laptop
sess_00379,user_080,4,purchase_mouse
sess_00379,user_080,5,open_purchases
sess_00380,user_081,0,create_order
sess_00380,user_081,1,assign_delivery
sess_00381,user_082,0,view_laptop
sess_00381,user_082,1,purchase_laptop
sess_00381,user_082,2,purchase_headphones
sess_00381,user_082,3,open_purchases
sess_00382,user_083,0,view_monitor
sess_00382,user_083,1,purchase_monitor
sess_00382,user_083,2,purchase_keyboard
sess_00383,user_084,0,open_orders
sess_00383,user_084,1,create_order
sess_00383,user_084,2,generate_invoice
sess_00383,user_084,3,confirm_payment
sess_00384,user_085,0,view_monitor
sess_00384,user_085,1,purchase_monitor
sess_00384,user_085,2,purchase_keyboard
sess_00385,user_086,0,open_customers
sess_00385,user_086,1,view_customer
sess_00385,user_086,2,view_customer_quotations
sess_00385,user_086,3,create_quotation
sess_00386,user_087,0,view_monitor
sess_00386,user_087,1,purchase_monitor
sess_00386,user_087,2,purchase_mouse
sess_00387,user_088,0,view_phone
sess_00387,user_088,1,purchase_phone
sess_00387,user_088,2,purchase_phone_case
sess_00387,user_088,3,open_purchases
sess_00388,user_089,0,open_orders
sess_00388,user_089,1,create_order
sess_00388,user_089,2,assign_delivery
sess_00389,user_090,0,open_quotations
sess_00389,user_090,1,create_quotation
sess_00389,user_090,2,add_product
sess_00389,user_090,3,set_discount
sess_00389,user_090,4,save_quotation
sess_00389,user_090,5,send_quotation
sess_00389,user_090,6,create_order
sess_00390,user_091,0,open_products
sess_00390,user_091,1,search_phone
sess_00390,user_091,2,view_phone
sess_00390,user_091,3,purchase_phone
sess_00390,user_091,4,purchase_phone_case
sess_00390,user_091,5,open_purchases
sess_00391,user_092,0,create_quotation
sess_00391,user_092,1,add_product
sess_00391,user_092,2,save_quotation
sess_00391,user_092,3,open_quotations
sess_00392,user_093,0,open_products
sess_00392,user_093,1,search_laptop
sess_00392,user_093,2,view_laptop
sess_00392,user_093,3,purchase_laptop
sess_00392,user_093,4,purchase_headphones
sess_00392,user_093,5,open_purchases
sess_00393,user_094,0,open_products
sess_00393,user_094,1,search_phone
sess_00393,user_094,2,view_phone
sess_00393,user_094,3,purchase_phone
sess_00393,user_094,4,purchase_phone_case
sess_00393,user_094,5,open_purchases
sess_00394,user_095,0,open_products
sess_00394,user_095,1,search_phone
sess_00394,user_095,2,view_phone
sess_00394,user_095,3,purchase_phone
sess_00394,user_095,4,purchase_phone_case
sess_00394,user_095,5,open_purchases
sess_00395,user_096,0,open_customers
sess_00395,user_096,1,view_customer
sess_00395,user_096,2,view_customer_quotations
sess_00395,user_096,3,create_quotation
sess_00396,user_097,0,view_phone
sess_00396,user_097,1,purchase_phone
sess_00396,user_097,2,purchase_phone_case
sess_00396,user_097,3,open_purchases
sess_00397,user_098,0,open_products
sess_00397,user_098,1,search_phone
sess_00397,user_098,2,view_phone
sess_00397,user_098,3,purchase_phone
sess_00397,user_098,4,purchase_warranty
sess_00397,user_098,5,open_purchases
sess_00398,user_099,0,open_orders
sess_00398,user_099,1,create_order
sess_00398,user_099,2,generate_invoice
sess_00398,user_099,3,confirm_payment
sess_00399,user_100,0,view_phone
sess_00399,user_100,1,purchase_phone
sess_00399,user_100,2,purchase_phone_case
sess_00399,user_100,3,open_purchases
sess_00400,user_101,0,open_customers
sess_00400,user_101,1,view_customer
sess_00400,user_101,2,view_customer_orders
sess_00401,user_102,0,create_quotation
sess_00401,user_102,1,add_product
sess_00401,user_102,2,set_discount
sess_00401,user_102,3,save_quotation
sess_00401,user_102,4,send_quotation
sess_00401,user_102,5,create_order
sess_00402,user_103,0,view_laptop
sess_00402,user_103,1,purchase_laptop
sess_00402,user_103,2,purchase_headphones
sess_00403,user_104,0,view_laptop
sess_00403,user_104,1,purchase_laptop
sess_00403,user_104,2,purchase_headphones
sess_00404,user_105,0,view_phone
sess_00404,user_105,1,purchase_phone
sess_00404,user_105,2,purchase_warranty
sess_00405,user_106,0,view_laptop
sess_00405,user_106,1,purchase_laptop
sess_00405,user_106,2,purchase_headphones
sess_00405,user_106,3,open_purchases
sess_00406,user_107,0,open_products
sess_00406,user_107,1,search_phone
sess_00406,user_107,2,view_phone
sess_00406,user_107,3,purchase_phone
sess_00406,user_107,4,purchase_phone_case
sess_00406,user_107,5,open_purchases
sess_00407,user_108,0,open_products
sess_00407,user_108,1,search_monitor
sess_00407,user_108,2,view_monitor
sess_00407,user_108,3,purchase_monitor
sess_00407,user_108,4,purchase_keyboard
sess_00408,user_109,0,view_laptop
sess_00408,user_109,1,purchase_laptop
sess_00408,user_109,2,purchase_headphones
sess_00408,user_109,3,open_purchases
sess_00409,user_110,0,view_customer
sess_00409,user_110,1,view_customer_orders
sess_00410,user_111,0,view_phone
sess_00410,user_111,1,purchase_phone
sess_00410,user_111,2,purchase_phone_case
sess_00411,user_112,0,view_monitor
sess_00411,user_112,1,purchase_monitor
sess_00411,user_112,2,purchase_mouse
sess_00412,user_113,0,open_quotations
sess_00412,user_113,1,create_quotation
sess_00412,user_113,2,add_product
sess_00412,user_113,3,set_discount
sess_00412,user_113,4,save_quotation
sess_00412,user_113,5,open_quotations
sess_00413,user_114,0,create_quotation
sess_00413,user_114,1,add_product
sess_00413,user_114,2,set_discount
sess_00413,user_114,3,save_quotation
sess_00413,user_114,4,send_quotation
sess_00413,user_114,5,create_order
sess_00414,user_115,0,view_laptop
sess_00414,user_115,1,purchase_laptop
sess_00414,user_115,2,purchase_laptop_bag
sess_00414,user_115,3,open_purchases
sess_00415,user_116,0,open_quotations
sess_00415,user_116,1,create_quotation
sess_00415,user_116,2,add_product
sess_00415,user_116,3,save_quotation
sess_00415,user_116,4,send_quotation
sess_00415,user_116,5,create_order
sess_00416,user_117,0,open_products
sess_00416,user_117,1,search_phone
sess_00416,user_117,2,view_phone
sess_00416,user_117,3,purchase_phone
sess_00416,user_117,4,purchase_headphones
sess_00416,user_117,5,open_purchases
sess_00417,user_118,0,create_quotation
sess_00417,user_118,1,add_product
sess_00417,user_118,2,save_quotation
sess_00417,user_118,3,send_quotation
sess_00417,user_118,4,create_order
sess_00418,user_119,0,open_products
sess_00418,user_119,1,search_laptop
sess_00418,user_119,2,view_laptop
sess_00418,user_119,3,purchase_laptop
sess_00418,user_119,4,purchase_headphones
sess_00418,user_119,5,open_purchases
sess_00419,user_120,0,open_products
sess_00419,user_120,1,search_monitor
sess_00419,user_120,2,view_monitor
sess_00419,user_120,3,purchase_monitor
sess_00419,user_120,4,purchase_keyboard
sess_00420,user_121,0,open_customers
sess_00420,user_121,1,view_customer
sess_00420,user_121,2,view_customer_quotations
sess_00421,user_122,0,create_quotation
sess_00421,user_122,1,add_product
sess_00421,user_122,2,set_discount
sess_00421,user_122,3,save_quotation
sess_00421,user_122,4,send_quotation
sess_00421,user_122,5,create_order
sess_00422,user_123,0,view_laptop
sess_00422,user_123,1,purchase_laptop
sess_00422,user_123,2,purchase_warranty
sess_00422,user_123,3,open_purchases
sess_00423,user_124,0,open_products
sess_00423,user_124,1,search_phone
sess_00423,user_124,2,view_phone
sess_00423,user_124,3,purchase_phone
sess_00423,user_124,4,purchase_headphones
sess_00423,user_124,5,open_purchases
sess_00424,user_125,0,view_phone
sess_00424,user_125,1,purchase_phone
sess_00424,user_125,2,purchase_phone_case
sess_00424,user_125,3,open_purchases
sess_00425,user_126,0,open_quotations
sess_00425,user_126,1,create_quotation
sess_00425,user_126,2,add_product
sess_00425,user_126,3,save_quotation
sess_00425,user_126,4,open_quotations
sess_00426,user_127,0,create_order
sess_00426,user_127,1,generate_invoice
sess_00426,user_127,2,confirm_payment
sess_00427,user_128,0,open_quotations
sess_00427,user_128,1,create_quotation
sess_00427,user_128,2,add_product
sess_00427,user_128,3,set_discount
sess_00427,user_128,4,save_quotation
sess_00427,user_128,5,send_quotation
sess_00427,user_128,6,create_order
sess_00428,user_129,0,login
sess_00428,user_129,1,open_products
sess_00428,user_129,2,search_laptop
sess_00428,user_129,3,view_laptop
sess_00428,user_129,4,purchase_laptop
sess_00428,user_129,5,purchase_mouse
sess_00428,user_129,6,open_purchases
sess_00429,user_130,0,view_monitor
sess_00429,user_130,1,purchase_monitor
sess_00429,user_130,2,purchase_keyboard
sess_00430,user_131,0,create_quotation
sess_00430,user_131,1,add_product
sess_00430,user_131,2,set_discount
sess_00430,user_131,3,save_quotation
sess_00430,user_131,4,send_quotation
sess_00430,user_131,5,create_order
sess_00431,user_132,0,open_quotations
sess_00431,user_132,1,create_quotation
sess_00431,user_132,2,add_product
sess_00431,user_132,3,save_quotation
sess_00431,user_132,4,send_quotation
sess_00431,user_132,5,create_order
sess_00432,user_133,0,open_orders
sess_00432,user_133,1,create_order
sess_00432,user_133,2,assign_delivery
sess_00433,user_134,0,open_customers
sess_00433,user_134,1,view_customer
sess_00433,user_134,2,view_customer_quotations
sess_00434,user_135,0,login
sess_00434,user_135,1,open_products
sess_00434,user_135,2,search_phone
sess_00434,user_135,3,view_phone
sess_00434,user_135,4,purchase_phone
sess_00434,user_135,5,purchase_phone_case
sess_00434,user_135,6,open_purchases
sess_00435,user_136,0,view_monitor
sess_00435,user_136,1,purchase_monitor
sess_00435,user_136,2,purchase_headphones
sess_00436,user_137,0,open_customers
sess_00436,user_137,1,view_customer
sess_00436,user_137,2,view_customer_orders
sess_00437,user_138,0,login
sess_00437,user_138,1,open_products
sess_00437,user_138,2,search_laptop
sess_00437,user_138,3,view_laptop
sess_00437,user_138,4,purchase_laptop
sess_00437,user_138,5,purchase_headphones
sess_00437,user_138,6,open_purchases
sess_00438,user_139,0,create_order
sess_00438,user_139,1,assign_delivery
sess_00439,user_140,0,open_customers
sess_00439,user_140,1,view_customer
sess_00439,user_140,2,view_customer_quotations
sess_00439,user_140,3,create_quotation
sess_00440,user_141,0,open_orders
sess_00440,user_141,1,create_order
sess_00440,user_141,2,assign_delivery
sess_00441,user_142,0,open_products
sess_00441,user_142,1,search_monitor
sess_00441,user_142,2,view_monitor
sess_00441,user_142,3,purchase_monitor
sess_00441,user_142,4,purchase_headphones
sess_00442,user_143,0,open_customers
sess_00442,user_143,1,view_customer
sess_00442,user_143,2,view_customer_quotations
sess_00442,user_143,3,create_quotation
sess_00443,user_144,0,open_products
sess_00443,user_144,1,search_laptop
sess_00443,user_144,2,view_laptop
sess_00443,user_144,3,purchase_laptop
sess_00443,user_144,4,purchase_headphones
sess_00443,user_144,5,open_purchases
sess_00444,user_145,0,create_quotation
sess_00444,user_145,1,add_product
sess_00444,user_145,2,set_discount
sess_00444,user_145,3,save_quotation
sess_00444,user_145,4,send_quotation
sess_00444,user_145,5,create_order
sess_00445,user_146,0,view_customer
sess_00445,user_146,1,view_customer_orders
sess_00446,user_147,0,open_products
sess_00446,user_147,1,search_monitor
sess_00446,user_147,2,view_monitor
sess_00446,user_147,3,purchase_monitor
sess_00446,user_147,4,purchase_mouse
sess_00447,user_148,0,open_products
sess_00447,user_148,1,search_laptop
sess_00447,user_148,2,view_laptop
sess_00447,user_148,3,purchase_laptop
sess_00447,user_148,4,purchase_headphones
sess_00447,user_148,5,open_purchases
sess_00448,user_149,0,open_products
sess_00448,user_149,1,search_laptop
sess_00448,user_149,2,view_laptop
sess_00448,user_149,3,purchase_laptop
sess_00448,user_149,4,purchase_mouse
sess_00449,user_150,0,view_phone
sess_00449,user_150,1,purchase_phone
sess_00449,user_150,2,purchase_phone_case
sess_00449,user_150,3,open_purchases
sess_00450,user_001,0,open_products
sess_00450,user_001,1,search_laptop
sess_00450,user_001,2,view_laptop
sess_00450,user_001,3,purchase_laptop
sess_00450,user_001,4,purchase_headphones
sess_00450,user_001,5,open_purchases
sess_00451,user_002,0,view_monitor
sess_00451,user_002,1,purchase_monitor
sess_00451,user_002,2,purchase_mouse
sess_00452,user_003,0,open_products
sess_00452,user_003,1,search_phone
sess_00452,user_003,2,view_phone
sess_00452,user_003,3,purchase_phone
sess_00452,user_003,4,purchase_warranty
sess_00452,user_003,5,open_purchases
sess_00453,user_004,0,open_products
sess_00453,user_004,1,search_monitor
sess_00453,user_004,2,view_monitor
sess_00453,user_004,3,purchase_monitor
sess_00453,user_004,4,purchase_keyboard
sess_00454,user_005,0,view_laptop
sess_00454,user_005,1,purchase_laptop
sess_00454,user_005,2,purchase_headphones
sess_00454,user_005,3,open_purchases
sess_00455,user_006,0,view_phone
sess_00455,user_006,1,purchase_phone
sess_00455,user_006,2,purchase_phone_case
sess_00455,user_006,3,open_purchases
sess_00456,user_007,0,create_quotation
sess_00456,user_007,1,add_product
sess_00456,user_007,2,set_discount
sess_00456,user_007,3,save_quotation
sess_00456,user_007,4,send_quotation
sess_00457,user_008,0,view_laptop
sess_00457,user_008,1,purchase_laptop
sess_00457,user_008,2,purchase_headphones
sess_00457,user_008,3,open_purchases
sess_00458,user_009,0,open_products
sess_00458,user_009,1,search_monitor
sess_00458,user_009,2,view_monitor
sess_00458,user_009,3,purchase_monitor
sess_00458,user_009,4,purchase_keyboard
sess_00459,user_010,0,open_products
sess_00459,user_010,1,search_monitor
sess_00459,user_010,2,view_monitor
sess_00459,user_010,3,purchase_monitor
sess_00459,user_010,4,purchase_keyboard
sess_00460,user_011,0,open_products
sess_00460,user_011,1,search_monitor
sess_00460,user_011,2,view_monitor
sess_00460,user_011,3,purchase_monitor
sess_00460,user_011,4,purchase_keyboard
sess_00461,user_012,0,open_quotations
sess_00461,user_012,1,create_quotation
sess_00461,user_012,2,add_product
sess_00461,user_012,3,set_discount
sess_00461,user_012,4,save_quotation
sess_00461,user_012,5,send_quotation
sess_00461,user_012,6,create_order
sess_00462,user_013,0,view_phone
sess_00462,user_013,1,purchase_phone
sess_00462,user_013,2,purchase_phone_case
sess_00463,user_014,0,create_quotation
sess_00463,user_014,1,add_product
sess_00463,user_014,2,set_discount
sess_00463,user_014,3,save_quotation
sess_00463,user_014,4,send_quotation
sess_00463,user_014,5,create_order
sess_00464,user_015,0,create_order
sess_00464,user_015,1,generate_invoice
sess_00465,user_016,0,open_products
sess_00465,user_016,1,search_laptop
sess_00465,user_016,2,view_laptop
sess_00465,user_016,3,purchase_laptop
sess_00465,user_016,4,purchase_mouse
sess_00466,user_017,0,create_order
sess_00466,user_017,1,generate_invoice
sess_00467,user_018,0,login
sess_00467,user_018,1,open_products
sess_00467,user_018,2,search_phone
sess_00467,user_018,3,view_phone
sess_00467,user_018,4,purchase_phone
sess_00467,user_018,5,purchase_phone_case
sess_00467,user_018,6,open_purchases
sess_00468,user_019,0,create_quotation
sess_00468,user_019,1,add_product
sess_00468,user_019,2,set_discount
sess_00468,user_019,3,save_quotation
sess_00468,user_019,4,send_quotation
sess_00468,user_019,5,create_order
sess_00469,user_020,0,view_monitor
sess_00469,user_020,1,purchase_monitor
sess_00469,user_020,2,purchase_mouse
sess_00470,user_021,0,open_products
sess_00470,user_021,1,search_laptop
sess_00470,user_021,2,view_laptop
sess_00470,user_021,3,purchase_laptop
sess_00470,user_021,4,purchase_headphones
sess_00470,user_021,5,open_purchases
sess_00471,user_022,0,create_quotation
sess_00471,user_022,1,add_product
sess_00471,user_022,2,set_discount
sess_00471,user_022,3,save_quotation
sess_00471,user_022,4,open_quotations
sess_00472,user_023,0,open_products
sess_00472,user_023,1,search_laptop
sess_00472,user_023,2,view_laptop
sess_00472,user_023,3,purchase_laptop
sess_00472,user_023,4,purchase_headphones
sess_00473,user_024,0,open_quotations
sess_00473,user_024,1,create_quotation
sess_00473,user_024,2,add_product
sess_00473,user_024,3,save_quotation
sess_00473,user_024,4,send_quotation
sess_00474,user_025,0,open_customers
sess_00474,user_025,1,view_customer
sess_00474,user_025,2,view_customer_quotations
sess_00474,user_025,3,create_quotation
sess_00475,user_026,0,view_laptop
sess_00475,user_026,1,purchase_laptop
sess_00475,user_026,2,purchase_headphones
sess_00476,user_027,0,open_products
sess_00476,user_027,1,search_phone
sess_00476,user_027,2,view_phone
sess_00476,user_027,3,purchase_phone
sess_00476,user_027,4,purchase_phone_case
sess_00477,user_028,0,view_laptop
sess_00477,user_028,1,purchase_laptop
sess_00477,user_028,2,purchase_mouse
sess_00478,user_029,0,view_phone
sess_00478,user_029,1,purchase_phone
sess_00478,user_029,2,purchase_phone_case
sess_00478,user_029,3,open_purchases
sess_00479,user_030,0,view_laptop
sess_00479,user_030,1,purchase_laptop
sess_00479,user_030,2,purchase_headphones
sess_00479,user_030,3,open_purchases
sess_00480,user_031,0,create_order
sess_00480,user_031,1,assign_delivery
sess_00481,user_032,0,open_quotations
sess_00481,user_032,1,create_quotation
sess_00481,user_032,2,add_product
sess_00481,user_032,3,set_discount
sess_00481,user_032,4,save_quotation
sess_00481,user_032,5,open_quotations
sess_00482,user_033,0,create_order
sess_00482,user_033,1,assign_delivery
sess_00483,user_034,0,open_products
sess_00483,user_034,1,search_phone
sess_00483,user_034,2,view_phone
sess_00483,user_034,3,purchase_phone
sess_00483,user_034,4,purchase_phone_case
sess_00483,user_034,5,open_purchases
sess_00484,user_035,0,open_quotations
sess_00484,user_035,1,create_quotation
sess_00484,user_035,2,add_product
sess_00484,user_035,3,save_quotation
sess_00484,user_035,4,send_quotation
sess_00485,user_036,0,create_quotation
sess_00485,user_036,1,add_product
sess_00485,user_036,2,set_discount
sess_00485,user_036,3,save_quotation
sess_00485,user_036,4,open_quotations
sess_00486,user_037,0,open_products
sess_00486,user_037,1,search_monitor
sess_00486,user_037,2,view_monitor
sess_00486,user_037,3,purchase_monitor
sess_00486,user_037,4,purchase_keyboard
sess_00487,user_038,0,login
sess_00487,user_038,1,open_products
sess_00487,user_038,2,search_laptop
sess_00487,user_038,3,view_laptop
sess_00487,user_038,4,purchase_laptop
sess_00487,user_038,5,purchase_laptop_bag
sess_00487,user_038,6,open_purchases
sess_00488,user_039,0,open_quotations
sess_00488,user_039,1,create_quotation
sess_00488,user_039,2,add_product
sess_00488,user_039,3,set_discount
sess_00488,user_039,4,save_quotation
sess_00488,user_039,5,send_quotation
sess_00488,user_039,6,create_order
sess_00489,user_040,0,open_customers
sess_00489,user_040,1,view_customer
sess_00489,user_040,2,view_customer_orders
sess_00490,user_041,0,create_quotation
sess_00490,user_041,1,add_product
sess_00490,user_041,2,set_discount
sess_00490,user_041,3,save_quotation
sess_00490,user_041,4,open_quotations
sess_00491,user_042,0,view_phone
sess_00491,user_042,1,purchase_phone
sess_00491,user_042,2,purchase_warranty
sess_00492,user_043,0,view_laptop
sess_00492,user_043,1,purchase_laptop
sess_00492,user_043,2,purchase_headphones
sess_00492,user_043,3,open_purchases
sess_00493,user_044,0,view_laptop
sess_00493,user_044,1,purchase_laptop
sess_00493,user_044,2,purchase_mouse
sess_00493,user_044,3,open_purchases
sess_00494,user_045,0,open_products
sess_00494,user_045,1,search_monitor
sess_00494,user_045,2,view_monitor
sess_00494,user_045,3,purchase_monitor
sess_00494,user_045,4,purchase_keyboard
sess_00495,user_046,0,open_products
sess_00495,user_046,1,search_monitor
sess_00495,user_046,2,view_monitor
sess_00495,user_046,3,purchase_monitor
sess_00495,user_046,4,purchase_keyboard
sess_00496,user_047,0,open_orders
sess_00496,user_047,1,create_order
sess_00496,user_047,2,assign_delivery
sess_00497,user_048,0,open_customers
sess_00497,user_048,1,view_customer
sess_00497,user_048,2,view_customer_quotations
sess_00497,user_048,3,create_quotation
sess_00498,user_049,0,open_products
sess_00498,user_049,1,search_laptop
sess_00498,user_049,2,view_laptop
sess_00498,user_049,3,purchase_laptop
sess_00498,user_049,4,purchase_headphones
sess_00499,user_050,0,open_products
sess_00499,user_050,1,search_monitor
sess_00499,user_050,2,view_monitor
sess_00499,user_050,3,purchase_monitor
sess_00499,user_050,4,purchase_keyboard
sess_00500,user_051,0,open_products
sess_00500,user_051,1,search_phone
sess_00500,user_051,2,view_phone
sess_00500,user_051,3,purchase_phone
sess_00500,user_051,4,purchase_headphones
sess_00500,user_051,5,open_purchases
sess_00501,user_052,0,create_quotation
sess_00501,user_052,1,add_product
sess_00501,user_052,2,set_discount
sess_00501,user_052,3,save_quotation
sess_00501,user_052,4,open_quotations
sess_00502,user_053,0,create_order
sess_00502,user_053,1,generate_invoice
sess_00502,user_053,2,confirm_payment
sess_00503,user_054,0,open_quotations
sess_00503,user_054,1,create_quotation
sess_00503,user_054,2,add_product
sess_00503,user_054,3,save_quotation
sess_00503,user_054,4,send_quotation
sess_00504,user_055,0,view_monitor
sess_00504,user_055,1,purchase_monitor
sess_00504,user_055,2,purchase_keyboard
sess_00505,user_056,0,login
sess_00505,user_056,1,open_products
sess_00505,user_056,2,search_laptop
sess_00505,user_056,3,view_laptop
sess_00505,user_056,4,purchase_laptop
sess_00505,user_056,5,purchase_mouse
sess_00506,user_057,0,view_phone
sess_00506,user_057,1,purchase_phone
sess_00506,user_057,2,purchase_headphones
sess_00506,user_057,3,open_purchases
sess_00507,user_058,0,open_products
sess_00507,user_058,1,search_monitor
sess_00507,user_058,2,view_monitor
sess_00507,user_058,3,purchase_monitor
sess_00507,user_058,4,purchase_keyboard
sess_00508,user_059,0,create_quotation
sess_00508,user_059,1,add_product
sess_00508,user_059,2,set_discount
sess_00508,user_059,3,save_quotation
sess_00508,user_059,4,send_quotation
sess_00508,user_059,5,create_order
sess_00509,user_060,0,open_products
sess_00509,user_060,1,search_monitor
sess_00509,user_060,2,view_monitor
sess_00509,user_060,3,purchase_monitor
sess_00509,user_060,4,purchase_keyboard
sess_00510,user_061,0,view_laptop
sess_00510,user_061,1,purchase_laptop
sess_00510,user_061,2,purchase_mouse
sess_00510,user_061,3,open_purchases
sess_00511,user_062,0,create_quotation
sess_00511,user_062,1,add_product
sess_00511,user_062,2,set_discount
sess_00511,user_062,3,save_quotation
sess_00511,user_062,4,send_quotation
sess_00511,user_062,5,create_order
sess_00512,user_063,0,login
sess_00512,user_063,1,open_products
sess_00512,user_063,2,search_laptop
sess_00512,user_063,3,view_laptop
sess_00512,user_063,4,purchase_laptop
sess_00512,user_063,5,purchase_headphones
sess_00512,user_063,6,open_purchases
sess_00513,user_064,0,open_products
sess_00513,user_064,1,search_phone
sess_00513,user_064,2,view_phone
sess_00513,user_064,3,purchase_phone
sess_00513,user_064,4,purchase_phone_case
sess_00514,user_065,0,login
sess_00514,user_065,1,open_products
sess_00514,user_065,2,search_laptop
sess_00514,user_065,3,view_laptop
sess_00514,user_065,4,purchase_laptop
sess_00514,user_065,5,purchase_mouse
sess_00515,user_066,0,open_quotations
sess_00515,user_066,1,create_quotation
sess_00515,user_066,2,add_product
sess_00515,user_066,3,set_discount
sess_00515,user_066,4,save_quotation
sess_00515,user_066,5,send_quotation
sess_00515,user_066,6,create_order
sess_00516,user_067,0,open_products
sess_00516,user_067,1,search_laptop
sess_00516,user_067,2,view_laptop
sess_00516,user_067,3,purchase_laptop
sess_00516,user_067,4,purchase_headphones
sess_00516,user_067,5,open_purchases
sess_00517,user_068,0,create_quotation
sess_00517,user_068,1,add_product
sess_00517,user_068,2,save_quotation
sess_00517,user_068,3,send_quotation
sess_00517,user_068,4,create_order
sess_00518,user_069,0,open_products
sess_00518,user_069,1,search_laptop
sess_00518,user_069,2,view_laptop
sess_00518,user_069,3,purchase_laptop
sess_00518,user_069,4,purchase_laptop_bag
sess_00519,user_070,0,open_products
sess_00519,user_070,1,search_phone
sess_00519,user_070,2,view_phone
sess_00519,user_070,3,purchase_phone
sess_00519,user_070,4,purchase_phone_case
sess_00520,user_071,0,view_customer
sess_00520,user_071,1,view_customer_quotations
sess_00521,user_072,0,view_phone
sess_00521,user_072,1,purchase_phone
sess_00521,user_072,2,purchase_headphones
sess_00522,user_073,0,open_products
sess_00522,user_073,1,search_phone
sess_00522,user_073,2,view_phone
sess_00522,user_073,3,purchase_phone
sess_00522,user_073,4,purchase_phone_case
sess_00522,user_073,5,open_purchases
sess_00523,user_074,0,open_customers
sess_00523,user_074,1,view_customer
sess_00523,user_074,2,view_customer_orders
sess_00524,user_075,0,view_phone
sess_00524,user_075,1,purchase_phone
sess_00524,user_075,2,purchase_warranty
sess_00525,user_076,0,view_monitor
sess_00525,user_076,1,purchase_monitor
sess_00525,user_076,2,purchase_keyboard
sess_00526,user_077,0,view_phone
sess_00526,user_077,1,purchase_phone
sess_00526,user_077,2,purchase_headphones
sess_00527,user_078,0,view_phone
sess_00527,user_078,1,purchase_phone
sess_00527,user_078,2,purchase_phone_case
sess_00528,user_079,0,open_products
sess_00528,user_079,1,search_phone
sess_00528,user_079,2,view_phone
sess_00528,user_079,3,purchase_phone
sess_00528,user_079,4,purchase_warranty
sess_00528,user_079,5,open_purchases
sess_00529,user_080,0,create_quotation
sess_00529,user_080,1,add_product
sess_00529,user_080,2,set_discount
sess_00529,user_080,3,save_quotation
sess_00529,user_080,4,send_quotation
sess_00530,user_081,0,open_quotations
sess_00530,user_081,1,create_quotation
sess_00530,user_081,2,add_product
sess_00530,user_081,3,set_discount
sess_00530,user_081,4,save_quotation
sess_00530,user_081,5,send_quotation
sess_00530,user_081,6,create_order
sess_00531,user_082,0,open_quotations
sess_00531,user_082,1,create_quotation
sess_00531,user_082,2,add_product
sess_00531,user_082,3,set_discount
sess_00531,user_082,4,save_quotation
sess_00531,user_082,5,send_quotation
sess_00531,user_082,6,create_order
sess_00532,user_083,0,open_products
sess_00532,user_083,1,search_phone
sess_00532,user_083,2,view_phone
sess_00532,user_083,3,purchase_phone
sess_00532,user_083,4,purchase_phone_case
sess_00532,user_083,5,open_purchases
sess_00533,user_084,0,view_phone
sess_00533,user_084,1,purchase_phone
sess_00533,user_084,2,purchase_phone_case
sess_00533,user_084,3,open_purchases
sess_00534,user_085,0,view_laptop
sess_00534,user_085,1,purchase_laptop
sess_00534,user_085,2,purchase_headphones
sess_00534,user_085,3,open_purchases
sess_00535,user_086,0,open_products
sess_00535,user_086,1,search_phone
sess_00535,user_086,2,view_phone
sess_00535,user_086,3,purchase_phone
sess_00535,user_086,4,purchase_warranty
sess_00536,user_087,0,create_order
sess_00536,user_087,1,generate_invoice
sess_00536,user_087,2,confirm_payment
sess_00537,user_088,0,open_products
sess_00537,user_088,1,search_laptop
sess_00537,user_088,2,view_laptop
sess_00537,user_088,3,purchase_laptop
sess_00537,user_088,4,purchase_headphones
sess_00537,user_088,5,open_purchases
sess_00538,user_089,0,open_products
sess_00538,user_089,1,search_phone
sess_00538,user_089,2,view_phone
sess_00538,user_089,3,purchase_phone
sess_00538,user_089,4,purchase_phone_case
sess_00538,user_089,5,open_purchases
sess_00539,user_090,0,open_products
sess_00539,user_090,1,search_laptop
sess_00539,user_090,2,view_laptop
sess_00539,user_090,3,purchase_laptop
sess_00539,user_090,4,purchase_headphones
sess_00539,user_090,5,open_purchases
sess_00540,user_091,0,open_products
sess_00540,user_091,1,search_laptop
sess_00540,user_091,2,view_laptop
sess_00540,user_091,3,purchase_laptop
sess_00540,user_091,4,purchase_headphones
sess_00541,user_092,0,login
sess_00541,user_092,1,open_products
sess_00541,user_092,2,search_phone
sess_00541,user_092,3,view_phone
sess_00541,user_092,4,purchase_phone
sess_00541,user_092,5,purchase_phone_case
sess_00541,user_092,6,open_purchases
sess_00542,user_093,0,create_quotation
sess_00542,user_093,1,add_product
sess_00542,user_093,2,save_quotation
sess_00542,user_093,3,send_quotation
sess_00542,user_093,4,create_order
sess_00543,user_094,0,open_orders
sess_00543,user_094,1,create_order
sess_00543,user_094,2,generate_invoice
sess_00544,user_095,0,open_orders
sess_00544,user_095,1,create_order
sess_00544,user_095,2,generate_invoice
sess_00544,user_095,3,confirm_payment
sess_00545,user_096,0,open_products
sess_00545,user_096,1,search_monitor
sess_00545,user_096,2,view_monitor
sess_00545,user_096,3,purchase_monitor
sess_00545,user_096,4,purchase_keyboard
sess_00546,user_097,0,open_quotations
sess_00546,user_097,1,create_quotation
sess_00546,user_097,2,add_product
sess_00546,user_097,3,set_discount
sess_00546,user_097,4,save_quotation
sess_00546,user_097,5,send_quotation
sess_00546,user_097,6,create_order
sess_00547,user_098,0,view_monitor
sess_00547,user_098,1,purchase_monitor
sess_00547,user_098,2,purchase_keyboard
sess_00548,user_099,0,open_orders
sess_00548,user_099,1,create_order
sess_00548,user_099,2,generate_invoice
sess_00548,user_099,3,confirm_payment
sess_00549,user_100,0,login
sess_00549,user_100,1,open_products
sess_00549,user_100,2,search_phone
sess_00549,user_100,3,view_phone
sess_00549,user_100,4,purchase_phone
sess_00549,user_100,5,purchase_headphones
sess_00549,user_100,6,open_purchases
sess_00550,user_101,0,view_phone
sess_00550,user_101,1,purchase_phone
sess_00550,user_101,2,purchase_phone_case
sess_00551,user_102,0,open_quotations
sess_00551,user_102,1,create_quotation
sess_00551,user_102,2,add_product
sess_00551,user_102,3,save_quotation
sess_00551,user_102,4,send_quotation
sess_00551,user_102,5,create_order
sess_00552,user_103,0,view_monitor
sess_00552,user_103,1,purchase_monitor
sess_00552,user_103,2,purchase_mouse
sess_00553,user_104,0,view_monitor
sess_00553,user_104,1,purchase_monitor
sess_00553,user_104,2,purchase_keyboard
sess_00554,user_105,0,view_customer
sess_00554,user_105,1,view_customer_quotations
sess_00554,user_105,2,create_quotation
sess_00555,user_106,0,create_quotation
sess_00555,user_106,1,add_product
sess_00555,user_106,2,set_discount
sess_00555,user_106,3,save_quotation
sess_00555,user_106,4,send_quotation
sess_00555,user_106,5,create_order
sess_00556,user_107,0,create_order
sess_00556,user_107,1,generate_invoice
sess_00556,user_107,2,confirm_payment
sess_00557,user_108,0,open_orders
sess_00557,user_108,1,create_order
sess_00557,user_108,2,generate_invoice
sess_00557,user_108,3,confirm_payment
sess_00558,user_109,0,view_monitor
sess_00558,user_109,1,purchase_monitor
sess_00558,user_109,2,purchase_keyboard
sess_00559,user_110,0,open_products
sess_00559,user_110,1,search_monitor
sess_00559,user_110,2,view_monitor
sess_00559,user_110,3,purchase_monitor
sess_00559,user_110,4,purchase_keyboard
sess_00560,user_111,0,create_quotation
sess_00560,user_111,1,add_product
sess_00560,user_111,2,set_discount
sess_00560,user_111,3,save_quotation
sess_00560,user_111,4,send_quotation
sess_00560,user_111,5,create_order
sess_00561,user_112,0,open_products
sess_00561,user_112,1,search_laptop
sess_00561,user_112,2,view_laptop
sess_00561,user_112,3,purchase_laptop
sess_00561,user_112,4,purchase_warranty
sess_00561,user_112,5,open_purchases
sess_00562,user_113,0,open_orders
sess_00562,user_113,1,create_order
sess_00562,user_113,2,generate_invoice
sess_00562,user_113,3,confirm_payment
sess_00563,user_114,0,open_products
sess_00563,user_114,1,search_laptop
sess_00563,user_114,2,view_laptop
sess_00563,user_114,3,purchase_laptop
sess_00563,user_114,4,purchase_headphones
sess_00563,user_114,5,open_purchases
sess_00564,user_115,0,open_quotations
sess_00564,user_115,1,create_quotation
sess_00564,user_115,2,add_product
sess_00564,user_115,3,set_discount
sess_00564,user_115,4,save_quotation
sess_00564,user_115,5,open_quotations
sess_00565,user_116,0,view_laptop
sess_00565,user_116,1,purchase_laptop
sess_00565,user_116,2,purchase_mouse
sess_00565,user_116,3,open_purchases
sess_00566,user_117,0,open_orders
sess_00566,user_117,1,create_order
sess_00566,user_117,2,generate_invoice
sess_00566,user_117,3,confirm_payment
sess_00567,user_118,0,view_monitor
sess_00567,user_118,1,purchase_monitor
sess_00567,user_118,2,purchase_keyboard
sess_00568,user_119,0,open_products
sess_00568,user_119,1,search_phone
sess_00568,user_119,2,view_phone
sess_00568,user_119,3,purchase_phone
sess_00568,user_119,4,purchase_phone_case
sess_00568,user_119,5,open_purchases
sess_00569,user_120,0,view_laptop
sess_00569,user_120,1,purchase_laptop
sess_00569,user_120,2,purchase_headphones
sess_00569,user_120,3,open_purchases
sess_00570,user_121,0,open_quotations
sess_00570,user_121,1,create_quotation
sess_00570,user_121,2,add_product
sess_00570,user_121,3,save_quotation
sess_00570,user_121,4,open_quotations
sess_00571,user_122,0,open_products
sess_00571,user_122,1,search_laptop
sess_00571,user_122,2,view_laptop
sess_00571,user_122,3,purchase_laptop
sess_00571,user_122,4,purchase_laptop_bag
sess_00571,user_122,5,open_purchases
sess_00572,user_123,0,open_products
sess_00572,user_123,1,search_phone
sess_00572,user_123,2,view_phone
sess_00572,user_123,3,purchase_phone
sess_00572,user_123,4,purchase_phone_case
sess_00573,user_124,0,view_monitor
sess_00573,user_124,1,purchase_monitor
sess_00573,user_124,2,purchase_keyboard
sess_00574,user_125,0,view_monitor
sess_00574,user_125,1,purchase_monitor
sess_00574,user_125,2,purchase_keyboard
sess_00575,user_126,0,view_customer
sess_00575,user_126,1,view_customer_orders
sess_00576,user_127,0,open_quotations
sess_00576,user_127,1,create_quotation
sess_00576,user_127,2,add_product
sess_00576,user_127,3,set_discount
sess_00576,user_127,4,save_quotation
sess_00576,user_127,5,send_quotation
sess_00576,user_127,6,create_order
sess_00577,user_128,0,open_products
sess_00577,user_128,1,search_laptop
sess_00577,user_128,2,view_laptop
sess_00577,user_128,3,purchase_laptop
sess_00577,user_128,4,purchase_headphones
sess_00577,user_128,5,open_purchases
sess_00578,user_129,0,open_products
sess_00578,user_129,1,search_monitor
sess_00578,user_129,2,view_monitor
sess_00578,user_129,3,purchase_monitor
sess_00578,user_129,4,purchase_keyboard
sess_00579,user_130,0,open_products
sess_00579,user_130,1,search_phone
sess_00579,user_130,2,view_phone
sess_00579,user_130,3,purchase_phone
sess_00579,user_130,4,purchase_phone_case
sess_00579,user_130,5,open_purchases
sess_00580,user_131,0,create_quotation
sess_00580,user_131,1,add_product
sess_00580,user_131,2,set_discount
sess_00580,user_131,3,save_quotation
sess_00580,user_131,4,send_quotation
sess_00580,user_131,5,create_order
sess_00581,user_132,0,open_products
sess_00581,user_132,1,search_phone
sess_00581,user_132,2,view_phone
sess_00581,user_132,3,purchase_phone
sess_00581,user_132,4,purchase_phone_case
sess_00581,user_132,5,open_purchases
sess_00582,user_133,0,open_products
sess_00582,user_133,1,search_laptop
sess_00582,user_133,2,view_laptop
sess_00582,user_133,3,purchase_laptop
sess_00582,user_133,4,purchase_mouse
sess_00583,user_134,0,open_products
sess_00583,user_134,1,search_monitor
sess_00583,user_134,2,view_monitor
sess_00583,user_134,3,purchase_monitor
sess_00583,user_134,4,purchase_mouse
sess_00584,user_135,0,view_phone
sess_00584,user_135,1,purchase_phone
sess_00584,user_135,2,purchase_phone_case
sess_00584,user_135,3,open_purchases
sess_00585,user_136,0,open_quotations
sess_00585,user_136,1,create_quotation
sess_00585,user_136,2,add_product
sess_00585,user_136,3,set_discount
sess_00585,user_136,4,save_quotation
sess_00585,user_136,5,send_quotation
sess_00585,user_136,6,create_order
sess_00586,user_137,0,view_phone
sess_00586,user_137,1,purchase_phone
sess_00586,user_137,2,purchase_phone_case
sess_00586,user_137,3,open_purchases
sess_00587,user_138,0,login
sess_00587,user_138,1,open_products
sess_00587,user_138,2,search_laptop
sess_00587,user_138,3,view_laptop
sess_00587,user_138,4,purchase_laptop
sess_00587,user_138,5,purchase_headphones
sess_00588,user_139,0,view_laptop
sess_00588,user_139,1,purchase_laptop
sess_00588,user_139,2,purchase_warranty
sess_00588,user_139,3,open_purchases
sess_00589,user_140,0,view_customer
sess_00589,user_140,1,view_customer_quotations
sess_00590,user_141,0,open_products
sess_00590,user_141,1,search_phone
sess_00590,user_141,2,view_phone
sess_00590,user_141,3,purchase_phone
sess_00590,user_141,4,purchase_headphones
sess_00590,user_141,5,open_purchases
sess_00591,user_142,0,create_order
sess_00591,user_142,1,generate_invoice
sess_00592,user_143,0,open_products
sess_00592,user_143,1,search_monitor
sess_00592,user_143,2,view_monitor
sess_00592,user_143,3,purchase_monitor
sess_00592,user_143,4,purchase_mouse
sess_00593,user_144,0,open_quotations
sess_00593,user_144,1,create_quotation
sess_00593,user_144,2,add_product
sess_00593,user_144,3,set_discount
sess_00593,user_144,4,save_quotation
sess_00593,user_144,5,send_quotation
sess_00593,user_144,6,create_order
sess_00594,user_145,0,open_products
sess_00594,user_145,1,search_laptop
sess_00594,user_145,2,view_laptop
sess_00594,user_145,3,purchase_laptop
sess_00594,user_145,4,purchase_headphones
sess_00594,user_145,5,open_purchases
sess_00595,user_146,0,view_phone
sess_00595,user_146,1,purchase_phone
sess_00595,user_146,2,purchase_phone_case
sess_00596,user_147,0,create_order
sess_00596,user_147,1,generate_invoice
sess_00597,user_148,0,create_quotation
sess_00597,user_148,1,add_product
sess_00597,user_148,2,save_quotation
sess_00597,user_148,3,open_quotations
sess_00598,user_149,0,view_laptop
sess_00598,user_149,1,purchase_laptop
sess_00598,user_149,2,purchase_mouse
sess_00599,user_150,0,create_quotation
sess_00599,user_150,1,add_product
sess_00599,user_150,2,set_discount
sess_00599,user_150,3,save_quotation
sess_00599,user_150,4,send_quotation
sess_00599,user_150,5,create_order
sess_00600,user_001,0,open_products
sess_00600,user_001,1,search_phone
sess_00600,user_001,2,view_phone
sess_00600,user_001,3,purchase_phone
sess_00600,user_001,4,purchase_phone_case
sess_00601,user_002,0,view_laptop
sess_00601,user_002,1,purchase_laptop
sess_00601,user_002,2,purchase_laptop_bag
sess_00601,user_002,3,open_purchases
sess_00602,user_003,0,open_orders
sess_00602,user_003,1,create_order
sess_00602,user_003,2,generate_invoice
sess_00602,user_003,3,confirm_payment
sess_00603,user_004,0,create_quotation
sess_00603,user_004,1,add_product
sess_00603,user_004,2,set_discount
sess_00603,user_004,3,save_quotation
sess_00603,user_004,4,send_quotation
sess_00603,user_004,5,create_order
sess_00604,user_005,0,view_laptop
sess_00604,user_005,1,purchase_laptop
sess_00604,user_005,2,purchase_headphones
sess_00604,user_005,3,open_purchases
sess_00605,user_006,0,view_laptop
sess_00605,user_006,1,purchase_laptop
sess_00605,user_006,2,purchase_headphones
sess_00605,user_006,3,open_purchases
sess_00606,user_007,0,open_products
sess_00606,user_007,1,search_phone
sess_00606,user_007,2,view_phone
sess_00606,user_007,3,purchase_phone
sess_00606,user_007,4,purchase_headphones
sess_00606,user_007,5,open_purchases
sess_00607,user_008,0,view_laptop
sess_00607,user_008,1,purchase_laptop
sess_00607,user_008,2,purchase_headphones
sess_00608,user_009,0,open_products
sess_00608,user_009,1,search_phone
sess_00608,user_009,2,view_phone
sess_00608,user_009,3,purchase_phone
sess_00608,user_009,4,purchase_warranty
sess_00608,user_009,5,open_purchases
sess_00609,user_010,0,open_quotations
sess_00609,user_010,1,create_quotation
sess_00609,user_010,2,add_product
sess_00609,user_010,3,set_discount
sess_00609,user_010,4,save_quotation
sess_00609,user_010,5,send_quotation
sess_00610,user_011,0,view_laptop
sess_00610,user_011,1,purchase_laptop
sess_00610,user_011,2,purchase_headphones
sess_00611,user_012,0,open_products
sess_00611,user_012,1,search_laptop
sess_00611,user_012,2,view_laptop
sess_00611,user_012,3,purchase_laptop
sess_00611,user_012,4,purchase_headphones
sess_00611,user_012,5,open_purchases
sess_00612,user_013,0,view_laptop
sess_00612,user_013,1,purchase_laptop
sess_00612,user_013,2,purchase_headphones
sess_00612,user_013,3,open_purchases
sess_00613,user_014,0,open_products
sess_00613,user_014,1,search_laptop
sess_00613,user_014,2,view_laptop
sess_00613,user_014,3,purchase_laptop
sess_00613,user_014,4,purchase_mouse
sess_00613,user_014,5,open_purchases
sess_00614,user_015,0,create_quotation
sess_00614,user_015,1,add_product
sess_00614,user_015,2,save_quotation
sess_00614,user_015,3,send_quotation
sess_00614,user_015,4,create_order
sess_00615,user_016,0,open_products
sess_00615,user_016,1,search_laptop
sess_00615,user_016,2,view_laptop
sess_00615,user_016,3,purchase_laptop
sess_00615,user_016,4,purchase_mouse
sess_00615,user_016,5,open_purchases
sess_00616,user_017,0,view_phone
sess_00616,user_017,1,purchase_phone
sess_00616,user_017,2,purchase_headphones
sess_00617,user_018,0,view_laptop
sess_00617,user_018,1,purchase_laptop
sess_00617,user_018,2,purchase_headphones
sess_00617,user_018,3,open_purchases
sess_00618,user_019,0,open_quotations
sess_00618,user_019,1,create_quotation
sess_00618,user_019,2,add_product
sess_00618,user_019,3,save_quotation
sess_00618,user_019,4,send_quotation
sess_00618,user_019,5,create_order
sess_00619,user_020,0,login
sess_00619,user_020,1,open_products
sess_00619,user_020,2,search_phone
sess_00619,user_020,3,view_phone
sess_00619,user_020,4,purchase_phone
sess_00619,user_020,5,purchase_phone_case
sess_00619,user_020,6,open_purchases
sess_00620,user_021,0,create_quotation
sess_00620,user_021,1,add_product
sess_00620,user_021,2,set_discount
sess_00620,user_021,3,save_quotation
sess_00620,user_021,4,open_quotations
sess_00621,user_022,0,open_products
sess_00621,user_022,1,search_phone
sess_00621,user_022,2,view_phone
sess_00621,user_022,3,purchase_phone
sess_00621,user_022,4,purchase_phone_case
sess_00621,user_022,5,open_purchases
sess_00622,user_023,0,view_monitor
sess_00622,user_023,1,purchase_monitor
sess_00622,user_023,2,purchase_keyboard
sess_00623,user_024,0,create_quotation
sess_00623,user_024,1,add_product
sess_00623,user_024,2,save_quotation
sess_00623,user_024,3,send_quotation
sess_00623,user_024,4,create_order
sess_00624,user_025,0,view_monitor
sess_00624,user_025,1,purchase_monitor
sess_00624,user_025,2,purchase_mouse
sess_00625,user_026,0,open_products
sess_00625,user_026,1,search_phone
sess_00625,user_026,2,view_phone
sess_00625,user_026,3,purchase_phone
sess_00625,user_026,4,purchase_warranty
sess_00626,user_027,0,open_products
sess_00626,user_027,1,search_phone
sess_00626,user_027,2,view_phone
sess_00626,user_027,3,purchase_phone
sess_00626,user_027,4,purchase_phone_case
sess_00626,user_027,5,open_purchases
sess_00627,user_028,0,view_monitor
sess_00627,user_028,1,purchase_monitor
sess_00627,user_028,2,purchase_headphones
sess_00628,user_029,0,open_orders
sess_00628,user_029,1,create_order
sess_00628,user_029,2,assign_delivery
sess_00629,user_030,0,open_products
sess_00629,user_030,1,search_monitor
sess_00629,user_030,2,view_monitor
sess_00629,user_030,3,purchase_monitor
sess_00629,user_030,4,purchase_mouse
sess_00630,user_031,0,create_quotation
sess_00630,user_031,1,add_product
sess_00630,user_031,2,save_quotation
sess_00630,user_031,3,send_quotation
sess_00630,user_031,4,create_order
sess_00631,user_032,0,open_products
sess_00631,user_032,1,search_laptop
sess_00631,user_032,2,view_laptop
sess_00631,user_032,3,purchase_laptop
sess_00631,user_032,4,purchase_headphones
sess_00632,user_033,0,view_monitor
sess_00632,user_033,1,purchase_monitor
sess_00632,user_033,2,purchase_keyboard
sess_00633,user_034,0,view_phone
sess_00633,user_034,1,purchase_phone
sess_00633,user_034,2,purchase_phone_case
sess_00633,user_034,3,open_purchases
sess_00634,user_035,0,open_products
sess_00634,user_035,1,search_laptop
sess_00634,user_035,2,view_laptop
sess_00634,user_035,3,purchase_laptop
sess_00634,user_035,4,purchase_headphones
sess_00634,user_035,5,open_purchases
sess_00635,user_036,0,create_quotation
sess_00635,user_036,1,add_product
sess_00635,user_036,2,set_discount
sess_00635,user_036,3,save_quotation
sess_00635,user_036,4,send_quotation
sess_00636,user_037,0,open_quotations
sess_00636,user_037,1,create_quotation
sess_00636,user_037,2,add_product
sess_00636,user_037,3,set_discount
sess_00636,user_037,4,save_quotation
sess_00636,user_037,5,send_quotation
sess_00637,user_038,0,open_products
sess_00637,user_038,1,search_laptop
sess_00637,user_038,2,view_laptop
sess_00637,user_038,3,purchase_laptop
sess_00637,user_038,4,purchase_headphones
sess_00637,user_038,5,open_purchases
sess_00638,user_039,0,open_products
sess_00638,user_039,1,search_monitor
sess_00638,user_039,2,view_monitor
sess_00638,user_039,3,purchase_monitor
sess_00638,user_039,4,purchase_mouse
sess_00639,user_040,0,open_quotations
sess_00639,user_040,1,create_quotation
sess_00639,user_040,2,add_product
sess_00639,user_040,3,save_quotation
sess_00639,user_040,4,send_quotation
sess_00639,user_040,5,create_order
sess_00640,user_041,0,create_order
sess_00640,user_041,1,assign_delivery
sess_00641,user_042,0,open_quotations
sess_00641,user_042,1,create_quotation
sess_00641,user_042,2,add_product
sess_00641,user_042,3,set_discount
sess_00641,user_042,4,save_quotation
sess_00641,user_042,5,send_quotation
sess_00641,user_042,6,create_order
sess_00642,user_043,0,view_customer
sess_00642,user_043,1,view_customer_quotations
sess_00643,user_044,0,open_products
sess_00643,user_044,1,search_laptop
sess_00643,user_044,2,view_laptop
sess_00643,user_044,3,purchase_laptop
sess_00643,user_044,4,purchase_mouse
sess_00643,user_044,5,open_purchases
sess_00644,user_045,0,open_products
sess_00644,user_045,1,search_laptop
sess_00644,user_045,2,view_laptop
sess_00644,user_045,3,purchase_laptop
sess_00644,user_045,4,purchase_headphones
sess_00644,user_045,5,open_purchases
sess_00645,user_046,0,open_products
sess_00645,user_046,1,search_monitor
sess_00645,user_046,2,view_monitor
sess_00645,user_046,3,purchase_monitor
sess_00645,user_046,4,purchase_keyboard
sess_00646,user_047,0,view_laptop
sess_00646,user_047,1,purchase_laptop
sess_00646,user_047,2,purchase_headphones
sess_00646,user_047,3,open_purchases
sess_00647,user_048,0,view_laptop
sess_00647,user_048,1,purchase_laptop
sess_00647,user_048,2,purchase_headphones
sess_00647,user_048,3,open_purchases
sess_00648,user_049,0,login
sess_00648,user_049,1,open_products
sess_00648,user_049,2,search_laptop
sess_00648,user_049,3,view_laptop
sess_00648,user_049,4,purchase_laptop
sess_00648,user_049,5,purchase_headphones
sess_00649,user_050,0,open_quotations
sess_00649,user_050,1,create_quotation
sess_00649,user_050,2,add_product
sess_00649,user_050,3,set_discount
sess_00649,user_050,4,save_quotation
sess_00649,user_050,5,send_quotation
sess_00650,user_051,0,open_products
sess_00650,user_051,1,search_laptop
sess_00650,user_051,2,view_laptop
sess_00650,user_051,3,purchase_laptop
sess_00650,user_051,4,purchase_headphones
sess_00650,user_051,5,open_purchases
sess_00651,user_052,0,open_customers
sess_00651,user_052,1,view_customer
sess_00651,user_052,2,view_customer_orders
sess_00652,user_053,0,create_order
sess_00652,user_053,1,generate_invoice
sess_00652,user_053,2,confirm_payment
sess_00653,user_054,0,view_phone
sess_00653,user_054,1,purchase_phone
sess_00653,user_054,2,purchase_phone_case
sess_00653,user_054,3,open_purchases
sess_00654,user_055,0,view_laptop
sess_00654,user_055,1,purchase_laptop
sess_00654,user_055,2,purchase_headphones
sess_00654,user_055,3,open_purchases
sess_00655,user_056,0,open_products
sess_00655,user_056,1,search_monitor
sess_00655,user_056,2,view_monitor
sess_00655,user_056,3,purchase_monitor
sess_00655,user_056,4,purchase_mouse
sess_00656,user_057,0,view_laptop
sess_00656,user_057,1,purchase_laptop
sess_00656,user_057,2,purchase_headphones
sess_00656,user_057,3,open_purchases
sess_00657,user_058,0,open_products
sess_00657,user_058,1,search_phone
sess_00657,user_058,2,view_phone
sess_00657,user_058,3,purchase_phone
sess_00657,user_058,4,purchase_phone_case
sess_00658,user_059,0,view_customer
sess_00658,user_059,1,view_customer_quotations
sess_00659,user_060,0,view_customer
sess_00659,user_060,1,view_customer_quotations
sess_00659,user_060,2,create_quotation
sess_00660,user_061,0,open_products
sess_00660,user_061,1,search_laptop
sess_00660,user_061,2,view_laptop
sess_00660,user_061,3,purchase_laptop
sess_00660,user_061,4,purchase_headphones
sess_00661,user_062,0,open_quotations
sess_00661,user_062,1,create_quotation
sess_00661,user_062,2,add_product
sess_00661,user_062,3,save_quotation
sess_00661,user_062,4,open_quotations
sess_00662,user_063,0,view_monitor
sess_00662,user_063,1,purchase_monitor
sess_00662,user_063,2,purchase_keyboard
sess_00663,user_064,0,open_orders
sess_00663,user_064,1,create_order
sess_00663,user_064,2,generate_invoice
sess_00663,user_064,3,confirm_payment
sess_00664,user_065,0,open_quotations
sess_00664,user_065,1,create_quotation
sess_00664,user_065,2,add_product
sess_00664,user_065,3,set_discount
sess_00664,user_065,4,save_quotation
sess_00664,user_065,5,send_quotation
sess_00665,user_066,0,open_products
sess_00665,user_066,1,search_laptop
sess_00665,user_066,2,view_laptop
sess_00665,user_066,3,purchase_laptop
sess_00665,user_066,4,purchase_headphones
sess_00666,user_067,0,create_quotation
sess_00666,user_067,1,add_product
sess_00666,user_067,2,set_discount
sess_00666,user_067,3,save_quotation
sess_00666,user_067,4,send_quotation
sess_00666,user_067,5,create_order
sess_00667,user_068,0,view_laptop
sess_00667,user_068,1,purchase_laptop
sess_00667,user_068,2,purchase_headphones
sess_00667,user_068,3,open_purchases
sess_00668,user_069,0,open_products
sess_00668,user_069,1,search_phone
sess_00668,user_069,2,view_phone
sess_00668,user_069,3,purchase_phone
sess_00668,user_069,4,purchase_phone_case
sess_00669,user_070,0,open_products
sess_00669,user_070,1,search_laptop
sess_00669,user_070,2,view_laptop
sess_00669,user_070,3,purchase_laptop
sess_00669,user_070,4,purchase_headphones
sess_00669,user_070,5,open_purchases
sess_00670,user_071,0,login
sess_00670,user_071,1,open_products
sess_00670,user_071,2,search_laptop
sess_00670,user_071,3,view_laptop
sess_00670,user_071,4,purchase_laptop
sess_00670,user_071,5,purchase_mouse
sess_00670,user_071,6,open_purchases
sess_00671,user_072,0,open_customers
sess_00671,user_072,1,view_customer
sess_00671,user_072,2,view_customer_quotations
sess_00671,user_072,3,create_quotation
sess_00672,user_073,0,view_phone
sess_00672,user_073,1,purchase_phone
sess_00672,user_073,2,purchase_phone_case
sess_00673,user_074,0,open_products
sess_00673,user_074,1,search_laptop
sess_00673,user_074,2,view_laptop
sess_00673,user_074,3,purchase_laptop
sess_00673,user_074,4,purchase_headphones
sess_00674,user_075,0,open_products
sess_00674,user_075,1,search_laptop
sess_00674,user_075,2,view_laptop
sess_00674,user_075,3,purchase_laptop
sess_00674,user_075,4,purchase_mouse
sess_00674,user_075,5,open_purchases
sess_00675,user_076,0,login
sess_00675,user_076,1,open_products
sess_00675,user_076,2,search_laptop
sess_00675,user_076,3,view_laptop
sess_00675,user_076,4,purchase_laptop
sess_00675,user_076,5,purchase_headphones
sess_00676,user_077,0,view_phone
sess_00676,user_077,1,purchase_phone
sess_00676,user_077,2,purchase_phone_case
sess_00676,user_077,3,open_purchases
sess_00677,user_078,0,open_quotations
sess_00677,user_078,1,create_quotation
sess_00677,user_078,2,add_product
sess_00677,user_078,3,set_discount
sess_00677,user_078,4,save_quotation
sess_00677,user_078,5,open_quotations
sess_00678,user_079,0,open_products
sess_00678,user_079,1,search_phone
sess_00678,user_079,2,view_phone
sess_00678,user_079,3,purchase_phone
sess_00678,user_079,4,purchase_warranty
sess_00679,user_080,0,open_products
sess_00679,user_080,1,search_phone
sess_00679,user_080,2,view_phone
sess_00679,user_080,3,purchase_phone
sess_00679,user_080,4,purchase_phone_case
sess_00679,user_080,5,open_purchases
sess_00680,user_081,0,view_monitor
sess_00680,user_081,1,purchase_monitor
sess_00680,user_081,2,purchase_keyboard
sess_00681,user_082,0,view_laptop
sess_00681,user_082,1,purchase_laptop
sess_00681,user_082,2,purchase_headphones
sess_00681,user_082,3,open_purchases
sess_00682,user_083,0,view_laptop
sess_00682,user_083,1,purchase_laptop
sess_00682,user_083,2,purchase_headphones
sess_00682,user_083,3,open_purchases
sess_00683,user_084,0,open_products
sess_00683,user_084,1,search_phone
sess_00683,user_084,2,view_phone
sess_00683,user_084,3,purchase_phone
sess_00683,user_084,4,purchase_phone_case
sess_00683,user_084,5,open_purchases
sess_00684,user_085,0,open_products
sess_00684,user_085,1,search_laptop
sess_00684,user_085,2,view_laptop
sess_00684,user_085,3,purchase_laptop
sess_00684,user_085,4,purchase_headphones
sess_00685,user_086,0,view_monitor
sess_00685,user_086,1,purchase_monitor
sess_00685,user_086,2,purchase_mouse
sess_00686,user_087,0,create_quotation
sess_00686,user_087,1,add_product
sess_00686,user_087,2,save_quotation
sess_00686,user_087,3,send_quotation
sess_00686,user_087,4,create_order
sess_00687,user_088,0,view_phone
sess_00687,user_088,1,purchase_phone
sess_00687,user_088,2,purchase_phone_case
sess_00687,user_088,3,open_purchases
sess_00688,user_089,0,open_products
sess_00688,user_089,1,search_phone
sess_00688,user_089,2,view_phone
sess_00688,user_089,3,purchase_phone
sess_00688,user_089,4,purchase_warranty
sess_00689,user_090,0,view_laptop
sess_00689,user_090,1,purchase_laptop
sess_00689,user_090,2,purchase_mouse
sess_00690,user_091,0,open_orders
sess_00690,user_091,1,create_order
sess_00690,user_091,2,generate_invoice
sess_00690,user_091,3,confirm_payment
sess_00691,user_092,0,create_quotation
sess_00691,user_092,1,add_product
sess_00691,user_092,2,set_discount
sess_00691,user_092,3,save_quotation
sess_00691,user_092,4,open_quotations
sess_00692,user_093,0,view_laptop
sess_00692,user_093,1,purchase_laptop
sess_00692,user_093,2,purchase_headphones
sess_00693,user_094,0,open_customers
sess_00693,user_094,1,view_customer
sess_00693,user_094,2,view_customer_quotations
sess_00694,user_095,0,create_quotation
sess_00694,user_095,1,add_product
sess_00694,user_095,2,set_discount
sess_00694,user_095,3,save_quotation
sess_00694,user_095,4,send_quotation
sess_00695,user_096,0,view_monitor
sess_00695,user_096,1,purchase_monitor
sess_00695,user_096,2,purchase_keyboard
sess_00696,user_097,0,create_order
sess_00696,user_097,1,generate_invoice
sess_00696,user_097,2,confirm_payment
sess_00697,user_098,0,open_products
sess_00697,user_098,1,search_phone
sess_00697,user_098,2,view_phone
sess_00697,user_098,3,purchase_phone
sess_00697,user_098,4,purchase_phone_case
sess_00697,user_098,5,open_purchases
sess_00698,user_099,0,open_products
sess_00698,user_099,1,search_monitor
sess_00698,user_099,2,view_monitor
sess_00698,user_099,3,purchase_monitor
sess_00698,user_099,4,purchase_headphones
sess_00699,user_100,0,open_products
sess_00699,user_100,1,search_laptop
sess_00699,user_100,2,view_laptop
sess_00699,user_100,3,purchase_laptop
sess_00699,user_100,4,purchase_mouse
sess_00700,user_101,0,open_customers
sess_00700,user_101,1,view_customer
sess_00700,user_101,2,view_customer_quotations
sess_00700,user_101,3,create_quotation
sess_00701,user_102,0,view_customer
sess_00701,user_102,1,view_customer_orders
sess_00702,user_103,0,view_customer
sess_00702,user_103,1,view_customer_quotations
sess_00703,user_104,0,open_products
sess_00703,user_104,1,search_phone
sess_00703,user_104,2,view_phone
sess_00703,user_104,3,purchase_phone
sess_00703,user_104,4,purchase_phone_case
sess_00703,user_104,5,open_purchases
sess_00704,user_105,0,view_laptop
sess_00704,user_105,1,purchase_laptop
sess_00704,user_105,2,purchase_warranty
sess_00704,user_105,3,open_purchases
sess_00705,user_106,0,view_laptop
sess_00705,user_106,1,purchase_laptop
sess_00705,user_106,2,purchase_laptop_bag
sess_00706,user_107,0,view_laptop
sess_00706,user_107,1,purchase_laptop
sess_00706,user_107,2,purchase_headphones
sess_00706,user_107,3,open_purchases
sess_00707,user_108,0,login
sess_00707,user_108,1,open_products
sess_00707,user_108,2,search_laptop
sess_00707,user_108,3,view_laptop
sess_00707,user_108,4,purchase_laptop
sess_00707,user_108,5,purchase_laptop_bag
sess_00707,user_108,6,open_purchases
sess_00708,user_109,0,create_order
sess_00708,user_109,1,generate_invoice
sess_00708,user_109,2,confirm_payment
sess_00709,user_110,0,create_order
sess_00709,user_110,1,generate_invoice
sess_00709,user_110,2,confirm_payment
sess_00710,user_111,0,open_orders
sess_00710,user_111,1,create_order
sess_00710,user_111,2,generate_invoice
sess_00710,user_111,3,confirm_payment
sess_00711,user_112,0,open_orders
sess_00711,user_112,1,create_order
sess_00711,user_112,2,assign_delivery
sess_00712,user_113,0,view_laptop
sess_00712,user_113,1,purchase_laptop
sess_00712,user_113,2,purchase_laptop_bag
sess_00712,user_113,3,open_purchases
sess_00713,user_114,0,open_products
sess_00713,user_114,1,search_laptop
sess_00713,user_114,2,view_laptop
sess_00713,user_114,3,purchase_laptop
sess_00713,user_114,4,purchase_headphones
sess_00713,user_114,5,open_purchases
sess_00714,user_115,0,open_products
sess_00714,user_115,1,search_laptop
sess_00714,user_115,2,view_laptop
sess_00714,user_115,3,purchase_laptop
sess_00714,user_115,4,purchase_headphones
sess_00715,user_116,0,create_order
sess_00715,user_116,1,generate_invoice
sess_00715,user_116,2,confirm_payment
sess_00716,user_117,0,open_products
sess_00716,user_117,1,search_monitor
sess_00716,user_117,2,view_monitor
sess_00716,user_117,3,purchase_monitor
sess_00716,user_117,4,purchase_keyboard
sess_00717,user_118,0,view_customer
sess_00717,user_118,1,view_customer_quotations
sess_00717,user_118,2,create_quotation
sess_00718,user_119,0,view_laptop
sess_00718,user_119,1,purchase_laptop
sess_00718,user_119,2,purchase_headphones
sess_00719,user_120,0,open_products
sess_00719,user_120,1,search_laptop
sess_00719,user_120,2,view_laptop
sess_00719,user_120,3,purchase_laptop
sess_00719,user_120,4,purchase_headphones
sess_00720,user_121,0,view_monitor
sess_00720,user_121,1,purchase_monitor
sess_00720,user_121,2,purchase_keyboard
sess_00721,user_122,0,view_monitor
sess_00721,user_122,1,purchase_monitor
sess_00721,user_122,2,purchase_keyboard
sess_00722,user_123,0,view_laptop
sess_00722,user_123,1,purchase_laptop
sess_00722,user_123,2,purchase_laptop_bag
sess_00722,user_123,3,open_purchases
sess_00723,user_124,0,open_products
sess_00723,user_124,1,search_laptop
sess_00723,user_124,2,view_laptop
sess_00723,user_124,3,purchase_laptop
sess_00723,user_124,4,purchase_headphones
sess_00723,user_124,5,open_purchases
sess_00724,user_125,0,create_quotation
sess_00724,user_125,1,add_product
sess_00724,user_125,2,set_discount
sess_00724,user_125,3,save_quotation
sess_00724,user_125,4,send_quotation
sess_00724,user_125,5,create_order
sess_00725,user_126,0,login
sess_00725,user_126,1,open_products
sess_00725,user_126,2,search_laptop
sess_00725,user_126,3,view_laptop
sess_00725,user_126,4,purchase_laptop
sess_00725,user_126,5,purchase_headphones
sess_00725,user_126,6,open_purchases
sess_00726,user_127,0,open_products
sess_00726,user_127,1,search_phone
sess_00726,user_127,2,view_phone
sess_00726,user_127,3,purchase_phone
sess_00726,user_127,4,purchase_phone_case
sess_00726,user_127,5,open_purchases
sess_00727,user_128,0,open_products
sess_00727,user_128,1,search_laptop
sess_00727,user_128,2,view_laptop
sess_00727,user_128,3,purchase_laptop
sess_00727,user_128,4,purchase_headphones
sess_00727,user_128,5,open_purchases
sess_00728,user_129,0,view_laptop
sess_00728,user_129,1,purchase_laptop
sess_00728,user_129,2,purchase_headphones
sess_00728,user_129,3,open_purchases
sess_00729,user_130,0,open_quotations
sess_00729,user_130,1,create_quotation
sess_00729,user_130,2,add_product
sess_00729,user_130,3,set_discount
sess_00729,user_130,4,save_quotation
sess_00729,user_130,5,send_quotation
sess_00730,user_131,0,open_products
sess_00730,user_131,1,search_phone
sess_00730,user_131,2,view_phone
sess_00730,user_131,3,purchase_phone
sess_00730,user_131,4,purchase_phone_case
sess_00730,user_131,5,open_purchases
sess_00731,user_132,0,open_products
sess_00731,user_132,1,search_laptop
sess_00731,user_132,2,view_laptop
sess_00731,user_132,3,purchase_laptop
sess_00731,user_132,4,purchase_headphones
sess_00732,user_133,0,open_quotations
sess_00732,user_133,1,create_quotation
sess_00732,user_133,2,add_product
sess_00732,user_133,3,set_discount
sess_00732,user_133,4,save_quotation
sess_00732,user_133,5,send_quotation
sess_00733,user_134,0,view_monitor
sess_00733,user_134,1,purchase_monitor
sess_00733,user_134,2,purchase_mouse
sess_00734,user_135,0,open_quotations
sess_00734,user_135,1,create_quotation
sess_00734,user_135,2,add_product
sess_00734,user_135,3,set_discount
sess_00734,user_135,4,save_quotation
sess_00734,user_135,5,open_quotations
sess_00735,user_136,0,view_phone
sess_00735,user_136,1,purchase_phone
sess_00735,user_136,2,purchase_phone_case
sess_00736,user_137,0,create_quotation
sess_00736,user_137,1,add_product
sess_00736,user_137,2,save_quotation
sess_00736,user_137,3,open_quotations
sess_00737,user_138,0,create_quotation
sess_00737,user_138,1,add_product
sess_00737,user_138,2,set_discount
sess_00737,user_138,3,save_quotation
sess_00737,user_138,4,send_quotation
sess_00737,user_138,5,create_order
sess_00738,user_139,0,create_order
sess_00738,user_139,1,assign_delivery
sess_00739,user_140,0,open_products
sess_00739,user_140,1,search_laptop
sess_00739,user_140,2,view_laptop
sess_00739,user_140,3,purchase_laptop
sess_00739,user_140,4,purchase_warranty
sess_00739,user_140,5,open_purchases
sess_00740,user_141,0,create_order
sess_00740,user_141,1,assign_delivery
sess_00741,user_142,0,login
sess_00741,user_142,1,open_products
sess_00741,user_142,2,search_laptop
sess_00741,user_142,3,view_laptop
sess_00741,user_142,4,purchase_laptop
sess_00741,user_142,5,purchase_headphones
sess_00741,user_142,6,open_purchases
sess_00742,user_143,0,open_products
sess_00742,user_143,1,search_phone
sess_00742,user_143,2,view_phone
sess_00742,user_143,3,purchase_phone
sess_00742,user_143,4,purchase_phone_case
sess_00742,user_143,5,open_purchases
sess_00743,user_144,0,view_customer
sess_00743,user_144,1,view_customer_quotations
sess_00743,user_144,2,create_quotation
sess_00744,user_145,0,open_products
sess_00744,user_145,1,search_phone
sess_00744,user_145,2,view_phone
sess_00744,user_145,3,purchase_phone
sess_00744,user_145,4,purchase_phone_case
sess_00744,user_145,5,open_purchases
sess_00745,user_146,0,create_quotation
sess_00745,user_146,1,add_product
sess_00745,user_146,2,save_quotation
sess_00745,user_146,3,send_quotation
sess_00745,user_146,4,create_order
sess_00746,user_147,0,view_phone
sess_00746,user_147,1,purchase_phone
sess_00746,user_147,2,purchase_phone_case
sess_00746,user_147,3,open_purchases
sess_00747,user_148,0,view_phone
sess_00747,user_148,1,purchase_phone
sess_00747,user_148,2,purchase_phone_case
sess_00747,user_148,3,open_purchases
sess_00748,user_149,0,view_monitor
sess_00748,user_149,1,purchase_monitor
sess_00748,user_149,2,purchase_keyboard
sess_00749,user_150,0,open_customers
sess_00749,user_150,1,view_customer
sess_00749,user_150,2,view_customer_quotations
sess_00750,user_001,0,create_order
sess_00750,user_001,1,generate_invoice
sess_00751,user_002,0,open_products
sess_00751,user_002,1,search_phone
sess_00751,user_002,2,view_phone
sess_00751,user_002,3,purchase_phone
sess_00751,user_002,4,purchase_phone_case
sess_00751,user_002,5,open_purchases
sess_00752,user_003,0,view_laptop
sess_00752,user_003,1,purchase_laptop
sess_00752,user_003,2,purchase_warranty
sess_00752,user_003,3,open_purchases
sess_00753,user_004,0,open_customers
sess_00753,user_004,1,view_customer
sess_00753,user_004,2,view_customer_quotations
sess_00753,user_004,3,create_quotation
sess_00754,user_005,0,open_products
sess_00754,user_005,1,search_laptop
sess_00754,user_005,2,view_laptop
sess_00754,user_005,3,purchase_laptop
sess_00754,user_005,4,purchase_mouse
sess_00755,user_006,0,create_quotation
sess_00755,user_006,1,add_product
sess_00755,user_006,2,save_quotation
sess_00755,user_006,3,send_quotation
sess_00755,user_006,4,create_order
sess_00756,user_007,0,view_phone
sess_00756,user_007,1,purchase_phone
sess_00756,user_007,2,purchase_headphones
sess_00757,user_008,0,open_products
sess_00757,user_008,1,search_laptop
sess_00757,user_008,2,view_laptop
sess_00757,user_008,3,purchase_laptop
sess_00757,user_008,4,purchase_mouse
sess_00758,user_009,0,open_products
sess_00758,user_009,1,search_laptop
sess_00758,user_009,2,view_laptop
sess_00758,user_009,3,purchase_laptop
sess_00758,user_009,4,purchase_laptop_bag
sess_00759,user_010,0,view_laptop
sess_00759,user_010,1,purchase_laptop
sess_00759,user_010,2,purchase_headphones
sess_00759,user_010,3,open_purchases
sess_00760,user_011,0,open_products
sess_00760,user_011,1,search_laptop
sess_00760,user_011,2,view_laptop
sess_00760,user_011,3,purchase_laptop
sess_00760,user_011,4,purchase_headphones
sess_00760,user_011,5,open_purchases
sess_00761,user_012,0,view_customer
sess_00761,user_012,1,view_customer_quotations
sess_00761,user_012,2,create_quotation
sess_00762,user_013,0,view_customer
sess_00762,user_013,1,view_customer_quotations
sess_00762,user_013,2,create_quotation
sess_00763,user_014,0,open_products
sess_00763,user_014,1,search_phone
sess_00763,user_014,2,view_phone
sess_00763,user_014,3,purchase_phone
sess_00763,user_014,4,purchase_phone_case
sess_00764,user_015,0,view_customer
sess_00764,user_015,1,view_customer_quotations
sess_00764,user_015,2,create_quotation
sess_00765,user_016,0,open_products
sess_00765,user_016,1,search_phone
sess_00765,user_016,2,view_phone
sess_00765,user_016,3,purchase_phone
sess_00765,user_016,4,purchase_headphones
sess_00766,user_017,0,view_laptop
sess_00766,user_017,1,purchase_laptop
sess_00766,user_017,2,purchase_headphones
sess_00766,user_017,3,open_purchases
sess_00767,user_018,0,view_laptop
sess_00767,user_018,1,purchase_laptop
sess_00767,user_018,2,purchase_warranty
sess_00767,user_018,3,open_purchases
sess_00768,user_019,0,open_products
sess_00768,user_019,1,search_phone
sess_00768,user_019,2,view_phone
sess_00768,user_019,3,purchase_phone
sess_00768,user_019,4,purchase_phone_case
sess_00768,user_019,5,open_purchases
sess_00769,user_020,0,login
sess_00769,user_020,1,open_products
sess_00769,user_020,2,search_phone
sess_00769,user_020,3,view_phone
sess_00769,user_020,4,purchase_phone
sess_00769,user_020,5,purchase_phone_case
sess_00769,user_020,6,open_purchases
sess_00770,user_021,0,view_monitor
sess_00770,user_021,1,purchase_monitor
sess_00770,user_021,2,purchase_mouse
sess_00771,user_022,0,view_phone
sess_00771,user_022,1,purchase_phone
sess_00771,user_022,2,purchase_phone_case
sess_00771,user_022,3,open_purchases
sess_00772,user_023,0,view_laptop
sess_00772,user_023,1,purchase_laptop
sess_00772,user_023,2,purchase_laptop_bag
sess_00772,user_023,3,open_purchases
sess_00773,user_024,0,create_quotation
sess_00773,user_024,1,add_product
sess_00773,user_024,2,set_discount
sess_00773,user_024,3,save_quotation
sess_00773,user_024,4,send_quotation
sess_00774,user_025,0,view_customer
sess_00774,user_025,1,view_customer_orders
sess_00775,user_026,0,view_monitor
sess_00775,user_026,1,purchase_monitor
sess_00775,user_026,2,purchase_mouse
sess_00776,user_027,0,create_quotation
sess_00776,user_027,1,add_product
sess_00776,user_027,2,save_quotation
sess_00776,user_027,3,send_quotation
sess_00776,user_027,4,create_order
sess_00777,user_028,0,open_products
sess_00777,user_028,1,search_phone
sess_00777,user_028,2,view_phone
sess_00777,user_028,3,purchase_phone
sess_00777,user_028,4,purchase_headphones
sess_00777,user_028,5,open_purchases
sess_00778,user_029,0,view_laptop
sess_00778,user_029,1,purchase_laptop
sess_00778,user_029,2,purchase_headphones
sess_00779,user_030,0,view_customer
sess_00779,user_030,1,view_customer_quotations
sess_00780,user_031,0,view_customer
sess_00780,user_031,1,view_customer_quotations
sess_00780,user_031,2,create_quotation
sess_00781,user_032,0,open_products
sess_00781,user_032,1,search_laptop
sess_00781,user_032,2,view_laptop
sess_00781,user_032,3,purchase_laptop
sess_00781,user_032,4,purchase_mouse
sess_00782,user_033,0,view_laptop
sess_00782,user_033,1,purchase_laptop
sess_00782,user_033,2,purchase_headphones
sess_00782,user_033,3,open_purchases
sess_00783,user_034,0,open_quotations
sess_00783,user_034,1,create_quotation
sess_00783,user_034,2,add_product
sess_00783,user_034,3,save_quotation
sess_00783,user_034,4,send_quotation
sess_00783,user_034,5,create_order
sess_00784,user_035,0,view_phone
sess_00784,user_035,1,purchase_phone
sess_00784,user_035,2,purchase_headphones
sess_00784,user_035,3,open_purchases
sess_00785,user_036,0,open_orders
sess_00785,user_036,1,create_order
sess_00785,user_036,2,assign_delivery
sess_00786,user_037,0,view_monitor
sess_00786,user_037,1,purchase_monitor
sess_00786,user_037,2,purchase_keyboard
sess_00787,user_038,0,open_products
sess_00787,user_038,1,search_phone
sess_00787,user_038,2,view_phone
sess_00787,user_038,3,purchase_phone
sess_00787,user_038,4,purchase_headphones
sess_00787,user_038,5,open_purchases
sess_00788,user_039,0,open_products
sess_00788,user_039,1,search_laptop
sess_00788,user_039,2,view_laptop
sess_00788,user_039,3,purchase_laptop
sess_00788,user_039,4,purchase_headphones
sess_00789,user_040,0,open_products
sess_00789,user_040,1,search_phone
sess_00789,user_040,2,view_phone
sess_00789,user_040,3,purchase_phone
sess_00789,user_040,4,purchase_headphones
sess_00790,user_041,0,view_phone
sess_00790,user_041,1,purchase_phone
sess_00790,user_041,2,purchase_phone_case
sess_00790,user_041,3,open_purchases
sess_00791,user_042,0,view_laptop
sess_00791,user_042,1,purchase_laptop
sess_00791,user_042,2,purchase_mouse
sess_00791,user_042,3,open_purchases
sess_00792,user_043,0,open_quotations
sess_00792,user_043,1,create_quotation
sess_00792,user_043,2,add_product
sess_00792,user_043,3,set_discount
sess_00792,user_043,4,save_quotation
sess_00792,user_043,5,send_quotation
sess_00792,user_043,6,create_order
sess_00793,user_044,0,open_orders
sess_00793,user_044,1,create_order
sess_00793,user_044,2,generate_invoice
sess_00793,user_044,3,confirm_payment
sess_00794,user_045,0,open_products
sess_00794,user_045,1,search_phone
sess_00794,user_045,2,view_phone
sess_00794,user_045,3,purchase_phone
sess_00794,user_045,4,purchase_phone_case
sess_00795,user_046,0,view_laptop
sess_00795,user_046,1,purchase_laptop
sess_00795,user_046,2,purchase_headphones
sess_00795,user_046,3,open_purchases
sess_00796,user_047,0,open_products
sess_00796,user_047,1,search_phone
sess_00796,user_047,2,view_phone
sess_00796,user_047,3,purchase_phone
sess_00796,user_047,4,purchase_phone_case
sess_00796,user_047,5,open_purchases
sess_00797,user_048,0,view_laptop
sess_00797,user_048,1,purchase_laptop
sess_00797,user_048,2,purchase_headphones
sess_00798,user_049,0,open_products
sess_00798,user_049,1,search_monitor
sess_00798,user_049,2,view_monitor
sess_00798,user_049,3,purchase_monitor
sess_00798,user_049,4,purchase_headphones
sess_00799,user_050,0,open_orders
sess_00799,user_050,1,create_order
sess_00799,user_050,2,assign_delivery
sess_00800,user_051,0,open_products
sess_00800,user_051,1,search_phone
sess_00800,user_051,2,view_phone
sess_00800,user_051,3,purchase_phone
sess_00800,user_051,4,purchase_warranty
sess_00801,user_052,0,open_products
sess_00801,user_052,1,search_phone
sess_00801,user_052,2,view_phone
sess_00801,user_052,3,purchase_phone
sess_00801,user_052,4,purchase_headphones
sess_00801,user_052,5,open_purchases
sess_00802,user_053,0,create_quotation
sess_00802,user_053,1,add_product
sess_00802,user_053,2,set_discount
sess_00802,user_053,3,save_quotation
sess_00802,user_053,4,send_quotation
sess_00802,user_053,5,create_order
sess_00803,user_054,0,view_laptop
sess_00803,user_054,1,purchase_laptop
sess_00803,user_054,2,purchase_headphones
sess_00803,user_054,3,open_purchases
sess_00804,user_055,0,create_order
sess_00804,user_055,1,generate_invoice
sess_00804,user_055,2,confirm_payment
sess_00805,user_056,0,open_quotations
sess_00805,user_056,1,create_quotation
sess_00805,user_056,2,add_product
sess_00805,user_056,3,set_discount
sess_00805,user_056,4,save_quotation
sess_00805,user_056,5,send_quotation
sess_00805,user_056,6,create_order
sess_00806,user_057,0,view_laptop
sess_00806,user_057,1,purchase_laptop
sess_00806,user_057,2,purchase_headphones
sess_00806,user_057,3,open_purchases
sess_00807,user_058,0,open_quotations
sess_00807,user_058,1,create_quotation
sess_00807,user_058,2,add_product
sess_00807,user_058,3,set_discount
sess_00807,user_058,4,save_quotation
sess_00807,user_058,5,send_quotation
sess_00808,user_059,0,view_laptop
sess_00808,user_059,1,purchase_laptop
sess_00808,user_059,2,purchase_headphones
sess_00808,user_059,3,open_purchases
sess_00809,user_060,0,open_products
sess_00809,user_060,1,search_laptop
sess_00809,user_060,2,view_laptop
sess_00809,user_060,3,purchase_laptop
sess_00809,user_060,4,purchase_headphones
sess_00809,user_060,5,open_purchases
sess_00810,user_061,0,view_laptop
sess_00810,user_061,1,purchase_laptop
sess_00810,user_061,2,purchase_headphones
sess_00810,user_061,3,open_purchases
sess_00811,user_062,0,view_laptop
sess_00811,user_062,1,purchase_laptop
sess_00811,user_062,2,purchase_headphones
sess_00811,user_062,3,open_purchases
sess_00812,user_063,0,view_customer
sess_00812,user_063,1,view_customer_quotations
sess_00812,user_063,2,create_quotation
sess_00813,user_064,0,view_laptop
sess_00813,user_064,1,purchase_laptop
sess_00813,user_064,2,purchase_headphones
sess_00813,user_064,3,open_purchases
sess_00814,user_065,0,view_laptop
sess_00814,user_065,1,purchase_laptop
sess_00814,user_065,2,purchase_headphones
sess_00814,user_065,3,open_purchases
sess_00815,user_066,0,open_products
sess_00815,user_066,1,search_laptop
sess_00815,user_066,2,view_laptop
sess_00815,user_066,3,purchase_laptop
sess_00815,user_066,4,purchase_headphones
sess_00816,user_067,0,view_phone
sess_00816,user_067,1,purchase_phone
sess_00816,user_067,2,purchase_headphones
sess_00816,user_067,3,open_purchases
sess_00817,user_068,0,view_customer
sess_00817,user_068,1,view_customer_quotations
sess_00817,user_068,2,create_quotation
sess_00818,user_069,0,login
sess_00818,user_069,1,open_products
sess_00818,user_069,2,search_phone
sess_00818,user_069,3,view_phone
sess_00818,user_069,4,purchase_phone
sess_00818,user_069,5,purchase_phone_case
sess_00819,user_070,0,open_products
sess_00819,user_070,1,search_laptop
sess_00819,user_070,2,view_laptop
sess_00819,user_070,3,purchase_laptop
sess_00819,user_070,4,purchase_warranty
sess_00819,user_070,5,open_purchases
sess_00820,user_071,0,view_phone
sess_00820,user_071,1,purchase_phone
sess_00820,user_071,2,purchase_phone_case
sess_00821,user_072,0,view_laptop
sess_00821,user_072,1,purchase_laptop
sess_00821,user_072,2,purchase_laptop_bag
sess_00821,user_072,3,open_purchases
sess_00822,user_073,0,login
sess_00822,user_073,1,open_products
sess_00822,user_073,2,search_phone
sess_00822,user_073,3,view_phone
sess_00822,user_073,4,purchase_phone
sess_00822,user_073,5,purchase_phone_case
sess_00822,user_073,6,open_purchases
sess_00823,user_074,0,open_products
sess_00823,user_074,1,search_phone
sess_00823,user_074,2,view_phone
sess_00823,user_074,3,purchase_phone
sess_00823,user_074,4,purchase_phone_case
sess_00823,user_074,5,open_purchases
sess_00824,user_075,0,view_customer
sess_00824,user_075,1,view_customer_quotations
sess_00825,user_076,0,open_products
sess_00825,user_076,1,search_laptop
sess_00825,user_076,2,view_laptop
sess_00825,user_076,3,purchase_laptop
sess_00825,user_076,4,purchase_headphones
sess_00825,user_076,5,open_purchases
sess_00826,user_077,0,view_phone
sess_00826,user_077,1,purchase_phone
sess_00826,user_077,2,purchase_headphones
sess_00826,user_077,3,open_purchases
sess_00827,user_078,0,view_monitor
sess_00827,user_078,1,purchase_monitor
sess_00827,user_078,2,purchase_mouse
sess_00828,user_079,0,view_phone
sess_00828,user_079,1,purchase_phone
sess_00828,user_079,2,purchase_phone_case
sess_00828,user_079,3,open_purchases
sess_00829,user_080,0,open_products
sess_00829,user_080,1,search_laptop
sess_00829,user_080,2,view_laptop
sess_00829,user_080,3,purchase_laptop
sess_00829,user_080,4,purchase_mouse
sess_00829,user_080,5,open_purchases
sess_00830,user_081,0,view_customer
sess_00830,user_081,1,update_customer
sess_00831,user_082,0,view_laptop
sess_00831,user_082,1,purchase_laptop
sess_00831,user_082,2,purchase_laptop_bag
sess_00832,user_083,0,open_customers
sess_00832,user_083,1,view_customer
sess_00832,user_083,2,view_customer_quotations
sess_00832,user_083,3,create_quotation
sess_00833,user_084,0,open_orders
sess_00833,user_084,1,create_order
sess_00833,user_084,2,generate_invoice
sess_00833,user_084,3,confirm_payment
sess_00834,user_085,0,open_products
sess_00834,user_085,1,search_phone
sess_00834,user_085,2,view_phone
sess_00834,user_085,3,purchase_phone
sess_00834,user_085,4,purchase_phone_case
sess_00835,user_086,0,view_phone
sess_00835,user_086,1,purchase_phone
sess_00835,user_086,2,purchase_phone_case
sess_00835,user_086,3,open_purchases
sess_00836,user_087,0,open_quotations
sess_00836,user_087,1,create_quotation
sess_00836,user_087,2,add_product
sess_00836,user_087,3,set_discount
sess_00836,user_087,4,save_quotation
sess_00836,user_087,5,send_quotation
sess_00836,user_087,6,create_order
sess_00837,user_088,0,view_laptop
sess_00837,user_088,1,purchase_laptop
sess_00837,user_088,2,purchase_headphones
sess_00837,user_088,3,open_purchases
sess_00838,user_089,0,login
sess_00838,user_089,1,open_products
sess_00838,user_089,2,search_laptop
sess_00838,user_089,3,view_laptop
sess_00838,user_089,4,purchase_laptop
sess_00838,user_089,5,purchase_headphones
sess_00838,user_089,6,open_purchases
sess_00839,user_090,0,open_products
sess_00839,user_090,1,search_laptop
sess_00839,user_090,2,view_laptop
sess_00839,user_090,3,purchase_laptop
sess_00839,user_090,4,purchase_headphones
sess_00839,user_090,5,open_purchases
sess_00840,user_091,0,view_phone
sess_00840,user_091,1,purchase_phone
sess_00840,user_091,2,purchase_phone_case
sess_00841,user_092,0,open_products
sess_00841,user_092,1,search_laptop
sess_00841,user_092,2,view_laptop
sess_00841,user_092,3,purchase_laptop
sess_00841,user_092,4,purchase_mouse
sess_00842,user_093,0,view_phone
sess_00842,user_093,1,purchase_phone
sess_00842,user_093,2,purchase_phone_case
sess_00842,user_093,3,open_purchases
sess_00843,user_094,0,view_laptop
sess_00843,user_094,1,purchase_laptop
sess_00843,user_094,2,purchase_headphones
sess_00843,user_094,3,open_purchases
sess_00844,user_095,0,view_laptop
sess_00844,user_095,1,purchase_laptop
sess_00844,user_095,2,purchase_headphones
sess_00845,user_096,0,open_quotations
sess_00845,user_096,1,create_quotation
sess_00845,user_096,2,add_product
sess_00845,user_096,3,set_discount
sess_00845,user_096,4,save_quotation
sess_00845,user_096,5,open_quotations
sess_00846,user_097,0,view_customer
sess_00846,user_097,1,view_customer_orders
sess_00847,user_098,0,login
sess_00847,user_098,1,open_products
sess_00847,user_098,2,search_phone
sess_00847,user_098,3,view_phone
sess_00847,user_098,4,purchase_phone
sess_00847,user_098,5,purchase_phone_case
sess_00847,user_098,6,open_purchases
sess_00848,user_099,0,open_products
sess_00848,user_099,1,search_monitor
sess_00848,user_099,2,view_monitor
sess_00848,user_099,3,purchase_monitor
sess_00848,user_099,4,purchase_headphones
sess_00849,user_100,0,open_customers
sess_00849,user_100,1,view_customer
sess_00849,user_100,2,view_customer_quotations
sess_00850,user_101,0,view_laptop
sess_00850,user_101,1,purchase_laptop
sess_00850,user_101,2,purchase_headphones
sess_00850,user_101,3,open_purchases
sess_00851,user_102,0,view_monitor
sess_00851,user_102,1,purchase_monitor
sess_00851,user_102,2,purchase_keyboard
sess_00852,user_103,0,login
sess_00852,user_103,1,open_products
sess_00852,user_103,2,search_phone
sess_00852,user_103,3,view_phone
sess_00852,user_103,4,purchase_phone
sess_00852,user_103,5,purchase_headphones
sess_00852,user_103,6,open_purchases
sess_00853,user_104,0,create_order
sess_00853,user_104,1,generate_invoice
sess_00853,user_104,2,confirm_payment
sess_00854,user_105,0,view_phone
sess_00854,user_105,1,purchase_phone
sess_00854,user_105,2,purchase_phone_case
sess_00855,user_106,0,view_customer
sess_00855,user_106,1,update_customer
sess_00856,user_107,0,open_quotations
sess_00856,user_107,1,create_quotation
sess_00856,user_107,2,add_product
sess_00856,user_107,3,set_discount
sess_00856,user_107,4,save_quotation
sess_00856,user_107,5,send_quotation
sess_00856,user_107,6,create_order
sess_00857,user_108,0,create_quotation
sess_00857,user_108,1,add_product
sess_00857,user_108,2,set_discount
sess_00857,user_108,3,save_quotation
sess_00857,user_108,4,open_quotations
sess_00858,user_109,0,view_monitor
sess_00858,user_109,1,purchase_monitor
sess_00858,user_109,2,purchase_keyboard
sess_00859,user_110,0,open_products
sess_00859,user_110,1,search_laptop
sess_00859,user_110,2,view_laptop
sess_00859,user_110,3,purchase_laptop
sess_00859,user_110,4,purchase_headphones
sess_00859,user_110,5,open_purchases
sess_00860,user_111,0,open_quotations
sess_00860,user_111,1,create_quotation
sess_00860,user_111,2,add_product
sess_00860,user_111,3,save_quotation
sess_00860,user_111,4,open_quotations
sess_00861,user_112,0,login
sess_00861,user_112,1,open_products
sess_00861,user_112,2,search_phone
sess_00861,user_112,3,view_phone
sess_00861,user_112,4,purchase_phone
sess_00861,user_112,5,purchase_phone_case
sess_00861,user_112,6,open_purchases
sess_00862,user_113,0,view_laptop
sess_00862,user_113,1,purchase_laptop
sess_00862,user_113,2,purchase_mouse
sess_00862,user_113,3,open_purchases
sess_00863,user_114,0,open_products
sess_00863,user_114,1,search_phone
sess_00863,user_114,2,view_phone
sess_00863,user_114,3,purchase_phone
sess_00863,user_114,4,purchase_headphones
sess_00863,user_114,5,open_purchases
sess_00864,user_115,0,view_phone
sess_00864,user_115,1,purchase_phone
sess_00864,user_115,2,purchase_headphones
sess_00864,user_115,3,open_purchases
sess_00865,user_116,0,view_customer
sess_00865,user_116,1,view_customer_orders
sess_00866,user_117,0,create_quotation
sess_00866,user_117,1,add_product
sess_00866,user_117,2,set_discount
sess_00866,user_117,3,save_quotation
sess_00866,user_117,4,send_quotation
sess_00867,user_118,0,login
sess_00867,user_118,1,open_products
sess_00867,user_118,2,search_phone
sess_00867,user_118,3,view_phone
sess_00867,user_118,4,purchase_phone
sess_00867,user_118,5,purchase_phone_case
sess_00868,user_119,0,open_orders
sess_00868,user_119,1,create_order
sess_00868,user_119,2,generate_invoice
sess_00868,user_119,3,confirm_payment
sess_00869,user_120,0,view_laptop
sess_00869,user_120,1,purchase_laptop
sess_00869,user_120,2,purchase_laptop_bag
sess_00870,user_121,0,view_customer
sess_00870,user_121,1,view_customer_quotations
sess_00871,user_122,0,view_monitor
sess_00871,user_122,1,purchase_monitor
sess_00871,user_122,2,purchase_mouse
sess_00872,user_123,0,open_orders
sess_00872,user_123,1,create_order
sess_00872,user_123,2,generate_invoice
sess_00872,user_123,3,confirm_payment
sess_00873,user_124,0,open_products
sess_00873,user_124,1,search_laptop
sess_00873,user_124,2,view_laptop
sess_00873,user_124,3,purchase_laptop
sess_00873,user_124,4,purchase_headphones
sess_00873,user_124,5,open_purchases
sess_00874,user_125,0,view_phone
sess_00874,user_125,1,purchase_phone
sess_00874,user_125,2,purchase_phone_case
sess_00874,user_125,3,open_purchases
sess_00875,user_126,0,view_phone
sess_00875,user_126,1,purchase_phone
sess_00875,user_126,2,purchase_phone_case
sess_00875,user_126,3,open_purchases
sess_00876,user_127,0,view_laptop
sess_00876,user_127,1,purchase_laptop
sess_00876,user_127,2,purchase_mouse
sess_00876,user_127,3,open_purchases
sess_00877,user_128,0,open_products
sess_00877,user_128,1,search_monitor
sess_00877,user_128,2,view_monitor
sess_00877,user_128,3,purchase_monitor
sess_00877,user_128,4,purchase_mouse
sess_00878,user_129,0,open_products
sess_00878,user_129,1,search_phone
sess_00878,user_129,2,view_phone
sess_00878,user_129,3,purchase_phone
sess_00878,user_129,4,purchase_phone_case
sess_00878,user_129,5,open_purchases
sess_00879,user_130,0,open_products
sess_00879,user_130,1,search_monitor
sess_00879,user_130,2,view_monitor
sess_00879,user_130,3,purchase_monitor
sess_00879,user_130,4,purchase_keyboard
sess_00880,user_131,0,open_products
sess_00880,user_131,1,search_laptop
sess_00880,user_131,2,view_laptop
sess_00880,user_131,3,purchase_laptop
sess_00880,user_131,4,purchase_headphones
sess_00880,user_131,5,open_purchases
sess_00881,user_132,0,open_products
sess_00881,user_132,1,search_phone
sess_00881,user_132,2,view_phone
sess_00881,user_132,3,purchase_phone
sess_00881,user_132,4,purchase_headphones
sess_00881,user_132,5,open_purchases
sess_00882,user_133,0,create_order
sess_00882,user_133,1,assign_delivery
sess_00883,user_134,0,view_laptop
sess_00883,user_134,1,purchase_laptop
sess_00883,user_134,2,purchase_laptop_bag
sess_00883,user_134,3,open_purchases
sess_00884,user_135,0,create_quotation
sess_00884,user_135,1,add_product
sess_00884,user_135,2,set_discount
sess_00884,user_135,3,save_quotation
sess_00884,user_135,4,send_quotation
sess_00885,user_136,0,open_orders
sess_00885,user_136,1,create_order
sess_00885,user_136,2,generate_invoice
sess_00885,user_136,3,confirm_payment
sess_00886,user_137,0,view_customer
sess_00886,user_137,1,view_customer_quotations
sess_00887,user_138,0,open_products
sess_00887,user_138,1,search_phone
sess_00887,user_138,2,view_phone
sess_00887,user_138,3,purchase_phone
sess_00887,user_138,4,purchase_warranty
sess_00887,user_138,5,open_purchases
sess_00888,user_139,0,view_monitor
sess_00888,user_139,1,purchase_monitor
sess_00888,user_139,2,purchase_keyboard
sess_00889,user_140,0,create_order
sess_00889,user_140,1,generate_invoice
sess_00889,user_140,2,confirm_payment
sess_00890,user_141,0,create_quotation
sess_00890,user_141,1,add_product
sess_00890,user_141,2,save_quotation
sess_00890,user_141,3,send_quotation
sess_00890,user_141,4,create_order
sess_00891,user_142,0,view_monitor
sess_00891,user_142,1,purchase_monitor
sess_00891,user_142,2,purchase_headphones
sess_00892,user_143,0,create_quotation
sess_00892,user_143,1,add_product
sess_00892,user_143,2,save_quotation
sess_00892,user_143,3,send_quotation
sess_00892,user_143,4,create_order
sess_00893,user_144,0,open_products
sess_00893,user_144,1,search_phone
sess_00893,user_144,2,view_phone
sess_00893,user_144,3,purchase_phone
sess_00893,user_144,4,purchase_phone_case
sess_00893,user_144,5,open_purchases
sess_00894,user_145,0,create_quotation
sess_00894,user_145,1,add_product
sess_00894,user_145,2,set_discount
sess_00894,user_145,3,save_quotation
sess_00894,user_145,4,send_quotation
sess_00894,user_145,5,create_order
sess_00895,user_146,0,view_phone
sess_00895,user_146,1,purchase_phone
sess_00895,user_146,2,purchase_phone_case
sess_00895,user_146,3,open_purchases
sess_00896,user_147,0,view_monitor
sess_00896,user_147,1,purchase_monitor
sess_00896,user_147,2,purchase_keyboard
sess_00897,user_148,0,create_quotation
sess_00897,user_148,1,add_product
sess_00897,user_148,2,save_quotation
sess_00897,user_148,3,send_quotation
sess_00898,user_149,0,view_laptop
sess_00898,user_149,1,purchase_laptop
sess_00898,user_149,2,purchase_headphones
sess_00899,user_150,0,open_products
sess_00899,user_150,1,search_phone
sess_00899,user_150,2,view_phone
sess_00899,user_150,3,purchase_phone
sess_00899,user_150,4,purchase_phone_case
sess_00899,user_150,5,open_purchases
sess_00900,user_001,0,open_products
sess_00900,user_001,1,search_monitor
sess_00900,user_001,2,view_monitor
sess_00900,user_001,3,purchase_monitor
sess_00900,user_001,4,purchase_keyboard
sess_00901,user_002,0,create_quotation
sess_00901,user_002,1,add_product
sess_00901,user_002,2,save_quotation
sess_00901,user_002,3,send_quotation
sess_00901,user_002,4,create_order
sess_00902,user_003,0,view_customer
sess_00902,user_003,1,view_customer_orders
sess_00903,user_004,0,view_phone
sess_00903,user_004,1,purchase_phone
sess_00903,user_004,2,purchase_phone_case
sess_00903,user_004,3,open_purchases
sess_00904,user_005,0,view_laptop
sess_00904,user_005,1,purchase_laptop
sess_00904,user_005,2,purchase_laptop_bag
sess_00904,user_005,3,open_purchases
sess_00905,user_006,0,create_quotation
sess_00905,user_006,1,add_product
sess_00905,user_006,2,set_discount
sess_00905,user_006,3,save_quotation
sess_00905,user_006,4,send_quotation
sess_00905,user_006,5,create_order
sess_00906,user_007,0,open_products
sess_00906,user_007,1,search_monitor
sess_00906,user_007,2,view_monitor
sess_00906,user_007,3,purchase_monitor
sess_00906,user_007,4,purchase_keyboard
sess_00907,user_008,0,open_customers
sess_00907,user_008,1,view_customer
sess_00907,user_008,2,view_customer_quotations
sess_00908,user_009,0,view_customer
sess_00908,user_009,1,update_customer
sess_00909,user_010,0,open_orders
sess_00909,user_010,1,create_order
sess_00909,user_010,2,generate_invoice
sess_00909,user_010,3,confirm_payment
sess_00910,user_011,0,open_products
sess_00910,user_011,1,search_laptop
sess_00910,user_011,2,view_laptop
sess_00910,user_011,3,purchase_laptop
sess_00910,user_011,4,purchase_mouse
sess_00910,user_011,5,open_purchases
sess_00911,user_012,0,open_products
sess_00911,user_012,1,search_phone
sess_00911,user_012,2,view_phone
sess_00911,user_012,3,purchase_phone
sess_00911,user_012,4,purchase_phone_case
sess_00911,user_012,5,open_purchases
sess_00912,user_013,0,view_monitor
sess_00912,user_013,1,purchase_monitor
sess_00912,user_013,2,purchase_keyboard
sess_00913,user_014,0,view_phone
sess_00913,user_014,1,purchase_phone
sess_00913,user_014,2,purchase_phone_case
sess_00913,user_014,3,open_purchases
sess_00914,user_015,0,open_products
sess_00914,user_015,1,search_phone
sess_00914,user_015,2,view_phone
sess_00914,user_015,3,purchase_phone
sess_00914,user_015,4,purchase_phone_case
sess_00914,user_015,5,open_purchases
sess_00915,user_016,0,open_products
sess_00915,user_016,1,search_laptop
sess_00915,user_016,2,view_laptop
sess_00915,user_016,3,purchase_laptop
sess_00915,user_016,4,purchase_mouse
sess_00915,user_016,5,open_purchases
sess_00916,user_017,0,open_customers
sess_00916,user_017,1,view_customer
sess_00916,user_017,2,view_customer_orders
sess_00917,user_018,0,open_customers
sess_00917,user_018,1,view_customer
sess_00917,user_018,2,view_customer_quotations
sess_00917,user_018,3,create_quotation
sess_00918,user_019,0,open_products
sess_00918,user_019,1,search_monitor
sess_00918,user_019,2,view_monitor
sess_00918,user_019,3,purchase_monitor
sess_00918,user_019,4,purchase_keyboard
sess_00919,user_020,0,view_customer
sess_00919,user_020,1,view_customer_quotations
sess_00919,user_020,2,create_quotation
sess_00920,user_021,0,view_laptop
sess_00920,user_021,1,purchase_laptop
sess_00920,user_021,2,purchase_headphones
sess_00920,user_021,3,open_purchases
sess_00921,user_022,0,open_products
sess_00921,user_022,1,search_monitor
sess_00921,user_022,2,view_monitor
sess_00921,user_022,3,purchase_monitor
sess_00921,user_022,4,purchase_keyboard
sess_00922,user_023,0,login
sess_00922,user_023,1,open_products
sess_00922,user_023,2,search_phone
sess_00922,user_023,3,view_phone
sess_00922,user_023,4,purchase_phone
sess_00922,user_023,5,purchase_phone_case
sess_00922,user_023,6,open_purchases
sess_00923,user_024,0,open_orders
sess_00923,user_024,1,create_order
sess_00923,user_024,2,generate_invoice
sess_00923,user_024,3,confirm_payment
sess_00924,user_025,0,view_laptop
sess_00924,user_025,1,purchase_laptop
sess_00924,user_025,2,purchase_headphones
sess_00924,user_025,3,open_purchases
sess_00925,user_026,0,open_products
sess_00925,user_026,1,search_monitor
sess_00925,user_026,2,view_monitor
sess_00925,user_026,3,purchase_monitor
sess_00925,user_026,4,purchase_keyboard
sess_00926,user_027,0,create_quotation
sess_00926,user_027,1,add_product
sess_00926,user_027,2,save_quotation
sess_00926,user_027,3,send_quotation
sess_00926,user_027,4,create_order
sess_00927,user_028,0,open_products
sess_00927,user_028,1,search_monitor
sess_00927,user_028,2,view_monitor
sess_00927,user_028,3,purchase_monitor
sess_00927,user_028,4,purchase_keyboard
sess_00928,user_029,0,create_order
sess_00928,user_029,1,assign_delivery
sess_00929,user_030,0,open_quotations
sess_00929,user_030,1,create_quotation
sess_00929,user_030,2,add_product
sess_00929,user_030,3,set_discount
sess_00929,user_030,4,save_quotation
sess_00929,user_030,5,send_quotation
sess_00929,user_030,6,create_order
sess_00930,user_031,0,open_products
sess_00930,user_031,1,search_laptop
sess_00930,user_031,2,view_laptop
sess_00930,user_031,3,purchase_laptop
sess_00930,user_031,4,purchase_headphones
sess_00930,user_031,5,open_purchases
sess_00931,user_032,0,open_customers
sess_00931,user_032,1,view_customer
sess_00931,user_032,2,view_customer_quotations
sess_00931,user_032,3,create_quotation
sess_00932,user_033,0,view_laptop
sess_00932,user_033,1,purchase_laptop
sess_00932,user_033,2,purchase_mouse
sess_00932,user_033,3,open_purchases
sess_00933,user_034,0,view_customer
sess_00933,user_034,1,view_customer_quotations
sess_00933,user_034,2,create_quotation
sess_00934,user_035,0,view_laptop
sess_00934,user_035,1,purchase_laptop
sess_00934,user_035,2,purchase_mouse
sess_00935,user_036,0,open_products
sess_00935,user_036,1,search_monitor
sess_00935,user_036,2,view_monitor
sess_00935,user_036,3,purchase_monitor
sess_00935,user_036,4,purchase_headphones
sess_00936,user_037,0,open_products
sess_00936,user_037,1,search_monitor
sess_00936,user_037,2,view_monitor
sess_00936,user_037,3,purchase_monitor
sess_00936,user_037,4,purchase_headphones
sess_00937,user_038,0,open_products
sess_00937,user_038,1,search_phone
sess_00937,user_038,2,view_phone
sess_00937,user_038,3,purchase_phone
sess_00937,user_038,4,purchase_phone_case
sess_00937,user_038,5,open_purchases
sess_00938,user_039,0,open_products
sess_00938,user_039,1,search_laptop
sess_00938,user_039,2,view_laptop
sess_00938,user_039,3,purchase_laptop
sess_00938,user_039,4,purchase_headphones
sess_00938,user_039,5,open_purchases
sess_00939,user_040,0,open_products
sess_00939,user_040,1,search_laptop
sess_00939,user_040,2,view_laptop
sess_00939,user_040,3,purchase_laptop
sess_00939,user_040,4,purchase_headphones
sess_00940,user_041,0,open_products
sess_00940,user_041,1,search_laptop
sess_00940,user_041,2,view_laptop
sess_00940,user_041,3,purchase_laptop
sess_00940,user_041,4,purchase_mouse
sess_00941,user_042,0,open_products
sess_00941,user_042,1,search_phone
sess_00941,user_042,2,view_phone
sess_00941,user_042,3,purchase_phone
sess_00941,user_042,4,purchase_phone_case
sess_00941,user_042,5,open_purchases
sess_00942,user_043,0,open_customers
sess_00942,user_043,1,view_customer
sess_00942,user_043,2,view_customer_quotations
sess_00942,user_043,3,create_quotation
sess_00943,user_044,0,view_laptop
sess_00943,user_044,1,purchase_laptop
sess_00943,user_044,2,purchase_headphones
sess_00943,user_044,3,open_purchases
sess_00944,user_045,0,open_products
sess_00944,user_045,1,search_laptop
sess_00944,user_045,2,view_laptop
sess_00944,user_045,3,purchase_laptop
sess_00944,user_045,4,purchase_warranty
sess_00944,user_045,5,open_purchases
sess_00945,user_046,0,open_products
sess_00945,user_046,1,search_monitor
sess_00945,user_046,2,view_monitor
sess_00945,user_046,3,purchase_monitor
sess_00945,user_046,4,purchase_mouse
sess_00946,user_047,0,open_quotations
sess_00946,user_047,1,create_quotation
sess_00946,user_047,2,add_product
sess_00946,user_047,3,set_discount
sess_00946,user_047,4,save_quotation
sess_00946,user_047,5,send_quotation
sess_00947,user_048,0,open_customers
sess_00947,user_048,1,view_customer
sess_00947,user_048,2,view_customer_orders
sess_00948,user_049,0,view_monitor
sess_00948,user_049,1,purchase_monitor
sess_00948,user_049,2,purchase_mouse
sess_00949,user_050,0,view_laptop
sess_00949,user_050,1,purchase_laptop
sess_00949,user_050,2,purchase_mouse
sess_00949,user_050,3,open_purchases
sess_00950,user_051,0,view_phone
sess_00950,user_051,1,purchase_phone
sess_00950,user_051,2,purchase_phone_case
sess_00950,user_051,3,open_purchases
sess_00951,user_052,0,view_laptop
sess_00951,user_052,1,purchase_laptop
sess_00951,user_052,2,purchase_headphones
sess_00951,user_052,3,open_purchases
sess_00952,user_053,0,open_products
sess_00952,user_053,1,search_laptop
sess_00952,user_053,2,view_laptop
sess_00952,user_053,3,purchase_laptop
sess_00952,user_053,4,purchase_headphones
sess_00952,user_053,5,open_purchases
sess_00953,user_054,0,create_quotation
sess_00953,user_054,1,add_product
sess_00953,user_054,2,set_discount
sess_00953,user_054,3,save_quotation
sess_00953,user_054,4,send_quotation
sess_00953,user_054,5,create_order
sess_00954,user_055,0,view_monitor
sess_00954,user_055,1,purchase_monitor
sess_00954,user_055,2,purchase_headphones
sess_00955,user_056,0,create_quotation
sess_00955,user_056,1,add_product
sess_00955,user_056,2,set_discount
sess_00955,user_056,3,save_quotation
sess_00955,user_056,4,send_quotation
sess_00955,user_056,5,create_order
sess_00956,user_057,0,open_products
sess_00956,user_057,1,search_monitor
sess_00956,user_057,2,view_monitor
sess_00956,user_057,3,purchase_monitor
sess_00956,user_057,4,purchase_mouse
sess_00957,user_058,0,open_quotations
sess_00957,user_058,1,create_quotation
sess_00957,user_058,2,add_product
sess_00957,user_058,3,set_discount
sess_00957,user_058,4,save_quotation
sess_00957,user_058,5,send_quotation
sess_00958,user_059,0,open_quotations
sess_00958,user_059,1,create_quotation
sess_00958,user_059,2,add_product
sess_00958,user_059,3,set_discount
sess_00958,user_059,4,save_quotation
sess_00958,user_059,5,send_quotation
sess_00958,user_059,6,create_order
sess_00959,user_060,0,open_customers
sess_00959,user_060,1,view_customer
sess_00959,user_060,2,view_customer_orders
sess_00960,user_061,0,open_products
sess_00960,user_061,1,search_phone
sess_00960,user_061,2,view_phone
sess_00960,user_061,3,purchase_phone
sess_00960,user_061,4,purchase_headphones
sess_00961,user_062,0,open_products
sess_00961,user_062,1,search_monitor
sess_00961,user_062,2,view_monitor
sess_00961,user_062,3,purchase_monitor
sess_00961,user_062,4,purchase_keyboard
sess_00962,user_063,0,create_quotation
sess_00962,user_063,1,add_product
sess_00962,user_063,2,set_discount
sess_00962,user_063,3,save_quotation
sess_00962,user_063,4,send_quotation
sess_00962,user_063,5,create_order
sess_00963,user_064,0,open_quotations
sess_00963,user_064,1,create_quotation
sess_00963,user_064,2,add_product
sess_00963,user_064,3,save_quotation
sess_00963,user_064,4,send_quotation
sess_00963,user_064,5,create_order
sess_00964,user_065,0,view_laptop
sess_00964,user_065,1,purchase_laptop
sess_00964,user_065,2,purchase_headphones
sess_00965,user_066,0,open_products
sess_00965,user_066,1,search_phone
sess_00965,user_066,2,view_phone
sess_00965,user_066,3,purchase_phone
sess_00965,user_066,4,purchase_phone_case
sess_00965,user_066,5,open_purchases
sess_00966,user_067,0,open_products
sess_00966,user_067,1,search_phone
sess_00966,user_067,2,view_phone
sess_00966,user_067,3,purchase_phone
sess_00966,user_067,4,purchase_headphones
sess_00967,user_068,0,view_customer
sess_00967,user_068,1,view_customer_orders
sess_00968,user_069,0,view_phone
sess_00968,user_069,1,purchase_phone
sess_00968,user_069,2,purchase_phone_case
sess_00968,user_069,3,open_purchases
sess_00969,user_070,0,view_phone
sess_00969,user_070,1,purchase_phone
sess_00969,user_070,2,purchase_headphones
sess_00969,user_070,3,open_purchases
sess_00970,user_071,0,open_orders
sess_00970,user_071,1,create_order
sess_00970,user_071,2,generate_invoice
sess_00970,user_071,3,confirm_payment
sess_00971,user_072,0,open_orders
sess_00971,user_072,1,create_order
sess_00971,user_072,2,generate_invoice
sess_00971,user_072,3,confirm_payment
sess_00972,user_073,0,open_products
sess_00972,user_073,1,search_laptop
sess_00972,user_073,2,view_laptop
sess_00972,user_073,3,purchase_laptop
sess_00972,user_073,4,purchase_headphones
sess_00973,user_074,0,view_monitor
sess_00973,user_074,1,purchase_monitor
sess_00973,user_074,2,purchase_mouse
sess_00974,user_075,0,view_monitor
sess_00974,user_075,1,purchase_monitor
sess_00974,user_075,2,purchase_mouse
sess_00975,user_076,0,open_quotations
sess_00975,user_076,1,create_quotation
sess_00975,user_076,2,add_product
sess_00975,user_076,3,set_discount
sess_00975,user_076,4,save_quotation
sess_00975,user_076,5,send_quotation
sess_00976,user_077,0,open_products
sess_00976,user_077,1,search_phone
sess_00976,user_077,2,view_phone
sess_00976,user_077,3,purchase_phone
sess_00976,user_077,4,purchase_phone_case
sess_00976,user_077,5,open_purchases
sess_00977,user_078,0,open_products
sess_00977,user_078,1,search_laptop
sess_00977,user_078,2,view_laptop
sess_00977,user_078,3,purchase_laptop
sess_00977,user_078,4,purchase_headphones
sess_00977,user_078,5,open_purchases
sess_00978,user_079,0,open_products
sess_00978,user_079,1,search_laptop
sess_00978,user_079,2,view_laptop
sess_00978,user_079,3,purchase_laptop
sess_00978,user_079,4,purchase_warranty
sess_00979,user_080,0,open_products
sess_00979,user_080,1,search_phone
sess_00979,user_080,2,view_phone
sess_00979,user_080,3,purchase_phone
sess_00979,user_080,4,purchase_phone_case
sess_00979,user_080,5,open_purchases
sess_00980,user_081,0,open_quotations
sess_00980,user_081,1,create_quotation
sess_00980,user_081,2,add_product
sess_00980,user_081,3,set_discount
sess_00980,user_081,4,save_quotation
sess_00980,user_081,5,send_quotation
sess_00981,user_082,0,open_customers
sess_00981,user_082,1,view_customer
sess_00981,user_082,2,update_customer
sess_00982,user_083,0,view_laptop
sess_00982,user_083,1,purchase_laptop
sess_00982,user_083,2,purchase_laptop_bag
sess_00982,user_083,3,open_purchases
sess_00983,user_084,0,open_products
sess_00983,user_084,1,search_laptop
sess_00983,user_084,2,view_laptop
sess_00983,user_084,3,purchase_laptop
sess_00983,user_084,4,purchase_headphones
sess_00983,user_084,5,open_purchases
sess_00984,user_085,0,login
sess_00984,user_085,1,open_products
sess_00984,user_085,2,search_phone
sess_00984,user_085,3,view_phone
sess_00984,user_085,4,purchase_phone
sess_00984,user_085,5,purchase_warranty
sess_00985,user_086,0,create_quotation
sess_00985,user_086,1,add_product
sess_00985,user_086,2,set_discount
sess_00985,user_086,3,save_quotation
sess_00985,user_086,4,open_quotations
sess_00986,user_087,0,view_monitor
sess_00986,user_087,1,purchase_monitor
sess_00986,user_087,2,purchase_mouse
sess_00987,user_088,0,open_orders
sess_00987,user_088,1,create_order
sess_00987,user_088,2,generate_invoice
sess_00987,user_088,3,confirm_payment
sess_00988,user_089,0,open_products
sess_00988,user_089,1,search_laptop
sess_00988,user_089,2,view_laptop
sess_00988,user_089,3,purchase_laptop
sess_00988,user_089,4,purchase_headphones
sess_00988,user_089,5,open_purchases
sess_00989,user_090,0,create_order
sess_00989,user_090,1,generate_invoice
sess_00989,user_090,2,confirm_payment
sess_00990,user_091,0,create_order
sess_00990,user_091,1,generate_invoice
sess_00991,user_092,0,open_products
sess_00991,user_092,1,search_laptop
sess_00991,user_092,2,view_laptop
sess_00991,user_092,3,purchase_laptop
sess_00991,user_092,4,purchase_mouse
sess_00992,user_093,0,view_laptop
sess_00992,user_093,1,purchase_laptop
sess_00992,user_093,2,purchase_headphones
sess_00993,user_094,0,view_laptop
sess_00993,user_094,1,purchase_laptop
sess_00993,user_094,2,purchase_laptop_bag
sess_00993,user_094,3,open_purchases
sess_00994,user_095,0,login
sess_00994,user_095,1,open_products
sess_00994,user_095,2,search_laptop
sess_00994,user_095,3,view_laptop
sess_00994,user_095,4,purchase_laptop
sess_00994,user_095,5,purchase_headphones
sess_00994,user_095,6,open_purchases
sess_00995,user_096,0,view_laptop
sess_00995,user_096,1,purchase_laptop
sess_00995,user_096,2,purchase_headphones
sess_00996,user_097,0,create_quotation
sess_00996,user_097,1,add_product
sess_00996,user_097,2,set_discount
sess_00996,user_097,3,save_quotation
sess_00996,user_097,4,send_quotation
sess_00996,user_097,5,create_order
sess_00997,user_098,0,open_products
sess_00997,user_098,1,search_laptop
sess_00997,user_098,2,view_laptop
sess_00997,user_098,3,purchase_laptop
sess_00997,user_098,4,purchase_headphones
sess_00997,user_098,5,open_purchases
sess_00998,user_099,0,create_order
sess_00998,user_099,1,assign_delivery
sess_00999,user_100,0,login
sess_00999,user_100,1,open_products
sess_00999,user_100,2,search_phone
sess_00999,user_100,3,view_phone
sess_00999,user_100,4,purchase_phone
sess_00999,user_100,5,purchase_phone_case
sess_00999,user_100,6,open_purchases
sess_01000,user_101,0,open_products
sess_01000,user_101,1,search_monitor
sess_01000,user_101,2,view_monitor
sess_01000,user_101,3,purchase_monitor
sess_01000,user_101,4,purchase_mouse
sess_01001,user_102,0,view_phone
sess_01001,user_102,1,purchase_phone
sess_01001,user_102,2,purchase_phone_case
sess_01001,user_102,3,open_purchases
sess_01002,user_103,0,view_laptop
sess_01002,user_103,1,purchase_laptop
sess_01002,user_103,2,purchase_headphones
sess_01002,user_103,3,open_purchases
sess_01003,user_104,0,open_products
sess_01003,user_104,1,search_laptop
sess_01003,user_104,2,view_laptop
sess_01003,user_104,3,purchase_laptop
sess_01003,user_104,4,purchase_headphones
sess_01003,user_104,5,open_purchases
sess_01004,user_105,0,open_products
sess_01004,user_105,1,search_monitor
sess_01004,user_105,2,view_monitor
sess_01004,user_105,3,purchase_monitor
sess_01004,user_105,4,purchase_keyboard
sess_01005,user_106,0,open_products
sess_01005,user_106,1,search_laptop
sess_01005,user_106,2,view_laptop
sess_01005,user_106,3,purchase_laptop
sess_01005,user_106,4,purchase_headphones
sess_01005,user_106,5,open_purchases
sess_01006,user_107,0,open_products
sess_01006,user_107,1,search_phone
sess_01006,user_107,2,view_phone
sess_01006,user_107,3,purchase_phone
sess_01006,user_107,4,purchase_headphones
sess_01006,user_107,5,open_purchases
sess_01007,user_108,0,open_customers
sess_01007,user_108,1,view_customer
sess_01007,user_108,2,view_customer_quotations
sess_01007,user_108,3,create_quotation
sess_01008,user_109,0,open_products
sess_01008,user_109,1,search_monitor
sess_01008,user_109,2,view_monitor
sess_01008,user_109,3,purchase_monitor
sess_01008,user_109,4,purchase_keyboard
sess_01009,user_110,0,open_products
sess_01009,user_110,1,search_laptop
sess_01009,user_110,2,view_laptop
sess_01009,user_110,3,purchase_laptop
sess_01009,user_110,4,purchase_headphones
sess_01009,user_110,5,open_purchases
sess_01010,user_111,0,view_laptop
sess_01010,user_111,1,purchase_laptop
sess_01010,user_111,2,purchase_mouse
sess_01010,user_111,3,open_purchases
sess_01011,user_112,0,login
sess_01011,user_112,1,open_products
sess_01011,user_112,2,search_phone
sess_01011,user_112,3,view_phone
sess_01011,user_112,4,purchase_phone
sess_01011,user_112,5,purchase_phone_case
sess_01012,user_113,0,open_quotations
sess_01012,user_113,1,create_quotation
sess_01012,user_113,2,add_product
sess_01012,user_113,3,set_discount
sess_01012,user_113,4,save_quotation
sess_01012,user_113,5,send_quotation
sess_01012,user_113,6,create_order
sess_01013,user_114,0,open_quotations
sess_01013,user_114,1,create_quotation
sess_01013,user_114,2,add_product
sess_01013,user_114,3,save_quotation
sess_01013,user_114,4,send_quotation
sess_01013,user_114,5,create_order
sess_01014,user_115,0,open_products
sess_01014,user_115,1,search_phone
sess_01014,user_115,2,view_phone
sess_01014,user_115,3,purchase_phone
sess_01014,user_115,4,purchase_phone_case
sess_01014,user_115,5,open_purchases
sess_01015,user_116,0,open_orders
sess_01015,user_116,1,create_order
sess_01015,user_116,2,generate_invoice
sess_01015,user_116,3,confirm_payment
sess_01016,user_117,0,view_customer
sess_01016,user_117,1,view_customer_quotations
sess_01016,user_117,2,create_quotation
sess_01017,user_118,0,open_quotations
sess_01017,user_118,1,create_quotation
sess_01017,user_118,2,add_product
sess_01017,user_118,3,save_quotation
sess_01017,user_118,4,send_quotation
sess_01017,user_118,5,create_order
sess_01018,user_119,0,login
sess_01018,user_119,1,open_products
sess_01018,user_119,2,search_phone
sess_01018,user_119,3,view_phone
sess_01018,user_119,4,purchase_phone
sess_01018,user_119,5,purchase_phone_case
sess_01018,user_119,6,open_purchases
sess_01019,user_120,0,open_quotations
sess_01019,user_120,1,create_quotation
sess_01019,user_120,2,add_product
sess_01019,user_120,3,set_discount
sess_01019,user_120,4,save_quotation
sess_01019,user_120,5,open_quotations
sess_01020,user_121,0,view_phone
sess_01020,user_121,1,purchase_phone
sess_01020,user_121,2,purchase_headphones
sess_01020,user_121,3,open_purchases
sess_01021,user_122,0,open_products
sess_01021,user_122,1,search_laptop
sess_01021,user_122,2,view_laptop
sess_01021,user_122,3,purchase_laptop
sess_01021,user_122,4,purchase_headphones
sess_01021,user_122,5,open_purchases
sess_01022,user_123,0,view_laptop
sess_01022,user_123,1,purchase_laptop
sess_01022,user_123,2,purchase_headphones
sess_01023,user_124,0,login
sess_01023,user_124,1,open_products
sess_01023,user_124,2,search_phone
sess_01023,user_124,3,view_phone
sess_01023,user_124,4,purchase_phone
sess_01023,user_124,5,purchase_phone_case
sess_01023,user_124,6,open_purchases
sess_01024,user_125,0,view_laptop
sess_01024,user_125,1,purchase_laptop
sess_01024,user_125,2,purchase_laptop_bag
sess_01025,user_126,0,open_products
sess_01025,user_126,1,search_laptop
sess_01025,user_126,2,view_laptop
sess_01025,user_126,3,purchase_laptop
sess_01025,user_126,4,purchase_headphones
sess_01025,user_126,5,open_purchases
sess_01026,user_127,0,view_customer
sess_01026,user_127,1,view_customer_quotations
sess_01026,user_127,2,create_quotation
sess_01027,user_128,0,open_quotations
sess_01027,user_128,1,create_quotation
sess_01027,user_128,2,add_product
sess_01027,user_128,3,set_discount
sess_01027,user_128,4,save_quotation
sess_01027,user_128,5,send_quotation
sess_01027,user_128,6,create_order
sess_01028,user_129,0,open_customers
sess_01028,user_129,1,view_customer
sess_01028,user_129,2,view_customer_quotations
sess_01028,user_129,3,create_quotation
sess_01029,user_130,0,open_quotations
sess_01029,user_130,1,create_quotation
sess_01029,user_130,2,add_product
sess_01029,user_130,3,save_quotation
sess_01029,user_130,4,send_quotation
sess_01029,user_130,5,create_order
sess_01030,user_131,0,open_customers
sess_01030,user_131,1,view_customer
sess_01030,user_131,2,view_customer_quotations
sess_01031,user_132,0,open_products
sess_01031,user_132,1,search_monitor
sess_01031,user_132,2,view_monitor
sess_01031,user_132,3,purchase_monitor
sess_01031,user_132,4,purchase_keyboard
sess_01032,user_133,0,create_order
sess_01032,user_133,1,generate_invoice
sess_01032,user_133,2,confirm_payment
sess_01033,user_134,0,create_quotation
sess_01033,user_134,1,add_product
sess_01033,user_134,2,set_discount
sess_01033,user_134,3,save_quotation
sess_01033,user_134,4,send_quotation
sess_01033,user_134,5,create_order
sess_01034,user_135,0,open_products
sess_01034,user_135,1,search_phone
sess_01034,user_135,2,view_phone
sess_01034,user_135,3,purchase_phone
sess_01034,user_135,4,purchase_phone_case
sess_01035,user_136,0,open_products
sess_01035,user_136,1,search_phone
sess_01035,user_136,2,view_phone
sess_01035,user_136,3,purchase_phone
sess_01035,user_136,4,purchase_phone_case
sess_01035,user_136,5,open_purchases
sess_01036,user_137,0,login
sess_01036,user_137,1,open_products
sess_01036,user_137,2,search_laptop
sess_01036,user_137,3,view_laptop
sess_01036,user_137,4,purchase_laptop
sess_01036,user_137,5,purchase_headphones
sess_01036,user_137,6,open_purchases
sess_01037,user_138,0,login
sess_01037,user_138,1,open_products
sess_01037,user_138,2,search_laptop
sess_01037,user_138,3,view_laptop
sess_01037,user_138,4,purchase_laptop
sess_01037,user_138,5,purchase_headphones
sess_01037,user_138,6,open_purchases
sess_01038,user_139,0,open_products
sess_01038,user_139,1,search_phone
sess_01038,user_139,2,view_phone
sess_01038,user_139,3,purchase_phone
sess_01038,user_139,4,purchase_phone_case
sess_01038,user_139,5,open_purchases
sess_01039,user_140,0,open_products
sess_01039,user_140,1,search_phone
sess_01039,user_140,2,view_phone
sess_01039,user_140,3,purchase_phone
sess_01039,user_140,4,purchase_phone_case
sess_01039,user_140,5,open_purchases
sess_01040,user_141,0,view_laptop
sess_01040,user_141,1,purchase_laptop
sess_01040,user_141,2,purchase_headphones
sess_01040,user_141,3,open_purchases
sess_01041,user_142,0,open_products
sess_01041,user_142,1,search_phone
sess_01041,user_142,2,view_phone
sess_01041,user_142,3,purchase_phone
sess_01041,user_142,4,purchase_headphones
sess_01042,user_143,0,create_quotation
sess_01042,user_143,1,add_product
sess_01042,user_143,2,set_discount
sess_01042,user_143,3,save_quotation
sess_01042,user_143,4,send_quotation
sess_01043,user_144,0,view_phone
sess_01043,user_144,1,purchase_phone
sess_01043,user_144,2,purchase_phone_case
sess_01043,user_144,3,open_purchases
sess_01044,user_145,0,open_products
sess_01044,user_145,1,search_monitor
sess_01044,user_145,2,view_monitor
sess_01044,user_145,3,purchase_monitor
sess_01044,user_145,4,purchase_mouse
sess_01045,user_146,0,open_products
sess_01045,user_146,1,search_laptop
sess_01045,user_146,2,view_laptop
sess_01045,user_146,3,purchase_laptop
sess_01045,user_146,4,purchase_headphones
sess_01045,user_146,5,open_purchases
sess_01046,user_147,0,open_products
sess_01046,user_147,1,search_laptop
sess_01046,user_147,2,view_laptop
sess_01046,user_147,3,purchase_laptop
sess_01046,user_147,4,purchase_headphones
sess_01047,user_148,0,open_quotations
sess_01047,user_148,1,create_quotation
sess_01047,user_148,2,add_product
sess_01047,user_148,3,set_discount
sess_01047,user_148,4,save_quotation
sess_01047,user_148,5,send_quotation
sess_01047,user_148,6,create_order
sess_01048,user_149,0,login
sess_01048,user_149,1,open_products
sess_01048,user_149,2,search_phone
sess_01048,user_149,3,view_phone
sess_01048,user_149,4,purchase_phone
sess_01048,user_149,5,purchase_phone_case
sess_01049,user_150,0,login
sess_01049,user_150,1,open_products
sess_01049,user_150,2,search_phone
sess_01049,user_150,3,view_phone
sess_01049,user_150,4,purchase_phone
sess_01049,user_150,5,purchase_phone_case
sess_01050,user_001,0,open_products
sess_01050,user_001,1,search_laptop
sess_01050,user_001,2,view_laptop
sess_01050,user_001,3,purchase_laptop
sess_01050,user_001,4,purchase_headphones
sess_01051,user_002,0,create_quotation
sess_01051,user_002,1,add_product
sess_01051,user_002,2,set_discount
sess_01051,user_002,3,save_quotation
sess_01051,user_002,4,send_quotation
sess_01051,user_002,5,create_order
sess_01052,user_003,0,open_quotations
sess_01052,user_003,1,create_quotation
sess_01052,user_003,2,add_product
sess_01052,user_003,3,save_quotation
sess_01052,user_003,4,send_quotation
sess_01052,user_003,5,create_order
sess_01053,user_004,0,create_quotation
sess_01053,user_004,1,add_product
sess_01053,user_004,2,save_quotation
sess_01053,user_004,3,send_quotation
sess_01053,user_004,4,create_order
sess_01054,user_005,0,open_products
sess_01054,user_005,1,search_phone
sess_01054,user_005,2,view_phone
sess_01054,user_005,3,purchase_phone
sess_01054,user_005,4,purchase_phone_case
sess_01054,user_005,5,open_purchases
sess_01055,user_006,0,create_order
sess_01055,user_006,1,generate_invoice
sess_01055,user_006,2,confirm_payment
sess_01056,user_007,0,login
sess_01056,user_007,1,open_products
sess_01056,user_007,2,search_laptop
sess_01056,user_007,3,view_laptop
sess_01056,user_007,4,purchase_laptop
sess_01056,user_007,5,purchase_headphones
sess_01056,user_007,6,open_purchases
sess_01057,user_008,0,open_quotations
sess_01057,user_008,1,create_quotation
sess_01057,user_008,2,add_product
sess_01057,user_008,3,set_discount
sess_01057,user_008,4,save_quotation
sess_01057,user_008,5,send_quotation
sess_01057,user_008,6,create_order
sess_01058,user_009,0,open_quotations
sess_01058,user_009,1,create_quotation
sess_01058,user_009,2,add_product
sess_01058,user_009,3,set_discount
sess_01058,user_009,4,save_quotation
sess_01058,user_009,5,send_quotation
sess_01058,user_009,6,create_order
sess_01059,user_010,0,open_products
sess_01059,user_010,1,search_monitor
sess_01059,user_010,2,view_monitor
sess_01059,user_010,3,purchase_monitor
sess_01059,user_010,4,purchase_keyboard
sess_01060,user_011,0,open_products
sess_01060,user_011,1,search_laptop
sess_01060,user_011,2,view_laptop
sess_01060,user_011,3,purchase_laptop
sess_01060,user_011,4,purchase_headphones
sess_01061,user_012,0,create_order
sess_01061,user_012,1,generate_invoice
sess_01061,user_012,2,confirm_payment
sess_01062,user_013,0,create_quotation
sess_01062,user_013,1,add_product
sess_01062,user_013,2,set_discount
sess_01062,user_013,3,save_quotation
sess_01062,user_013,4,send_quotation
sess_01063,user_014,0,create_quotation
sess_01063,user_014,1,add_product
sess_01063,user_014,2,save_quotation
sess_01063,user_014,3,send_quotation
sess_01063,user_014,4,create_order
sess_01064,user_015,0,open_quotations
sess_01064,user_015,1,create_quotation
sess_01064,user_015,2,add_product
sess_01064,user_015,3,set_discount
sess_01064,user_015,4,save_quotation
sess_01064,user_015,5,open_quotations
sess_01065,user_016,0,open_products
sess_01065,user_016,1,search_phone
sess_01065,user_016,2,view_phone
sess_01065,user_016,3,purchase_phone
sess_01065,user_016,4,purchase_phone_case
sess_01065,user_016,5,open_purchases
sess_01066,user_017,0,open_products
sess_01066,user_017,1,search_laptop
sess_01066,user_017,2,view_laptop
sess_01066,user_017,3,purchase_laptop
sess_01066,user_017,4,purchase_headphones
sess_01067,user_018,0,login
sess_01067,user_018,1,open_products
sess_01067,user_018,2,search_laptop
sess_01067,user_018,3,view_laptop
sess_01067,user_018,4,purchase_laptop
sess_01067,user_018,5,purchase_headphones
sess_01067,user_018,6,open_purchases
sess_01068,user_019,0,open_products
sess_01068,user_019,1,search_laptop
sess_01068,user_019,2,view_laptop
sess_01068,user_019,3,purchase_laptop
sess_01068,user_019,4,purchase_headphones
sess_01068,user_019,5,open_purchases
sess_01069,user_020,0,view_laptop
sess_01069,user_020,1,purchase_laptop
sess_01069,user_020,2,purchase_headphones
sess_01069,user_020,3,open_purchases
sess_01070,user_021,0,view_customer
sess_01070,user_021,1,view_customer_quotations
sess_01071,user_022,0,create_quotation
sess_01071,user_022,1,add_product
sess_01071,user_022,2,set_discount
sess_01071,user_022,3,save_quotation
sess_01071,user_022,4,send_quotation
sess_01071,user_022,5,create_order
sess_01072,user_023,0,view_monitor
sess_01072,user_023,1,purchase_monitor
sess_01072,user_023,2,purchase_keyboard
sess_01073,user_024,0,open_quotations
sess_01073,user_024,1,create_quotation
sess_01073,user_024,2,add_product
sess_01073,user_024,3,set_discount
sess_01073,user_024,4,save_quotation
sess_01073,user_024,5,send_quotation
sess_01074,user_025,0,view_laptop
sess_01074,user_025,1,purchase_laptop
sess_01074,user_025,2,purchase_headphones
sess_01074,user_025,3,open_purchases
sess_01075,user_026,0,view_monitor
sess_01075,user_026,1,purchase_monitor
sess_01075,user_026,2,purchase_mouse
sess_01076,user_027,0,view_monitor
sess_01076,user_027,1,purchase_monitor
sess_01076,user_027,2,purchase_keyboard
sess_01077,user_028,0,view_phone
sess_01077,user_028,1,purchase_phone
sess_01077,user_028,2,purchase_warranty
sess_01077,user_028,3,open_purchases
sess_01078,user_029,0,view_phone
sess_01078,user_029,1,purchase_phone
sess_01078,user_029,2,purchase_headphones
sess_01078,user_029,3,open_purchases
sess_01079,user_030,0,view_monitor
sess_01079,user_030,1,purchase_monitor
sess_01079,user_030,2,purchase_keyboard
sess_01080,user_031,0,login
sess_01080,user_031,1,open_products
sess_01080,user_031,2,search_phone
sess_01080,user_031,3,view_phone
sess_01080,user_031,4,purchase_phone
sess_01080,user_031,5,purchase_phone_case
sess_01080,user_031,6,open_purchases
sess_01081,user_032,0,open_products
sess_01081,user_032,1,search_laptop
sess_01081,user_032,2,view_laptop
sess_01081,user_032,3,purchase_laptop
sess_01081,user_032,4,purchase_laptop_bag
sess_01082,user_033,0,view_laptop
sess_01082,user_033,1,purchase_laptop
sess_01082,user_033,2,purchase_headphones
sess_01082,user_033,3,open_purchases
sess_01083,user_034,0,view_laptop
sess_01083,user_034,1,purchase_laptop
sess_01083,user_034,2,purchase_mouse
sess_01083,user_034,3,open_purchases
sess_01084,user_035,0,view_laptop
sess_01084,user_035,1,purchase_laptop
sess_01084,user_035,2,purchase_headphones
sess_01084,user_035,3,open_purchases
sess_01085,user_036,0,open_customers
sess_01085,user_036,1,view_customer
sess_01085,user_036,2,view_customer_quotations
sess_01085,user_036,3,create_quotation
sess_01086,user_037,0,open_products
sess_01086,user_037,1,search_phone
sess_01086,user_037,2,view_phone
sess_01086,user_037,3,purchase_phone
sess_01086,user_037,4,purchase_warranty
sess_01086,user_037,5,open_purchases
sess_01087,user_038,0,open_products
sess_01087,user_038,1,search_phone
sess_01087,user_038,2,view_phone
sess_01087,user_038,3,purchase_phone
sess_01087,user_038,4,purchase_warranty
sess_01087,user_038,5,open_purchases
sess_01088,user_039,0,view_phone
sess_01088,user_039,1,purchase_phone
sess_01088,user_039,2,purchase_headphones
sess_01088,user_039,3,open_purchases
sess_01089,user_040,0,open_products
sess_01089,user_040,1,search_monitor
sess_01089,user_040,2,view_monitor
sess_01089,user_040,3,purchase_monitor
sess_01089,user_040,4,purchase_mouse
sess_01090,user_041,0,open_orders
sess_01090,user_041,1,create_order
sess_01090,user_041,2,assign_delivery
sess_01091,user_042,0,open_products
sess_01091,user_042,1,search_phone
sess_01091,user_042,2,view_phone
sess_01091,user_042,3,purchase_phone
sess_01091,user_042,4,purchase_headphones
sess_01092,user_043,0,view_monitor
sess_01092,user_043,1,purchase_monitor
sess_01092,user_043,2,purchase_headphones
sess_01093,user_044,0,open_products
sess_01093,user_044,1,search_phone
sess_01093,user_044,2,view_phone
sess_01093,user_044,3,purchase_phone
sess_01093,user_044,4,purchase_phone_case
sess_01094,user_045,0,view_laptop
sess_01094,user_045,1,purchase_laptop
sess_01094,user_045,2,purchase_headphones
sess_01094,user_045,3,open_purchases
sess_01095,user_046,0,view_monitor
sess_01095,user_046,1,purchase_monitor
sess_01095,user_046,2,purchase_keyboard
sess_01096,user_047,0,open_products
sess_01096,user_047,1,search_laptop
sess_01096,user_047,2,view_laptop
sess_01096,user_047,3,purchase_laptop
sess_01096,user_047,4,purchase_headphones
sess_01096,user_047,5,open_purchases
sess_01097,user_048,0,open_products
sess_01097,user_048,1,search_monitor
sess_01097,user_048,2,view_monitor
sess_01097,user_048,3,purchase_monitor
sess_01097,user_048,4,purchase_mouse
sess_01098,user_049,0,open_products
sess_01098,user_049,1,search_laptop
sess_01098,user_049,2,view_laptop
sess_01098,user_049,3,purchase_laptop
sess_01098,user_049,4,purchase_laptop_bag
sess_01099,user_050,0,create_quotation
sess_01099,user_050,1,add_product
sess_01099,user_050,2,set_discount
sess_01099,user_050,3,save_quotation
sess_01099,user_050,4,open_quotations
sess_01100,user_051,0,create_quotation
sess_01100,user_051,1,add_product
sess_01100,user_051,2,save_quotation
sess_01100,user_051,3,send_quotation
sess_01100,user_051,4,create_order
sess_01101,user_052,0,create_quotation
sess_01101,user_052,1,add_product
sess_01101,user_052,2,set_discount
sess_01101,user_052,3,save_quotation
sess_01101,user_052,4,send_quotation
sess_01102,user_053,0,view_phone
sess_01102,user_053,1,purchase_phone
sess_01102,user_053,2,purchase_headphones
sess_01103,user_054,0,view_laptop
sess_01103,user_054,1,purchase_laptop
sess_01103,user_054,2,purchase_headphones
sess_01104,user_055,0,open_products
sess_01104,user_055,1,search_phone
sess_01104,user_055,2,view_phone
sess_01104,user_055,3,purchase_phone
sess_01104,user_055,4,purchase_phone_case
sess_01104,user_055,5,open_purchases
sess_01105,user_056,0,view_laptop
sess_01105,user_056,1,purchase_laptop
sess_01105,user_056,2,purchase_headphones
sess_01106,user_057,0,open_products
sess_01106,user_057,1,search_phone
sess_01106,user_057,2,view_phone
sess_01106,user_057,3,purchase_phone
sess_01106,user_057,4,purchase_phone_case
sess_01106,user_057,5,open_purchases
sess_01107,user_058,0,open_products
sess_01107,user_058,1,search_laptop
sess_01107,user_058,2,view_laptop
sess_01107,user_058,3,purchase_laptop
sess_01107,user_058,4,purchase_headphones
sess_01107,user_058,5,open_purchases
sess_01108,user_059,0,view_laptop
sess_01108,user_059,1,purchase_laptop
sess_01108,user_059,2,purchase_headphones
sess_01108,user_059,3,open_purchases
sess_01109,user_060,0,view_monitor
sess_01109,user_060,1,purchase_monitor
sess_01109,user_060,2,purchase_keyboard
sess_01110,user_061,0,view_laptop
sess_01110,user_061,1,purchase_laptop
sess_01110,user_061,2,purchase_mouse
sess_01110,user_061,3,open_purchases
sess_01111,user_062,0,view_monitor
sess_01111,user_062,1,purchase_monitor
sess_01111,user_062,2,purchase_keyboard
sess_01112,user_063,0,view_laptop
sess_01112,user_063,1,purchase_laptop
sess_01112,user_063,2,purchase_laptop_bag
sess_01112,user_063,3,open_purchases
sess_01113,user_064,0,open_quotations
sess_01113,user_064,1,create_quotation
sess_01113,user_064,2,add_product
sess_01113,user_064,3,set_discount
sess_01113,user_064,4,save_quotation
sess_01113,user_064,5,send_quotation
sess_01113,user_064,6,create_order
sess_01114,user_065,0,open_products
sess_01114,user_065,1,search_laptop
sess_01114,user_065,2,view_laptop
sess_01114,user_065,3,purchase_laptop
sess_01114,user_065,4,purchase_warranty
sess_01114,user_065,5,open_purchases
sess_01115,user_066,0,open_orders
sess_01115,user_066,1,create_order
sess_01115,user_066,2,generate_invoice
sess_01115,user_066,3,confirm_payment
sess_01116,user_067,0,open_quotations
sess_01116,user_067,1,create_quotation
sess_01116,user_067,2,add_product
sess_01116,user_067,3,set_discount
sess_01116,user_067,4,save_quotation
sess_01116,user_067,5,send_quotation
sess_01117,user_068,0,open_products
sess_01117,user_068,1,search_laptop
sess_01117,user_068,2,view_laptop
sess_01117,user_068,3,purchase_laptop
sess_01117,user_068,4,purchase_laptop_bag
sess_01118,user_069,0,view_customer
sess_01118,user_069,1,view_customer_quotations
sess_01119,user_070,0,open_products
sess_01119,user_070,1,search_laptop
sess_01119,user_070,2,view_laptop
sess_01119,user_070,3,purchase_laptop
sess_01119,user_070,4,purchase_headphones
sess_01119,user_070,5,open_purchases
sess_01120,user_071,0,open_products
sess_01120,user_071,1,search_monitor
sess_01120,user_071,2,view_monitor
sess_01120,user_071,3,purchase_monitor
sess_01120,user_071,4,purchase_keyboard
sess_01121,user_072,0,open_products
sess_01121,user_072,1,search_laptop
sess_01121,user_072,2,view_laptop
sess_01121,user_072,3,purchase_laptop
sess_01121,user_072,4,purchase_mouse
sess_01121,user_072,5,open_purchases
sess_01122,user_073,0,open_quotations
sess_01122,user_073,1,create_quotation
sess_01122,user_073,2,add_product
sess_01122,user_073,3,set_discount
sess_01122,user_073,4,save_quotation
sess_01122,user_073,5,send_quotation
sess_01122,user_073,6,create_order
sess_01123,user_074,0,open_products
sess_01123,user_074,1,search_laptop
sess_01123,user_074,2,view_laptop
sess_01123,user_074,3,purchase_laptop
sess_01123,user_074,4,purchase_mouse
sess_01123,user_074,5,open_purchases
sess_01124,user_075,0,view_laptop
sess_01124,user_075,1,purchase_laptop
sess_01124,user_075,2,purchase_headphones
sess_01124,user_075,3,open_purchases
sess_01125,user_076,0,view_customer
sess_01125,user_076,1,view_customer_orders
sess_01126,user_077,0,view_laptop
sess_01126,user_077,1,purchase_laptop
sess_01126,user_077,2,purchase_headphones
sess_01126,user_077,3,open_purchases
sess_01127,user_078,0,open_orders
sess_01127,user_078,1,create_order
sess_01127,user_078,2,generate_invoice
sess_01128,user_079,0,open_products
sess_01128,user_079,1,search_monitor
sess_01128,user_079,2,view_monitor
sess_01128,user_079,3,purchase_monitor
sess_01128,user_079,4,purchase_keyboard
sess_01129,user_080,0,view_phone
sess_01129,user_080,1,purchase_phone
sess_01129,user_080,2,purchase_phone_case
sess_01129,user_080,3,open_purchases
sess_01130,user_081,0,open_products
sess_01130,user_081,1,search_phone
sess_01130,user_081,2,view_phone
sess_01130,user_081,3,purchase_phone
sess_01130,user_081,4,purchase_phone_case
sess_01130,user_081,5,open_purchases
sess_01131,user_082,0,view_phone
sess_01131,user_082,1,purchase_phone
sess_01131,user_082,2,purchase_warranty
sess_01131,user_082,3,open_purchases
sess_01132,user_083,0,create_quotation
sess_01132,user_083,1,add_product
sess_01132,user_083,2,save_quotation
sess_01132,user_083,3,open_quotations
sess_01133,user_084,0,open_quotations
sess_01133,user_084,1,create_quotation
sess_01133,user_084,2,add_product
sess_01133,user_084,3,set_discount
sess_01133,user_084,4,save_quotation
sess_01133,user_084,5,send_quotation
sess_01133,user_084,6,create_order
sess_01134,user_085,0,view_customer
sess_01134,user_085,1,view_customer_quotations
sess_01134,user_085,2,create_quotation
sess_01135,user_086,0,create_order
sess_01135,user_086,1,generate_invoice
sess_01135,user_086,2,confirm_payment
sess_01136,user_087,0,open_products
sess_01136,user_087,1,search_laptop
sess_01136,user_087,2,view_laptop
sess_01136,user_087,3,purchase_laptop
sess_01136,user_087,4,purchase_warranty
sess_01137,user_088,0,view_phone
sess_01137,user_088,1,purchase_phone
sess_01137,user_088,2,purchase_phone_case
sess_01137,user_088,3,open_purchases
sess_01138,user_089,0,create_quotation
sess_01138,user_089,1,add_product
sess_01138,user_089,2,set_discount
sess_01138,user_089,3,save_quotation
sess_01138,user_089,4,send_quotation
sess_01138,user_089,5,create_order
sess_01139,user_090,0,login
sess_01139,user_090,1,open_products
sess_01139,user_090,2,search_laptop
sess_01139,user_090,3,view_laptop
sess_01139,user_090,4,purchase_laptop
sess_01139,user_090,5,purchase_headphones
sess_01140,user_091,0,open_customers
sess_01140,user_091,1,view_customer
sess_01140,user_091,2,view_customer_quotations
sess_01141,user_092,0,open_products
sess_01141,user_092,1,search_laptop
sess_01141,user_092,2,view_laptop
sess_01141,user_092,3,purchase_laptop
sess_01141,user_092,4,purchase_laptop_bag
sess_01142,user_093,0,create_quotation
sess_01142,user_093,1,add_product
sess_01142,user_093,2,set_discount
sess_01142,user_093,3,save_quotation
sess_01142,user_093,4,send_quotation
sess_01142,user_093,5,create_order
sess_01143,user_094,0,create_order
sess_01143,user_094,1,assign_delivery
sess_01144,user_095,0,view_laptop
sess_01144,user_095,1,purchase_laptop
sess_01144,user_095,2,purchase_headphones
sess_01145,user_096,0,open_products
sess_01145,user_096,1,search_monitor
sess_01145,user_096,2,view_monitor
sess_01145,user_096,3,purchase_monitor
sess_01145,user_096,4,purchase_keyboard
sess_01146,user_097,0,open_products
sess_01146,user_097,1,search_laptop
sess_01146,user_097,2,view_laptop
sess_01146,user_097,3,purchase_laptop
sess_01146,user_097,4,purchase_mouse
sess_01146,user_097,5,open_purchases
sess_01147,user_098,0,open_quotations
sess_01147,user_098,1,create_quotation
sess_01147,user_098,2,add_product
sess_01147,user_098,3,set_discount
sess_01147,user_098,4,save_quotation
sess_01147,user_098,5,send_quotation
sess_01148,user_099,0,view_phone
sess_01148,user_099,1,purchase_phone
sess_01148,user_099,2,purchase_phone_case
sess_01148,user_099,3,open_purchases
sess_01149,user_100,0,view_laptop
sess_01149,user_100,1,purchase_laptop
sess_01149,user_100,2,purchase_headphones
sess_01149,user_100,3,open_purchases
sess_01150,user_101,0,create_quotation
sess_01150,user_101,1,add_product
sess_01150,user_101,2,save_quotation
sess_01150,user_101,3,send_quotation
sess_01151,user_102,0,create_order
sess_01151,user_102,1,generate_invoice
sess_01151,user_102,2,confirm_payment
sess_01152,user_103,0,open_products
sess_01152,user_103,1,search_phone
sess_01152,user_103,2,view_phone
sess_01152,user_103,3,purchase_phone
sess_01152,user_103,4,purchase_phone_case
sess_01152,user_103,5,open_purchases
sess_01153,user_104,0,open_quotations
sess_01153,user_104,1,create_quotation
sess_01153,user_104,2,add_product
sess_01153,user_104,3,set_discount
sess_01153,user_104,4,save_quotation
sess_01153,user_104,5,send_quotation
sess_01154,user_105,0,view_monitor
sess_01154,user_105,1,purchase_monitor
sess_01154,user_105,2,purchase_headphones
sess_01155,user_106,0,create_quotation
sess_01155,user_106,1,add_product
sess_01155,user_106,2,set_discount
sess_01155,user_106,3,save_quotation
sess_01155,user_106,4,open_quotations
sess_01156,user_107,0,view_laptop
sess_01156,user_107,1,purchase_laptop
sess_01156,user_107,2,purchase_headphones
sess_01157,user_108,0,view_monitor
sess_01157,user_108,1,purchase_monitor
sess_01157,user_108,2,purchase_mouse
sess_01158,user_109,0,open_products
sess_01158,user_109,1,search_laptop
sess_01158,user_109,2,view_laptop
sess_01158,user_109,3,purchase_laptop
sess_01158,user_109,4,purchase_headphones
sess_01158,user_109,5,open_purchases
sess_01159,user_110,0,open_customers
sess_01159,user_110,1,view_customer
sess_01159,user_110,2,view_customer_quotations
sess_01159,user_110,3,create_quotation
sess_01160,user_111,0,view_laptop
sess_01160,user_111,1,purchase_laptop
sess_01160,user_111,2,purchase_mouse
sess_01160,user_111,3,open_purchases
sess_01161,user_112,0,open_quotations
sess_01161,user_112,1,create_quotation
sess_01161,user_112,2,add_product
sess_01161,user_112,3,save_quotation
sess_01161,user_112,4,open_quotations
sess_01162,user_113,0,open_quotations
sess_01162,user_113,1,create_quotation
sess_01162,user_113,2,add_product
sess_01162,user_113,3,set_discount
sess_01162,user_113,4,save_quotation
sess_01162,user_113,5,send_quotation
sess_01162,user_113,6,create_order
sess_01163,user_114,0,view_monitor
sess_01163,user_114,1,purchase_monitor
sess_01163,user_114,2,purchase_keyboard
sess_01164,user_115,0,open_products
sess_01164,user_115,1,search_phone
sess_01164,user_115,2,view_phone
sess_01164,user_115,3,purchase_phone
sess_01164,user_115,4,purchase_headphones
sess_01165,user_116,0,create_quotation
sess_01165,user_116,1,add_product
sess_01165,user_116,2,set_discount
sess_01165,user_116,3,save_quotation
sess_01165,user_116,4,send_quotation
sess_01165,user_116,5,create_order
sess_01166,user_117,0,view_phone
sess_01166,user_117,1,purchase_phone
sess_01166,user_117,2,purchase_headphones
sess_01166,user_117,3,open_purchases
sess_01167,user_118,0,open_orders
sess_01167,user_118,1,create_order
sess_01167,user_118,2,generate_invoice
sess_01167,user_118,3,confirm_payment
sess_01168,user_119,0,view_customer
sess_01168,user_119,1,view_customer_quotations
sess_01168,user_119,2,create_quotation
sess_01169,user_120,0,open_customers
sess_01169,user_120,1,view_customer
sess_01169,user_120,2,view_customer_orders
sess_01170,user_121,0,open_products
sess_01170,user_121,1,search_phone
sess_01170,user_121,2,view_phone
sess_01170,user_121,3,purchase_phone
sess_01170,user_121,4,purchase_headphones
sess_01170,user_121,5,open_purchases
sess_01171,user_122,0,open_quotations
sess_01171,user_122,1,create_quotation
sess_01171,user_122,2,add_product
sess_01171,user_122,3,set_discount
sess_01171,user_122,4,save_quotation
sess_01171,user_122,5,send_quotation
sess_01171,user_122,6,create_order
sess_01172,user_123,0,open_products
sess_01172,user_123,1,search_laptop
sess_01172,user_123,2,view_laptop
sess_01172,user_123,3,purchase_laptop
sess_01172,user_123,4,purchase_laptop_bag
sess_01172,user_123,5,open_purchases
sess_01173,user_124,0,view_laptop
sess_01173,user_124,1,purchase_laptop
sess_01173,user_124,2,purchase_headphones
sess_01173,user_124,3,open_purchases
sess_01174,user_125,0,open_products
sess_01174,user_125,1,search_phone
sess_01174,user_125,2,view_phone
sess_01174,user_125,3,purchase_phone
sess_01174,user_125,4,purchase_phone_case
sess_01174,user_125,5,open_purchases
sess_01175,user_126,0,view_monitor
sess_01175,user_126,1,purchase_monitor
sess_01175,user_126,2,purchase_keyboard
sess_01176,user_127,0,open_customers
sess_01176,user_127,1,view_customer
sess_01176,user_127,2,view_customer_quotations
sess_01177,user_128,0,view_laptop
sess_01177,user_128,1,purchase_laptop
sess_01177,user_128,2,purchase_mouse
sess_01177,user_128,3,open_purchases
sess_01178,user_129,0,open_orders
sess_01178,user_129,1,create_order
sess_01178,user_129,2,generate_invoice
sess_01178,user_129,3,confirm_payment
sess_01179,user_130,0,create_quotation
sess_01179,user_130,1,add_product
sess_01179,user_130,2,set_discount
sess_01179,user_130,3,save_quotation
sess_01179,user_130,4,send_quotation
sess_01180,user_131,0,open_products
sess_01180,user_131,1,search_laptop
sess_01180,user_131,2,view_laptop
sess_01180,user_131,3,purchase_laptop
sess_01180,user_131,4,purchase_headphones
sess_01181,user_132,0,open_products
sess_01181,user_132,1,search_laptop
sess_01181,user_132,2,view_laptop
sess_01181,user_132,3,purchase_laptop
sess_01181,user_132,4,purchase_headphones
sess_01181,user_132,5,open_purchases
sess_01182,user_133,0,open_products
sess_01182,user_133,1,search_laptop
sess_01182,user_133,2,view_laptop
sess_01182,user_133,3,purchase_laptop
sess_01182,user_133,4,purchase_headphones
sess_01182,user_133,5,open_purchases
sess_01183,user_134,0,view_laptop
sess_01183,user_134,1,purchase_laptop
sess_01183,user_134,2,purchase_headphones
sess_01183,user_134,3,open_purchases
sess_01184,user_135,0,create_quotation
sess_01184,user_135,1,add_product
sess_01184,user_135,2,set_discount
sess_01184,user_135,3,save_quotation
sess_01184,user_135,4,send_quotation
sess_01184,user_135,5,create_order
sess_01185,user_136,0,open_orders
sess_01185,user_136,1,create_order
sess_01185,user_136,2,generate_invoice
sess_01186,user_137,0,open_orders
sess_01186,user_137,1,create_order
sess_01186,user_137,2,generate_invoice
sess_01186,user_137,3,confirm_payment
sess_01187,user_138,0,view_monitor
sess_01187,user_138,1,purchase_monitor
sess_01187,user_138,2,purchase_keyboard
sess_01188,user_139,0,view_laptop
sess_01188,user_139,1,purchase_laptop
sess_01188,user_139,2,purchase_headphones
sess_01188,user_139,3,open_purchases
sess_01189,user_140,0,view_laptop
sess_01189,user_140,1,purchase_laptop
sess_01189,user_140,2,purchase_warranty
sess_01189,user_140,3,open_purchases
sess_01190,user_141,0,view_laptop
sess_01190,user_141,1,purchase_laptop
sess_01190,user_141,2,purchase_laptop_bag
sess_01191,user_142,0,open_orders
sess_01191,user_142,1,create_order
sess_01191,user_142,2,generate_invoice
sess_01191,user_142,3,confirm_payment
sess_01192,user_143,0,open_quotations
sess_01192,user_143,1,create_quotation
sess_01192,user_143,2,add_product
sess_01192,user_143,3,set_discount
sess_01192,user_143,4,save_quotation
sess_01192,user_143,5,send_quotation
sess_01193,user_144,0,view_phone
sess_01193,user_144,1,purchase_phone
sess_01193,user_144,2,purchase_phone_case
sess_01193,user_144,3,open_purchases
sess_01194,user_145,0,view_phone
sess_01194,user_145,1,purchase_phone
sess_01194,user_145,2,purchase_phone_case
sess_01194,user_145,3,open_purchases
sess_01195,user_146,0,open_products
sess_01195,user_146,1,search_phone
sess_01195,user_146,2,view_phone
sess_01195,user_146,3,purchase_phone
sess_01195,user_146,4,purchase_phone_case
sess_01196,user_147,0,create_quotation
sess_01196,user_147,1,add_product
sess_01196,user_147,2,set_discount
sess_01196,user_147,3,save_quotation
sess_01196,user_147,4,send_quotation
sess_01197,user_148,0,open_products
sess_01197,user_148,1,search_monitor
sess_01197,user_148,2,view_monitor
sess_01197,user_148,3,purchase_monitor
sess_01197,user_148,4,purchase_mouse
sess_01198,user_149,0,login
sess_01198,user_149,1,open_products
sess_01198,user_149,2,search_phone
sess_01198,user_149,3,view_phone
sess_01198,user_149,4,purchase_phone
sess_01198,user_149,5,purchase_phone_case
sess_01199,user_150,0,view_phone
sess_01199,user_150,1,purchase_phone
sess_01199,user_150,2,purchase_headphones
sess_01200,user_001,0,open_customers
sess_01200,user_001,1,view_customer
sess_01200,user_001,2,update_customer
sess_01201,user_002,0,open_products
sess_01201,user_002,1,search_phone
sess_01201,user_002,2,view_phone
sess_01201,user_002,3,purchase_phone
sess_01201,user_002,4,purchase_warranty
sess_01201,user_002,5,open_purchases
sess_01202,user_003,0,view_customer
sess_01202,user_003,1,view_customer_quotations
sess_01202,user_003,2,create_quotation
sess_01203,user_004,0,view_customer
sess_01203,user_004,1,view_customer_orders
sess_01204,user_005,0,open_products
sess_01204,user_005,1,search_phone
sess_01204,user_005,2,view_phone
sess_01204,user_005,3,purchase_phone
sess_01204,user_005,4,purchase_phone_case
sess_01204,user_005,5,open_purchases
sess_01205,user_006,0,open_products
sess_01205,user_006,1,search_laptop
sess_01205,user_006,2,view_laptop
sess_01205,user_006,3,purchase_laptop
sess_01205,user_006,4,purchase_warranty
sess_01205,user_006,5,open_purchases
sess_01206,user_007,0,open_products
sess_01206,user_007,1,search_phone
sess_01206,user_007,2,view_phone
sess_01206,user_007,3,purchase_phone
sess_01206,user_007,4,purchase_headphones
sess_01207,user_008,0,open_customers
sess_01207,user_008,1,view_customer
sess_01207,user_008,2,view_customer_quotations
sess_01207,user_008,3,create_quotation
sess_01208,user_009,0,open_products
sess_01208,user_009,1,search_monitor
sess_01208,user_009,2,view_monitor
sess_01208,user_009,3,purchase_monitor
sess_01208,user_009,4,purchase_headphones
sess_01209,user_010,0,create_quotation
sess_01209,user_010,1,add_product
sess_01209,user_010,2,save_quotation
sess_01209,user_010,3,send_quotation
sess_01210,user_011,0,view_customer
sess_01210,user_011,1,view_customer_quotations
sess_01210,user_011,2,create_quotation
sess_01211,user_012,0,open_quotations
sess_01211,user_012,1,create_quotation
sess_01211,user_012,2,add_product
sess_01211,user_012,3,save_quotation
sess_01211,user_012,4,send_quotation
sess_01211,user_012,5,create_order
sess_01212,user_013,0,create_order
sess_01212,user_013,1,generate_invoice
sess_01212,user_013,2,confirm_payment
sess_01213,user_014,0,open_products
sess_01213,user_014,1,search_phone
sess_01213,user_014,2,view_phone
sess_01213,user_014,3,purchase_phone
sess_01213,user_014,4,purchase_phone_case
sess_01213,user_014,5,open_purchases
sess_01214,user_015,0,view_phone
sess_01214,user_015,1,purchase_phone
sess_01214,user_015,2,purchase_warranty
sess_01214,user_015,3,open_purchases
sess_01215,user_016,0,open_products
sess_01215,user_016,1,search_laptop
sess_01215,user_016,2,view_laptop
sess_01215,user_016,3,purchase_laptop
sess_01215,user_016,4,purchase_headphones
sess_01215,user_016,5,open_purchases
sess_01216,user_017,0,open_products
sess_01216,user_017,1,search_laptop
sess_01216,user_017,2,view_laptop
sess_01216,user_017,3,purchase_laptop
sess_01216,user_017,4,purchase_headphones
sess_01216,user_017,5,open_purchases
sess_01217,user_018,0,create_quotation
sess_01217,user_018,1,add_product
sess_01217,user_018,2,set_discount
sess_01217,user_018,3,save_quotation
sess_01217,user_018,4,send_quotation
sess_01217,user_018,5,create_order
sess_01218,user_019,0,view_laptop
sess_01218,user_019,1,purchase_laptop
sess_01218,user_019,2,purchase_headphones
sess_01218,user_019,3,open_purchases
sess_01219,user_020,0,open_products
sess_01219,user_020,1,search_monitor
sess_01219,user_020,2,view_monitor
sess_01219,user_020,3,purchase_monitor
sess_01219,user_020,4,purchase_keyboard
sess_01220,user_021,0,open_products
sess_01220,user_021,1,search_laptop
sess_01220,user_021,2,view_laptop
sess_01220,user_021,3,purchase_laptop
sess_01220,user_021,4,purchase_mouse
sess_01220,user_021,5,open_purchases
sess_01221,user_022,0,open_products
sess_01221,user_022,1,search_laptop
sess_01221,user_022,2,view_laptop
sess_01221,user_022,3,purchase_laptop
sess_01221,user_022,4,purchase_headphones
sess_01221,user_022,5,open_purchases
sess_01222,user_023,0,view_monitor
sess_01222,user_023,1,purchase_monitor
sess_01222,user_023,2,purchase_mouse
sess_01223,user_024,0,open_products
sess_01223,user_024,1,search_monitor
sess_01223,user_024,2,view_monitor
sess_01223,user_024,3,purchase_monitor
sess_01223,user_024,4,purchase_mouse
sess_01224,user_025,0,create_quotation
sess_01224,user_025,1,add_product
sess_01224,user_025,2,set_discount
sess_01224,user_025,3,save_quotation
sess_01224,user_025,4,open_quotations
sess_01225,user_026,0,open_quotations
sess_01225,user_026,1,create_quotation
sess_01225,user_026,2,add_product
sess_01225,user_026,3,set_discount
sess_01225,user_026,4,save_quotation
sess_01225,user_026,5,open_quotations
sess_01226,user_027,0,open_customers
sess_01226,user_027,1,view_customer
sess_01226,user_027,2,view_customer_quotations
sess_01227,user_028,0,open_quotations
sess_01227,user_028,1,create_quotation
sess_01227,user_028,2,add_product
sess_01227,user_028,3,set_discount
sess_01227,user_028,4,save_quotation
sess_01227,user_028,5,send_quotation
sess_01228,user_029,0,view_monitor
sess_01228,user_029,1,purchase_monitor
sess_01228,user_029,2,purchase_keyboard
sess_01229,user_030,0,create_quotation
sess_01229,user_030,1,add_product
sess_01229,user_030,2,save_quotation
sess_01229,user_030,3,open_quotations
sess_01230,user_031,0,open_products
sess_01230,user_031,1,search_phone
sess_01230,user_031,2,view_phone
sess_01230,user_031,3,purchase_phone
sess_01230,user_031,4,purchase_phone_case
sess_01230,user_031,5,open_purchases
sess_01231,user_032,0,open_products
sess_01231,user_032,1,search_phone
sess_01231,user_032,2,view_phone
sess_01231,user_032,3,purchase_phone
sess_01231,user_032,4,purchase_headphones
sess_01231,user_032,5,open_purchases
sess_01232,user_033,0,open_products
sess_01232,user_033,1,search_laptop
sess_01232,user_033,2,view_laptop
sess_01232,user_033,3,purchase_laptop
sess_01232,user_033,4,purchase_mouse
sess_01233,user_034,0,view_phone
sess_01233,user_034,1,purchase_phone
sess_01233,user_034,2,purchase_phone_case
sess_01233,user_034,3,open_purchases
sess_01234,user_035,0,view_phone
sess_01234,user_035,1,purchase_phone
sess_01234,user_035,2,purchase_warranty
sess_01234,user_035,3,open_purchases
sess_01235,user_036,0,view_phone
sess_01235,user_036,1,purchase_phone
sess_01235,user_036,2,purchase_headphones
sess_01235,user_036,3,open_purchases
sess_01236,user_037,0,create_quotation
sess_01236,user_037,1,add_product
sess_01236,user_037,2,set_discount
sess_01236,user_037,3,save_quotation
sess_01236,user_037,4,send_quotation
sess_01236,user_037,5,create_order
sess_01237,user_038,0,create_order
sess_01237,user_038,1,generate_invoice
sess_01237,user_038,2,confirm_payment
sess_01238,user_039,0,login
sess_01238,user_039,1,open_products
sess_01238,user_039,2,search_phone
sess_01238,user_039,3,view_phone
sess_01238,user_039,4,purchase_phone
sess_01238,user_039,5,purchase_phone_case
sess_01239,user_040,0,open_products
sess_01239,user_040,1,search_laptop
sess_01239,user_040,2,view_laptop
sess_01239,user_040,3,purchase_laptop
sess_01239,user_040,4,purchase_mouse
sess_01240,user_041,0,open_products
sess_01240,user_041,1,search_phone
sess_01240,user_041,2,view_phone
sess_01240,user_041,3,purchase_phone
sess_01240,user_041,4,purchase_phone_case
sess_01240,user_041,5,open_purchases
sess_01241,user_042,0,create_quotation
sess_01241,user_042,1,add_product
sess_01241,user_042,2,save_quotation
sess_01241,user_042,3,send_quotation
sess_01241,user_042,4,create_order
sess_01242,user_043,0,open_products
sess_01242,user_043,1,search_laptop
sess_01242,user_043,2,view_laptop
sess_01242,user_043,3,purchase_laptop
sess_01242,user_043,4,purchase_headphones
sess_01242,user_043,5,open_purchases
sess_01243,user_044,0,open_products
sess_01243,user_044,1,search_monitor
sess_01243,user_044,2,view_monitor
sess_01243,user_044,3,purchase_monitor
sess_01243,user_044,4,purchase_mouse
sess_01244,user_045,0,login
sess_01244,user_045,1,open_products
sess_01244,user_045,2,search_phone
sess_01244,user_045,3,view_phone
sess_01244,user_045,4,purchase_phone
sess_01244,user_045,5,purchase_phone_case
sess_01245,user_046,0,view_phone
sess_01245,user_046,1,purchase_phone
sess_01245,user_046,2,purchase_phone_case
sess_01245,user_046,3,open_purchases
sess_01246,user_047,0,open_orders
sess_01246,user_047,1,create_order
sess_01246,user_047,2,generate_invoice
sess_01246,user_047,3,confirm_payment
sess_01247,user_048,0,view_phone
sess_01247,user_048,1,purchase_phone
sess_01247,user_048,2,purchase_headphones
sess_01248,user_049,0,login
sess_01248,user_049,1,open_products
sess_01248,user_049,2,search_phone
sess_01248,user_049,3,view_phone
sess_01248,user_049,4,purchase_phone
sess_01248,user_049,5,purchase_phone_case
sess_01249,user_050,0,open_products
sess_01249,user_050,1,search_phone
sess_01249,user_050,2,view_phone
sess_01249,user_050,3,purchase_phone
sess_01249,user_050,4,purchase_phone_case
sess_01249,user_050,5,open_purchases
sess_01250,user_051,0,view_monitor
sess_01250,user_051,1,purchase_monitor
sess_01250,user_051,2,purchase_keyboard
sess_01251,user_052,0,open_products
sess_01251,user_052,1,search_laptop
sess_01251,user_052,2,view_laptop
sess_01251,user_052,3,purchase_laptop
sess_01251,user_052,4,purchase_laptop_bag
sess_01252,user_053,0,view_laptop
sess_01252,user_053,1,purchase_laptop
sess_01252,user_053,2,purchase_headphones
sess_01252,user_053,3,open_purchases
sess_01253,user_054,0,view_laptop
sess_01253,user_054,1,purchase_laptop
sess_01253,user_054,2,purchase_headphones
sess_01254,user_055,0,view_laptop
sess_01254,user_055,1,purchase_laptop
sess_01254,user_055,2,purchase_headphones
sess_01255,user_056,0,open_products
sess_01255,user_056,1,search_monitor
sess_01255,user_056,2,view_monitor
sess_01255,user_056,3,purchase_monitor
sess_01255,user_056,4,purchase_keyboard
sess_01256,user_057,0,view_monitor
sess_01256,user_057,1,purchase_monitor
sess_01256,user_057,2,purchase_keyboard
sess_01257,user_058,0,open_products
sess_01257,user_058,1,search_phone
sess_01257,user_058,2,view_phone
sess_01257,user_058,3,purchase_phone
sess_01257,user_058,4,purchase_phone_case
sess_01257,user_058,5,open_purchases
sess_01258,user_059,0,open_customers
sess_01258,user_059,1,view_customer
sess_01258,user_059,2,view_customer_quotations
sess_01258,user_059,3,create_quotation
sess_01259,user_060,0,open_products
sess_01259,user_060,1,search_monitor
sess_01259,user_060,2,view_monitor
sess_01259,user_060,3,purchase_monitor
sess_01259,user_060,4,purchase_headphones
sess_01260,user_061,0,view_monitor
sess_01260,user_061,1,purchase_monitor
sess_01260,user_061,2,purchase_keyboard
sess_01261,user_062,0,view_phone
sess_01261,user_062,1,purchase_phone
sess_01261,user_062,2,purchase_headphones
sess_01262,user_063,0,create_order
sess_01262,user_063,1,generate_invoice
sess_01262,user_063,2,confirm_payment
sess_01263,user_064,0,open_customers
sess_01263,user_064,1,view_customer
sess_01263,user_064,2,view_customer_quotations
sess_01264,user_065,0,open_orders
sess_01264,user_065,1,create_order
sess_01264,user_065,2,generate_invoice
sess_01264,user_065,3,confirm_payment
sess_01265,user_066,0,open_products
sess_01265,user_066,1,search_phone
sess_01265,user_066,2,view_phone
sess_01265,user_066,3,purchase_phone
sess_01265,user_066,4,purchase_phone_case
sess_01266,user_067,0,view_phone
sess_01266,user_067,1,purchase_phone
sess_01266,user_067,2,purchase_headphones
sess_01266,user_067,3,open_purchases
sess_01267,user_068,0,create_order
sess_01267,user_068,1,generate_invoice
sess_01267,user_068,2,confirm_payment
sess_01268,user_069,0,create_order
sess_01268,user_069,1,generate_invoice
sess_01268,user_069,2,confirm_payment
sess_01269,user_070,0,open_products
sess_01269,user_070,1,search_laptop
sess_01269,user_070,2,view_laptop
sess_01269,user_070,3,purchase_laptop
sess_01269,user_070,4,purchase_headphones
sess_01269,user_070,5,open_purchases
sess_01270,user_071,0,create_order
sess_01270,user_071,1,generate_invoice
sess_01270,user_071,2,confirm_payment
sess_01271,user_072,0,login
sess_01271,user_072,1,open_products
sess_01271,user_072,2,search_laptop
sess_01271,user_072,3,view_laptop
sess_01271,user_072,4,purchase_laptop
sess_01271,user_072,5,purchase_headphones
sess_01271,user_072,6,open_purchases
sess_01272,user_073,0,view_phone
sess_01272,user_073,1,purchase_phone
sess_01272,user_073,2,purchase_phone_case
sess_01272,user_073,3,open_purchases
sess_01273,user_074,0,open_products
sess_01273,user_074,1,search_monitor
sess_01273,user_074,2,view_monitor
sess_01273,user_074,3,purchase_monitor
sess_01273,user_074,4,purchase_keyboard
sess_01274,user_075,0,open_quotations
sess_01274,user_075,1,create_quotation
sess_01274,user_075,2,add_product
sess_01274,user_075,3,save_quotation
sess_01274,user_075,4,send_quotation
sess_01275,user_076,0,open_customers
sess_01275,user_076,1,view_customer
sess_01275,user_076,2,view_customer_quotations
sess_01275,user_076,3,create_quotation
sess_01276,user_077,0,open_orders
sess_01276,user_077,1,create_order
sess_01276,user_077,2,generate_invoice
sess_01277,user_078,0,open_quotations
sess_01277,user_078,1,create_quotation
sess_01277,user_078,2,add_product
sess_01277,user_078,3,set_discount
sess_01277,user_078,4,save_quotation
sess_01277,user_078,5,send_quotation
sess_01277,user_078,6,create_order
sess_01278,user_079,0,open_quotations
sess_01278,user_079,1,create_quotation
sess_01278,user_079,2,add_product
sess_01278,user_079,3,set_discount
sess_01278,user_079,4,save_quotation
sess_01278,user_079,5,send_quotation
sess_01278,user_079,6,create_order
sess_01279,user_080,0,open_products
sess_01279,user_080,1,search_laptop
sess_01279,user_080,2,view_laptop
sess_01279,user_080,3,purchase_laptop
sess_01279,user_080,4,purchase_headphones
sess_01280,user_081,0,create_quotation
sess_01280,user_081,1,add_product
sess_01280,user_081,2,set_discount
sess_01280,user_081,3,save_quotation
sess_01280,user_081,4,send_quotation
sess_01280,user_081,5,create_order
sess_01281,user_082,0,view_laptop
sess_01281,user_082,1,purchase_laptop
sess_01281,user_082,2,purchase_laptop_bag
sess_01281,user_082,3,open_purchases
sess_01282,user_083,0,create_quotation
sess_01282,user_083,1,add_product
sess_01282,user_083,2,set_discount
sess_01282,user_083,3,save_quotation
sess_01282,user_083,4,send_quotation
sess_01283,user_084,0,create_quotation
sess_01283,user_084,1,add_product
sess_01283,user_084,2,set_discount
sess_01283,user_084,3,save_quotation
sess_01283,user_084,4,open_quotations
sess_01284,user_085,0,open_customers
sess_01284,user_085,1,view_customer
sess_01284,user_085,2,view_customer_quotations
sess_01284,user_085,3,create_quotation
sess_01285,user_086,0,open_quotations
sess_01285,user_086,1,create_quotation
sess_01285,user_086,2,add_product
sess_01285,user_086,3,save_quotation
sess_01285,user_086,4,send_quotation
sess_01286,user_087,0,open_products
sess_01286,user_087,1,search_monitor
sess_01286,user_087,2,view_monitor
sess_01286,user_087,3,purchase_monitor
sess_01286,user_087,4,purchase_keyboard
sess_01287,user_088,0,open_quotations
sess_01287,user_088,1,create_quotation
sess_01287,user_088,2,add_product
sess_01287,user_088,3,set_discount
sess_01287,user_088,4,save_quotation
sess_01287,user_088,5,send_quotation
sess_01288,user_089,0,open_products
sess_01288,user_089,1,search_laptop
sess_01288,user_089,2,view_laptop
sess_01288,user_089,3,purchase_laptop
sess_01288,user_089,4,purchase_headphones
sess_01288,user_089,5,open_purchases
sess_01289,user_090,0,open_products
sess_01289,user_090,1,search_laptop
sess_01289,user_090,2,view_laptop
sess_01289,user_090,3,purchase_laptop
sess_01289,user_090,4,purchase_headphones
sess_01289,user_090,5,open_purchases
sess_01290,user_091,0,view_laptop
sess_01290,user_091,1,purchase_laptop
sess_01290,user_091,2,purchase_mouse
sess_01291,user_092,0,create_quotation
sess_01291,user_092,1,add_product
sess_01291,user_092,2,set_discount
sess_01291,user_092,3,save_quotation
sess_01291,user_092,4,open_quotations
sess_01292,user_093,0,login
sess_01292,user_093,1,open_products
sess_01292,user_093,2,search_laptop
sess_01292,user_093,3,view_laptop
sess_01292,user_093,4,purchase_laptop
sess_01292,user_093,5,purchase_headphones
sess_01293,user_094,0,view_customer
sess_01293,user_094,1,view_customer_quotations
sess_01293,user_094,2,create_quotation
sess_01294,user_095,0,create_order
sess_01294,user_095,1,assign_delivery
sess_01295,user_096,0,open_products
sess_01295,user_096,1,search_laptop
sess_01295,user_096,2,view_laptop
sess_01295,user_096,3,purchase_laptop
sess_01295,user_096,4,purchase_laptop_bag
sess_01296,user_097,0,open_products
sess_01296,user_097,1,search_phone
sess_01296,user_097,2,view_phone
sess_01296,user_097,3,purchase_phone
sess_01296,user_097,4,purchase_phone_case
sess_01297,user_098,0,open_products
sess_01297,user_098,1,search_phone
sess_01297,user_098,2,view_phone
sess_01297,user_098,3,purchase_phone
sess_01297,user_098,4,purchase_phone_case
sess_01298,user_099,0,open_products
sess_01298,user_099,1,search_laptop
sess_01298,user_099,2,view_laptop
sess_01298,user_099,3,purchase_laptop
sess_01298,user_099,4,purchase_headphones
sess_01299,user_100,0,open_products
sess_01299,user_100,1,search_monitor
sess_01299,user_100,2,view_monitor
sess_01299,user_100,3,purchase_monitor
sess_01299,user_100,4,purchase_keyboard
sess_01300,user_101,0,view_laptop
sess_01300,user_101,1,purchase_laptop
sess_01300,user_101,2,purchase_mouse
sess_01301,user_102,0,open_quotations
sess_01301,user_102,1,create_quotation
sess_01301,user_102,2,add_product
sess_01301,user_102,3,set_discount
sess_01301,user_102,4,save_quotation
sess_01301,user_102,5,send_quotation
sess_01301,user_102,6,create_order
sess_01302,user_103,0,view_phone
sess_01302,user_103,1,purchase_phone
sess_01302,user_103,2,purchase_phone_case
sess_01303,user_104,0,open_quotations
sess_01303,user_104,1,create_quotation
sess_01303,user_104,2,add_product
sess_01303,user_104,3,save_quotation
sess_01303,user_104,4,open_quotations
sess_01304,user_105,0,view_monitor
sess_01304,user_105,1,purchase_monitor
sess_01304,user_105,2,purchase_headphones
sess_01305,user_106,0,open_products
sess_01305,user_106,1,search_phone
sess_01305,user_106,2,view_phone
sess_01305,user_106,3,purchase_phone
sess_01305,user_106,4,purchase_headphones
sess_01306,user_107,0,create_quotation
sess_01306,user_107,1,add_product
sess_01306,user_107,2,set_discount
sess_01306,user_107,3,save_quotation
sess_01306,user_107,4,open_quotations
sess_01307,user_108,0,open_quotations
sess_01307,user_108,1,create_quotation
sess_01307,user_108,2,add_product
sess_01307,user_108,3,set_discount
sess_01307,user_108,4,save_quotation
sess_01307,user_108,5,open_quotations
sess_01308,user_109,0,view_phone
sess_01308,user_109,1,purchase_phone
sess_01308,user_109,2,purchase_phone_case
sess_01309,user_110,0,login
sess_01309,user_110,1,open_products
sess_01309,user_110,2,search_laptop
sess_01309,user_110,3,view_laptop
sess_01309,user_110,4,purchase_laptop
sess_01309,user_110,5,purchase_headphones
sess_01309,user_110,6,open_purchases
sess_01310,user_111,0,create_quotation
sess_01310,user_111,1,add_product
sess_01310,user_111,2,set_discount
sess_01310,user_111,3,save_quotation
sess_01310,user_111,4,send_quotation
sess_01310,user_111,5,create_order
sess_01311,user_112,0,login
sess_01311,user_112,1,open_products
sess_01311,user_112,2,search_laptop
sess_01311,user_112,3,view_laptop
sess_01311,user_112,4,purchase_laptop
sess_01311,user_112,5,purchase_headphones
sess_01311,user_112,6,open_purchases
sess_01312,user_113,0,view_laptop
sess_01312,user_113,1,purchase_laptop
sess_01312,user_113,2,purchase_headphones
sess_01312,user_113,3,open_purchases
sess_01313,user_114,0,create_quotation
sess_01313,user_114,1,add_product
sess_01313,user_114,2,set_discount
sess_01313,user_114,3,save_quotation
sess_01313,user_114,4,send_quotation
sess_01313,user_114,5,create_order
sess_01314,user_115,0,login
sess_01314,user_115,1,open_products
sess_01314,user_115,2,search_phone
sess_01314,user_115,3,view_phone
sess_01314,user_115,4,purchase_phone
sess_01314,user_115,5,purchase_phone_case
sess_01315,user_116,0,open_products
sess_01315,user_116,1,search_laptop
sess_01315,user_116,2,view_laptop
sess_01315,user_116,3,purchase_laptop
sess_01315,user_116,4,purchase_mouse
sess_01315,user_116,5,open_purchases
sess_01316,user_117,0,view_laptop
sess_01316,user_117,1,purchase_laptop
sess_01316,user_117,2,purchase_headphones
sess_01316,user_117,3,open_purchases
sess_01317,user_118,0,open_customers
sess_01317,user_118,1,view_customer
sess_01317,user_118,2,view_customer_quotations
sess_01318,user_119,0,open_products
sess_01318,user_119,1,search_laptop
sess_01318,user_119,2,view_laptop
sess_01318,user_119,3,purchase_laptop
sess_01318,user_119,4,purchase_mouse
sess_01318,user_119,5,open_purchases
sess_01319,user_120,0,open_customers
sess_01319,user_120,1,view_customer
sess_01319,user_120,2,view_customer_orders
sess_01320,user_121,0,open_products
sess_01320,user_121,1,search_laptop
sess_01320,user_121,2,view_laptop
sess_01320,user_121,3,purchase_laptop
sess_01320,user_121,4,purchase_headphones
sess_01320,user_121,5,open_purchases
sess_01321,user_122,0,open_quotations
sess_01321,user_122,1,create_quotation
sess_01321,user_122,2,add_product
sess_01321,user_122,3,set_discount
sess_01321,user_122,4,save_quotation
sess_01321,user_122,5,send_quotation
sess_01322,user_123,0,open_products
sess_01322,user_123,1,search_laptop
sess_01322,user_123,2,view_laptop
sess_01322,user_123,3,purchase_laptop
sess_01322,user_123,4,purchase_mouse
sess_01322,user_123,5,open_purchases
sess_01323,user_124,0,open_quotations
sess_01323,user_124,1,create_quotation
sess_01323,user_124,2,add_product
sess_01323,user_124,3,save_quotation
sess_01323,user_124,4,open_quotations
sess_01324,user_125,0,open_quotations
sess_01324,user_125,1,create_quotation
sess_01324,user_125,2,add_product
sess_01324,user_125,3,save_quotation
sess_01324,user_125,4,send_quotation
sess_01324,user_125,5,create_order
sess_01325,user_126,0,view_customer
sess_01325,user_126,1,view_customer_orders
sess_01326,user_127,0,open_products
sess_01326,user_127,1,search_monitor
sess_01326,user_127,2,view_monitor
sess_01326,user_127,3,purchase_monitor
sess_01326,user_127,4,purchase_keyboard
sess_01327,user_128,0,open_products
sess_01327,user_128,1,search_laptop
sess_01327,user_128,2,view_laptop
sess_01327,user_128,3,purchase_laptop
sess_01327,user_128,4,purchase_mouse
sess_01327,user_128,5,open_purchases
sess_01328,user_129,0,view_phone
sess_01328,user_129,1,purchase_phone
sess_01328,user_129,2,purchase_phone_case
sess_01329,user_130,0,view_monitor
sess_01329,user_130,1,purchase_monitor
sess_01329,user_130,2,purchase_keyboard
sess_01330,user_131,0,open_products
sess_01330,user_131,1,search_phone
sess_01330,user_131,2,view_phone
sess_01330,user_131,3,purchase_phone
sess_01330,user_131,4,purchase_phone_case
sess_01330,user_131,5,open_purchases
sess_01331,user_132,0,create_quotation
sess_01331,user_132,1,add_product
sess_01331,user_132,2,set_discount
sess_01331,user_132,3,save_quotation
sess_01331,user_132,4,open_quotations
sess_01332,user_133,0,create_quotation
sess_01332,user_133,1,add_product
sess_01332,user_133,2,set_discount
sess_01332,user_133,3,save_quotation
sess_01332,user_133,4,send_quotation
sess_01332,user_133,5,create_order
sess_01333,user_134,0,view_phone
sess_01333,user_134,1,purchase_phone
sess_01333,user_134,2,purchase_phone_case
sess_01333,user_134,3,open_purchases
sess_01334,user_135,0,view_phone
sess_01334,user_135,1,purchase_phone
sess_01334,user_135,2,purchase_headphones
sess_01334,user_135,3,open_purchases
sess_01335,user_136,0,open_products
sess_01335,user_136,1,search_laptop
sess_01335,user_136,2,view_laptop
sess_01335,user_136,3,purchase_laptop
sess_01335,user_136,4,purchase_headphones
sess_01335,user_136,5,open_purchases
sess_01336,user_137,0,open_products
sess_01336,user_137,1,search_laptop
sess_01336,user_137,2,view_laptop
sess_01336,user_137,3,purchase_laptop
sess_01336,user_137,4,purchase_mouse
sess_01336,user_137,5,open_purchases
sess_01337,user_138,0,view_laptop
sess_01337,user_138,1,purchase_laptop
sess_01337,user_138,2,purchase_headphones
sess_01337,user_138,3,open_purchases
sess_01338,user_139,0,create_quotation
sess_01338,user_139,1,add_product
sess_01338,user_139,2,save_quotation
sess_01338,user_139,3,send_quotation
sess_01338,user_139,4,create_order
sess_01339,user_140,0,open_quotations
sess_01339,user_140,1,create_quotation
sess_01339,user_140,2,add_product
sess_01339,user_140,3,set_discount
sess_01339,user_140,4,save_quotation
sess_01339,user_140,5,send_quotation
sess_01339,user_140,6,create_order
sess_01340,user_141,0,view_phone
sess_01340,user_141,1,purchase_phone
sess_01340,user_141,2,purchase_phone_case
sess_01341,user_142,0,open_orders
sess_01341,user_142,1,create_order
sess_01341,user_142,2,assign_delivery
sess_01342,user_143,0,open_products
sess_01342,user_143,1,search_phone
sess_01342,user_143,2,view_phone
sess_01342,user_143,3,purchase_phone
sess_01342,user_143,4,purchase_warranty
sess_01343,user_144,0,open_products
sess_01343,user_144,1,search_monitor
sess_01343,user_144,2,view_monitor
sess_01343,user_144,3,purchase_monitor
sess_01343,user_144,4,purchase_keyboard
sess_01344,user_145,0,open_quotations
sess_01344,user_145,1,create_quotation
sess_01344,user_145,2,add_product
sess_01344,user_145,3,save_quotation
sess_01344,user_145,4,send_quotation
sess_01344,user_145,5,create_order
sess_01345,user_146,0,create_quotation
sess_01345,user_146,1,add_product
sess_01345,user_146,2,set_discount
sess_01345,user_146,3,save_quotation
sess_01345,user_146,4,send_quotation
sess_01345,user_146,5,create_order
sess_01346,user_147,0,view_phone
sess_01346,user_147,1,purchase_phone
sess_01346,user_147,2,purchase_warranty
sess_01346,user_147,3,open_purchases
sess_01347,user_148,0,open_products
sess_01347,user_148,1,search_phone
sess_01347,user_148,2,view_phone
sess_01347,user_148,3,purchase_phone
sess_01347,user_148,4,purchase_headphones
sess_01347,user_148,5,open_purchases
sess_01348,user_149,0,open_orders
sess_01348,user_149,1,create_order
sess_01348,user_149,2,generate_invoice
sess_01348,user_149,3,confirm_payment
sess_01349,user_150,0,open_products
sess_01349,user_150,1,search_laptop
sess_01349,user_150,2,view_laptop
sess_01349,user_150,3,purchase_laptop
sess_01349,user_150,4,purchase_laptop_bag
sess_01349,user_150,5,open_purchases
sess_01350,user_001,0,open_products
sess_01350,user_001,1,search_laptop
sess_01350,user_001,2,view_laptop
sess_01350,user_001,3,purchase_laptop
sess_01350,user_001,4,purchase_laptop_bag
sess_01350,user_001,5,open_purchases
sess_01351,user_002,0,create_quotation
sess_01351,user_002,1,add_product
sess_01351,user_002,2,set_discount
sess_01351,user_002,3,save_quotation
sess_01351,user_002,4,send_quotation
sess_01352,user_003,0,open_customers
sess_01352,user_003,1,view_customer
sess_01352,user_003,2,view_customer_orders
sess_01353,user_004,0,view_phone
sess_01353,user_004,1,purchase_phone
sess_01353,user_004,2,purchase_headphones
sess_01353,user_004,3,open_purchases
sess_01354,user_005,0,create_quotation
sess_01354,user_005,1,add_product
sess_01354,user_005,2,set_discount
sess_01354,user_005,3,save_quotation
sess_01354,user_005,4,send_quotation
sess_01354,user_005,5,create_order
sess_01355,user_006,0,view_customer
sess_01355,user_006,1,view_customer_quotations
sess_01355,user_006,2,create_quotation
sess_01356,user_007,0,view_laptop
sess_01356,user_007,1,purchase_laptop
sess_01356,user_007,2,purchase_headphones
sess_01357,user_008,0,view_laptop
sess_01357,user_008,1,purchase_laptop
sess_01357,user_008,2,purchase_mouse
sess_01358,user_009,0,open_products
sess_01358,user_009,1,search_phone
sess_01358,user_009,2,view_phone
sess_01358,user_009,3,purchase_phone
sess_01358,user_009,4,purchase_phone_case
sess_01358,user_009,5,open_purchases
sess_01359,user_010,0,create_quotation
sess_01359,user_010,1,add_product
sess_01359,user_010,2,set_discount
sess_01359,user_010,3,save_quotation
sess_01359,user_010,4,send_quotation
sess_01359,user_010,5,create_order
sess_01360,user_011,0,open_products
sess_01360,user_011,1,search_laptop
sess_01360,user_011,2,view_laptop
sess_01360,user_011,3,purchase_laptop
sess_01360,user_011,4,purchase_headphones
sess_01361,user_012,0,view_customer
sess_01361,user_012,1,view_customer_quotations
sess_01361,user_012,2,create_quotation
sess_01362,user_013,0,create_quotation
sess_01362,user_013,1,add_product
sess_01362,user_013,2,set_discount
sess_01362,user_013,3,save_quotation
sess_01362,user_013,4,send_quotation
sess_01362,user_013,5,create_order
sess_01363,user_014,0,login
sess_01363,user_014,1,open_products
sess_01363,user_014,2,search_phone
sess_01363,user_014,3,view_phone
sess_01363,user_014,4,purchase_phone
sess_01363,user_014,5,purchase_phone_case
sess_01364,user_015,0,open_products
sess_01364,user_015,1,search_phone
sess_01364,user_015,2,view_phone
sess_01364,user_015,3,purchase_phone
sess_01364,user_015,4,purchase_phone_case
sess_01364,user_015,5,open_purchases
sess_01365,user_016,0,create_order
sess_01365,user_016,1,assign_delivery
sess_01366,user_017,0,open_quotations
sess_01366,user_017,1,create_quotation
sess_01366,user_017,2,add_product
sess_01366,user_017,3,save_quotation
sess_01366,user_017,4,send_quotation
sess_01366,user_017,5,create_order
sess_01367,user_018,0,create_order
sess_01367,user_018,1,assign_delivery
sess_01368,user_019,0,open_products
sess_01368,user_019,1,search_laptop
sess_01368,user_019,2,view_laptop
sess_01368,user_019,3,purchase_laptop
sess_01368,user_019,4,purchase_headphones
sess_01368,user_019,5,open_purchases
sess_01369,user_020,0,view_laptop
sess_01369,user_020,1,purchase_laptop
sess_01369,user_020,2,purchase_mouse
sess_01369,user_020,3,open_purchases
sess_01370,user_021,0,open_orders
sess_01370,user_021,1,create_order
sess_01370,user_021,2,generate_invoice
sess_01370,user_021,3,confirm_payment
sess_01371,user_022,0,create_order
sess_01371,user_022,1,assign_delivery
sess_01372,user_023,0,view_laptop
sess_01372,user_023,1,purchase_laptop
sess_01372,user_023,2,purchase_headphones
sess_01372,user_023,3,open_purchases
sess_01373,user_024,0,open_quotations
sess_01373,user_024,1,create_quotation
sess_01373,user_024,2,add_product
sess_01373,user_024,3,set_discount
sess_01373,user_024,4,save_quotation
sess_01373,user_024,5,send_quotation
sess_01373,user_024,6,create_order
sess_01374,user_025,0,open_products
sess_01374,user_025,1,search_monitor
sess_01374,user_025,2,view_monitor
sess_01374,user_025,3,purchase_monitor
sess_01374,user_025,4,purchase_mouse
sess_01375,user_026,0,create_quotation
sess_01375,user_026,1,add_product
sess_01375,user_026,2,set_discount
sess_01375,user_026,3,save_quotation
sess_01375,user_026,4,send_quotation
sess_01376,user_027,0,create_order
sess_01376,user_027,1,assign_delivery
sess_01377,user_028,0,view_laptop
sess_01377,user_028,1,purchase_laptop
sess_01377,user_028,2,purchase_headphones
sess_01378,user_029,0,view_phone
sess_01378,user_029,1,purchase_phone
sess_01378,user_029,2,purchase_phone_case
sess_01378,user_029,3,open_purchases
sess_01379,user_030,0,view_phone
sess_01379,user_030,1,purchase_phone
sess_01379,user_030,2,purchase_phone_case
sess_01379,user_030,3,open_purchases
sess_01380,user_031,0,create_order
sess_01380,user_031,1,generate_invoice
sess_01380,user_031,2,confirm_payment
sess_01381,user_032,0,view_phone
sess_01381,user_032,1,purchase_phone
sess_01381,user_032,2,purchase_phone_case
sess_01382,user_033,0,view_laptop
sess_01382,user_033,1,purchase_laptop
sess_01382,user_033,2,purchase_headphones
sess_01382,user_033,3,open_purchases
sess_01383,user_034,0,open_quotations
sess_01383,user_034,1,create_quotation
sess_01383,user_034,2,add_product
sess_01383,user_034,3,set_discount
sess_01383,user_034,4,save_quotation
sess_01383,user_034,5,send_quotation
sess_01384,user_035,0,open_products
sess_01384,user_035,1,search_phone
sess_01384,user_035,2,view_phone
sess_01384,user_035,3,purchase_phone
sess_01384,user_035,4,purchase_phone_case
sess_01385,user_036,0,open_products
sess_01385,user_036,1,search_laptop
sess_01385,user_036,2,view_laptop
sess_01385,user_036,3,purchase_laptop
sess_01385,user_036,4,purchase_headphones
sess_01386,user_037,0,open_quotations
sess_01386,user_037,1,create_quotation
sess_01386,user_037,2,add_product
sess_01386,user_037,3,set_discount
sess_01386,user_037,4,save_quotation
sess_01386,user_037,5,send_quotation
sess_01386,user_037,6,create_order
sess_01387,user_038,0,create_order
sess_01387,user_038,1,generate_invoice
sess_01388,user_039,0,view_customer
sess_01388,user_039,1,view_customer_quotations
sess_01388,user_039,2,create_quotation
sess_01389,user_040,0,open_products
sess_01389,user_040,1,search_laptop
sess_01389,user_040,2,view_laptop
sess_01389,user_040,3,purchase_laptop
sess_01389,user_040,4,purchase_headphones
sess_01389,user_040,5,open_purchases
sess_01390,user_041,0,open_products
sess_01390,user_041,1,search_laptop
sess_01390,user_041,2,view_laptop
sess_01390,user_041,3,purchase_laptop
sess_01390,user_041,4,purchase_headphones
sess_01390,user_041,5,open_purchases
sess_01391,user_042,0,open_products
sess_01391,user_042,1,search_phone
sess_01391,user_042,2,view_phone
sess_01391,user_042,3,purchase_phone
sess_01391,user_042,4,purchase_phone_case
sess_01391,user_042,5,open_purchases
sess_01392,user_043,0,open_products
sess_01392,user_043,1,search_laptop
sess_01392,user_043,2,view_laptop
sess_01392,user_043,3,purchase_laptop
sess_01392,user_043,4,purchase_laptop_bag
sess_01392,user_043,5,open_purchases
sess_01393,user_044,0,open_products
sess_01393,user_044,1,search_phone
sess_01393,user_044,2,view_phone
sess_01393,user_044,3,purchase_phone
sess_01393,user_044,4,purchase_phone_case
sess_01393,user_044,5,open_purchases
sess_01394,user_045,0,login
sess_01394,user_045,1,open_products
sess_01394,user_045,2,search_laptop
sess_01394,user_045,3,view_laptop
sess_01394,user_045,4,purchase_laptop
sess_01394,user_045,5,purchase_headphones
sess_01395,user_046,0,open_products
sess_01395,user_046,1,search_phone
sess_01395,user_046,2,view_phone
sess_01395,user_046,3,purchase_phone
sess_01395,user_046,4,purchase_warranty
sess_01396,user_047,0,open_products
sess_01396,user_047,1,search_monitor
sess_01396,user_047,2,view_monitor
sess_01396,user_047,3,purchase_monitor
sess_01396,user_047,4,purchase_keyboard
sess_01397,user_048,0,open_customers
sess_01397,user_048,1,view_customer
sess_01397,user_048,2,view_customer_quotations
sess_01398,user_049,0,open_customers
sess_01398,user_049,1,view_customer
sess_01398,user_049,2,view_customer_quotations
sess_01398,user_049,3,create_quotation
sess_01399,user_050,0,view_phone
sess_01399,user_050,1,purchase_phone
sess_01399,user_050,2,purchase_phone_case
sess_01399,user_050,3,open_purchases
sess_01400,user_051,0,create_quotation
sess_01400,user_051,1,add_product
sess_01400,user_051,2,set_discount
sess_01400,user_051,3,save_quotation
sess_01400,user_051,4,open_quotations
sess_01401,user_052,0,open_products
sess_01401,user_052,1,search_laptop
sess_01401,user_052,2,view_laptop
sess_01401,user_052,3,purchase_laptop
sess_01401,user_052,4,purchase_headphones
sess_01401,user_052,5,open_purchases
sess_01402,user_053,0,open_quotations
sess_01402,user_053,1,create_quotation
sess_01402,user_053,2,add_product
sess_01402,user_053,3,set_discount
sess_01402,user_053,4,save_quotation
sess_01402,user_053,5,send_quotation
sess_01402,user_053,6,create_order
sess_01403,user_054,0,view_monitor
sess_01403,user_054,1,purchase_monitor
sess_01403,user_054,2,purchase_headphones
sess_01404,user_055,0,open_products
sess_01404,user_055,1,search_phone
sess_01404,user_055,2,view_phone
sess_01404,user_055,3,purchase_phone
sess_01404,user_055,4,purchase_headphones
sess_01404,user_055,5,open_purchases
sess_01405,user_056,0,open_products
sess_01405,user_056,1,search_phone
sess_01405,user_056,2,view_phone
sess_01405,user_056,3,purchase_phone
sess_01405,user_056,4,purchase_phone_case
sess_01406,user_057,0,open_customers
sess_01406,user_057,1,view_customer
sess_01406,user_057,2,view_customer_orders
sess_01407,user_058,0,login
sess_01407,user_058,1,open_products
sess_01407,user_058,2,search_phone
sess_01407,user_058,3,view_phone
sess_01407,user_058,4,purchase_phone
sess_01407,user_058,5,purchase_phone_case
sess_01408,user_059,0,open_orders
sess_01408,user_059,1,create_order
sess_01408,user_059,2,assign_delivery
sess_01409,user_060,0,view_laptop
sess_01409,user_060,1,purchase_laptop
sess_01409,user_060,2,purchase_headphones
sess_01409,user_060,3,open_purchases
sess_01410,user_061,0,view_customer
sess_01410,user_061,1,view_customer_quotations
sess_01411,user_062,0,open_quotations
sess_01411,user_062,1,create_quotation
sess_01411,user_062,2,add_product
sess_01411,user_062,3,set_discount
sess_01411,user_062,4,save_quotation
sess_01411,user_062,5,open_quotations
sess_01412,user_063,0,view_phone
sess_01412,user_063,1,purchase_phone
sess_01412,user_063,2,purchase_headphones
sess_01412,user_063,3,open_purchases
sess_01413,user_064,0,open_products
sess_01413,user_064,1,search_laptop
sess_01413,user_064,2,view_laptop
sess_01413,user_064,3,purchase_laptop
sess_01413,user_064,4,purchase_headphones
sess_01413,user_064,5,open_purchases
sess_01414,user_065,0,view_customer
sess_01414,user_065,1,view_customer_quotations
sess_01414,user_065,2,create_quotation
sess_01415,user_066,0,open_products
sess_01415,user_066,1,search_phone
sess_01415,user_066,2,view_phone
sess_01415,user_066,3,purchase_phone
sess_01415,user_066,4,purchase_phone_case
sess_01415,user_066,5,open_purchases
sess_01416,user_067,0,create_order
sess_01416,user_067,1,generate_invoice
sess_01416,user_067,2,confirm_payment
sess_01417,user_068,0,open_customers
sess_01417,user_068,1,view_customer
sess_01417,user_068,2,view_customer_quotations
sess_01418,user_069,0,open_products
sess_01418,user_069,1,search_laptop
sess_01418,user_069,2,view_laptop
sess_01418,user_069,3,purchase_laptop
sess_01418,user_069,4,purchase_headphones
sess_01419,user_070,0,view_laptop
sess_01419,user_070,1,purchase_laptop
sess_01419,user_070,2,purchase_headphones
sess_01420,user_071,0,open_quotations
sess_01420,user_071,1,create_quotation
sess_01420,user_071,2,add_product
sess_01420,user_071,3,set_discount
sess_01420,user_071,4,save_quotation
sess_01420,user_071,5,send_quotation
sess_01420,user_071,6,create_order
sess_01421,user_072,0,view_monitor
sess_01421,user_072,1,purchase_monitor
sess_01421,user_072,2,purchase_keyboard
sess_01422,user_073,0,open_products
sess_01422,user_073,1,search_laptop
sess_01422,user_073,2,view_laptop
sess_01422,user_073,3,purchase_laptop
sess_01422,user_073,4,purchase_laptop_bag
sess_01422,user_073,5,open_purchases
sess_01423,user_074,0,open_products
sess_01423,user_074,1,search_laptop
sess_01423,user_074,2,view_laptop
sess_01423,user_074,3,purchase_laptop
sess_01423,user_074,4,purchase_headphones
sess_01424,user_075,0,open_products
sess_01424,user_075,1,search_phone
sess_01424,user_075,2,view_phone
sess_01424,user_075,3,purchase_phone
sess_01424,user_075,4,purchase_phone_case
sess_01425,user_076,0,view_monitor
sess_01425,user_076,1,purchase_monitor
sess_01425,user_076,2,purchase_keyboard
sess_01426,user_077,0,view_laptop
sess_01426,user_077,1,purchase_laptop
sess_01426,user_077,2,purchase_laptop_bag
sess_01427,user_078,0,open_quotations
sess_01427,user_078,1,create_quotation
sess_01427,user_078,2,add_product
sess_01427,user_078,3,set_discount
sess_01427,user_078,4,save_quotation
sess_01427,user_078,5,send_quotation
sess_01427,user_078,6,create_order
sess_01428,user_079,0,view_monitor
sess_01428,user_079,1,purchase_monitor
sess_01428,user_079,2,purchase_keyboard
sess_01429,user_080,0,open_products
sess_01429,user_080,1,search_monitor
sess_01429,user_080,2,view_monitor
sess_01429,user_080,3,purchase_monitor
sess_01429,user_080,4,purchase_keyboard
sess_01430,user_081,0,view_phone
sess_01430,user_081,1,purchase_phone
sess_01430,user_081,2,purchase_phone_case
sess_01430,user_081,3,open_purchases
sess_01431,user_082,0,view_laptop
sess_01431,user_082,1,purchase_laptop
sess_01431,user_082,2,purchase_mouse
sess_01431,user_082,3,open_purchases
sess_01432,user_083,0,view_monitor
sess_01432,user_083,1,purchase_monitor
sess_01432,user_083,2,purchase_mouse
sess_01433,user_084,0,open_products
sess_01433,user_084,1,search_laptop
sess_01433,user_084,2,view_laptop
sess_01433,user_084,3,purchase_laptop
sess_01433,user_084,4,purchase_headphones
sess_01434,user_085,0,open_orders
sess_01434,user_085,1,create_order
sess_01434,user_085,2,generate_invoice
sess_01434,user_085,3,confirm_payment
sess_01435,user_086,0,create_quotation
sess_01435,user_086,1,add_product
sess_01435,user_086,2,set_discount
sess_01435,user_086,3,save_quotation
sess_01435,user_086,4,send_quotation
sess_01435,user_086,5,create_order
sess_01436,user_087,0,open_quotations
sess_01436,user_087,1,create_quotation
sess_01436,user_087,2,add_product
sess_01436,user_087,3,save_quotation
sess_01436,user_087,4,send_quotation
sess_01437,user_088,0,open_products
sess_01437,user_088,1,search_laptop
sess_01437,user_088,2,view_laptop
sess_01437,user_088,3,purchase_laptop
sess_01437,user_088,4,purchase_headphones
sess_01437,user_088,5,open_purchases
sess_01438,user_089,0,view_laptop
sess_01438,user_089,1,purchase_laptop
sess_01438,user_089,2,purchase_headphones
sess_01439,user_090,0,open_quotations
sess_01439,user_090,1,create_quotation
sess_01439,user_090,2,add_product
sess_01439,user_090,3,set_discount
sess_01439,user_090,4,save_quotation
sess_01439,user_090,5,send_quotation
sess_01439,user_090,6,create_order
sess_01440,user_091,0,open_products
sess_01440,user_091,1,search_laptop
sess_01440,user_091,2,view_laptop
sess_01440,user_091,3,purchase_laptop
sess_01440,user_091,4,purchase_headphones
sess_01440,user_091,5,open_purchases
sess_01441,user_092,0,create_quotation
sess_01441,user_092,1,add_product
sess_01441,user_092,2,save_quotation
sess_01441,user_092,3,open_quotations
sess_01442,user_093,0,view_laptop
sess_01442,user_093,1,purchase_laptop
sess_01442,user_093,2,purchase_headphones
sess_01442,user_093,3,open_purchases
sess_01443,user_094,0,view_customer
sess_01443,user_094,1,update_customer
sess_01444,user_095,0,open_products
sess_01444,user_095,1,search_phone
sess_01444,user_095,2,view_phone
sess_01444,user_095,3,purchase_phone
sess_01444,user_095,4,purchase_phone_case
sess_01445,user_096,0,view_laptop
sess_01445,user_096,1,purchase_laptop
sess_01445,user_096,2,purchase_headphones
sess_01445,user_096,3,open_purchases
sess_01446,user_097,0,open_products
sess_01446,user_097,1,search_laptop
sess_01446,user_097,2,view_laptop
sess_01446,user_097,3,purchase_laptop
sess_01446,user_097,4,purchase_headphones
sess_01447,user_098,0,view_monitor
sess_01447,user_098,1,purchase_monitor
sess_01447,user_098,2,purchase_keyboard
sess_01448,user_099,0,view_laptop
sess_01448,user_099,1,purchase_laptop
sess_01448,user_099,2,purchase_headphones
sess_01448,user_099,3,open_purchases
sess_01449,user_100,0,view_phone
sess_01449,user_100,1,purchase_phone
sess_01449,user_100,2,purchase_phone_case
sess_01449,user_100,3,open_purchases
sess_01450,user_101,0,open_products
sess_01450,user_101,1,search_laptop
sess_01450,user_101,2,view_laptop
sess_01450,user_101,3,purchase_laptop
sess_01450,user_101,4,purchase_headphones
sess_01451,user_102,0,open_products
sess_01451,user_102,1,search_laptop
sess_01451,user_102,2,view_laptop
sess_01451,user_102,3,purchase_laptop
sess_01451,user_102,4,purchase_headphones
sess_01452,user_103,0,create_quotation
sess_01452,user_103,1,add_product
sess_01452,user_103,2,set_discount
sess_01452,user_103,3,save_quotation
sess_01452,user_103,4,send_quotation
sess_01452,user_103,5,create_order
sess_01453,user_104,0,view_phone
sess_01453,user_104,1,purchase_phone
sess_01453,user_104,2,purchase_warranty
sess_01453,user_104,3,open_purchases
sess_01454,user_105,0,open_products
sess_01454,user_105,1,search_monitor
sess_01454,user_105,2,view_monitor
sess_01454,user_105,3,purchase_monitor
sess_01454,user_105,4,purchase_mouse
sess_01455,user_106,0,open_products
sess_01455,user_106,1,search_laptop
sess_01455,user_106,2,view_laptop
sess_01455,user_106,3,purchase_laptop
sess_01455,user_106,4,purchase_laptop_bag
sess_01455,user_106,5,open_purchases
sess_01456,user_107,0,open_quotations
sess_01456,user_107,1,create_quotation
sess_01456,user_107,2,add_product
sess_01456,user_107,3,save_quotation
sess_01456,user_107,4,send_quotation
sess_01456,user_107,5,create_order
sess_01457,user_108,0,view_phone
sess_01457,user_108,1,purchase_phone
sess_01457,user_108,2,purchase_phone_case
sess_01457,user_108,3,open_purchases
sess_01458,user_109,0,open_products
sess_01458,user_109,1,search_monitor
sess_01458,user_109,2,view_monitor
sess_01458,user_109,3,purchase_monitor
sess_01458,user_109,4,purchase_headphones
sess_01459,user_110,0,open_orders
sess_01459,user_110,1,create_order
sess_01459,user_110,2,assign_delivery
sess_01460,user_111,0,login
sess_01460,user_111,1,open_products
sess_01460,user_111,2,search_phone
sess_01460,user_111,3,view_phone
sess_01460,user_111,4,purchase_phone
sess_01460,user_111,5,purchase_phone_case
sess_01461,user_112,0,open_quotations
sess_01461,user_112,1,create_quotation
sess_01461,user_112,2,add_product
sess_01461,user_112,3,save_quotation
sess_01461,user_112,4,send_quotation
sess_01461,user_112,5,create_order
sess_01462,user_113,0,create_quotation
sess_01462,user_113,1,add_product
sess_01462,user_113,2,set_discount
sess_01462,user_113,3,save_quotation
sess_01462,user_113,4,send_quotation
sess_01462,user_113,5,create_order
sess_01463,user_114,0,open_products
sess_01463,user_114,1,search_phone
sess_01463,user_114,2,view_phone
sess_01463,user_114,3,purchase_phone
sess_01463,user_114,4,purchase_phone_case
sess_01464,user_115,0,open_products
sess_01464,user_115,1,search_laptop
sess_01464,user_115,2,view_laptop
sess_01464,user_115,3,purchase_laptop
sess_01464,user_115,4,purchase_headphones
sess_01464,user_115,5,open_purchases
sess_01465,user_116,0,open_products
sess_01465,user_116,1,search_laptop
sess_01465,user_116,2,view_laptop
sess_01465,user_116,3,purchase_laptop
sess_01465,user_116,4,purchase_headphones
sess_01465,user_116,5,open_purchases
sess_01466,user_117,0,create_quotation
sess_01466,user_117,1,add_product
sess_01466,user_117,2,set_discount
sess_01466,user_117,3,save_quotation
sess_01466,user_117,4,send_quotation
sess_01466,user_117,5,create_order
sess_01467,user_118,0,open_quotations
sess_01467,user_118,1,create_quotation
sess_01467,user_118,2,add_product
sess_01467,user_118,3,set_discount
sess_01467,user_118,4,save_quotation
sess_01467,user_118,5,send_quotation
sess_01468,user_119,0,open_quotations
sess_01468,user_119,1,create_quotation
sess_01468,user_119,2,add_product
sess_01468,user_119,3,set_discount
sess_01468,user_119,4,save_quotation
sess_01468,user_119,5,send_quotation
sess_01468,user_119,6,create_order
sess_01469,user_120,0,view_phone
sess_01469,user_120,1,purchase_phone
sess_01469,user_120,2,purchase_warranty
sess_01469,user_120,3,open_purchases
sess_01470,user_121,0,view_phone
sess_01470,user_121,1,purchase_phone
sess_01470,user_121,2,purchase_phone_case
sess_01470,user_121,3,open_purchases
sess_01471,user_122,0,open_products
sess_01471,user_122,1,search_phone
sess_01471,user_122,2,view_phone
sess_01471,user_122,3,purchase_phone
sess_01471,user_122,4,purchase_phone_case
sess_01472,user_123,0,view_phone
sess_01472,user_123,1,purchase_phone
sess_01472,user_123,2,purchase_phone_case
sess_01473,user_124,0,open_products
sess_01473,user_124,1,search_phone
sess_01473,user_124,2,view_phone
sess_01473,user_124,3,purchase_phone
sess_01473,user_124,4,purchase_phone_case
sess_01473,user_124,5,open_purchases
sess_01474,user_125,0,create_quotation
sess_01474,user_125,1,add_product
sess_01474,user_125,2,set_discount
sess_01474,user_125,3,save_quotation
sess_01474,user_125,4,open_quotations
sess_01475,user_126,0,open_products
sess_01475,user_126,1,search_monitor
sess_01475,user_126,2,view_monitor
sess_01475,user_126,3,purchase_monitor
sess_01475,user_126,4,purchase_keyboard
sess_01476,user_127,0,create_order
sess_01476,user_127,1,generate_invoice
sess_01477,user_128,0,open_products
sess_01477,user_128,1,search_phone
sess_01477,user_128,2,view_phone
sess_01477,user_128,3,purchase_phone
sess_01477,user_128,4,purchase_phone_case
sess_01478,user_129,0,view_phone
sess_01478,user_129,1,purchase_phone
sess_01478,user_129,2,purchase_warranty
sess_01478,user_129,3,open_purchases
sess_01479,user_130,0,open_products
sess_01479,user_130,1,search_laptop
sess_01479,user_130,2,view_laptop
sess_01479,user_130,3,purchase_laptop
sess_01479,user_130,4,purchase_headphones
sess_01479,user_130,5,open_purchases
sess_01480,user_131,0,open_quotations
sess_01480,user_131,1,create_quotation
sess_01480,user_131,2,add_product
sess_01480,user_131,3,set_discount
sess_01480,user_131,4,save_quotation
sess_01480,user_131,5,send_quotation
sess_01481,user_132,0,open_products
sess_01481,user_132,1,search_laptop
sess_01481,user_132,2,view_laptop
sess_01481,user_132,3,purchase_laptop
sess_01481,user_132,4,purchase_headphones
sess_01481,user_132,5,open_purchases
sess_01482,user_133,0,open_products
sess_01482,user_133,1,search_phone
sess_01482,user_133,2,view_phone
sess_01482,user_133,3,purchase_phone
sess_01482,user_133,4,purchase_headphones
sess_01482,user_133,5,open_purchases
sess_01483,user_134,0,open_customers
sess_01483,user_134,1,view_customer
sess_01483,user_134,2,view_customer_quotations
sess_01483,user_134,3,create_quotation
sess_01484,user_135,0,open_orders
sess_01484,user_135,1,create_order
sess_01484,user_135,2,generate_invoice
sess_01484,user_135,3,confirm_payment
sess_01485,user_136,0,open_quotations
sess_01485,user_136,1,create_quotation
sess_01485,user_136,2,add_product
sess_01485,user_136,3,set_discount
sess_01485,user_136,4,save_quotation
sess_01485,user_136,5,send_quotation
sess_01485,user_136,6,create_order
sess_01486,user_137,0,open_quotations
sess_01486,user_137,1,create_quotation
sess_01486,user_137,2,add_product
sess_01486,user_137,3,set_discount
sess_01486,user_137,4,save_quotation
sess_01486,user_137,5,send_quotation
sess_01486,user_137,6,create_order
sess_01487,user_138,0,view_phone
sess_01487,user_138,1,purchase_phone
sess_01487,user_138,2,purchase_headphones
sess_01487,user_138,3,open_purchases
sess_01488,user_139,0,open_products
sess_01488,user_139,1,search_phone
sess_01488,user_139,2,view_phone
sess_01488,user_139,3,purchase_phone
sess_01488,user_139,4,purchase_warranty
sess_01488,user_139,5,open_purchases
sess_01489,user_140,0,view_laptop
sess_01489,user_140,1,purchase_laptop
sess_01489,user_140,2,purchase_laptop_bag
sess_01489,user_140,3,open_purchases
sess_01490,user_141,0,open_products
sess_01490,user_141,1,search_phone
sess_01490,user_141,2,view_phone
sess_01490,user_141,3,purchase_phone
sess_01490,user_141,4,purchase_headphones
sess_01490,user_141,5,open_purchases
sess_01491,user_142,0,view_laptop
sess_01491,user_142,1,purchase_laptop
sess_01491,user_142,2,purchase_headphones
sess_01492,user_143,0,view_phone
sess_01492,user_143,1,purchase_phone
sess_01492,user_143,2,purchase_phone_case
sess_01492,user_143,3,open_purchases
sess_01493,user_144,0,view_phone
sess_01493,user_144,1,purchase_phone
sess_01493,user_144,2,purchase_phone_case
sess_01494,user_145,0,view_customer
sess_01494,user_145,1,view_customer_quotations
sess_01495,user_146,0,open_quotations
sess_01495,user_146,1,create_quotation
sess_01495,user_146,2,add_product
sess_01495,user_146,3,save_quotation
sess_01495,user_146,4,send_quotation
sess_01495,user_146,5,create_order
sess_01496,user_147,0,open_quotations
sess_01496,user_147,1,create_quotation
sess_01496,user_147,2,add_product
sess_01496,user_147,3,set_discount
sess_01496,user_147,4,save_quotation
sess_01496,user_147,5,send_quotation
sess_01496,user_147,6,create_order
sess_01497,user_148,0,open_products
sess_01497,user_148,1,search_phone
sess_01497,user_148,2,view_phone
sess_01497,user_148,3,purchase_phone
sess_01497,user_148,4,purchase_phone_case
sess_01497,user_148,5,open_purchases
sess_01498,user_149,0,open_products
sess_01498,user_149,1,search_phone
sess_01498,user_149,2,view_phone
sess_01498,user_149,3,purchase_phone
sess_01498,user_149,4,purchase_phone_case
sess_01499,user_150,0,open_products
sess_01499,user_150,1,search_laptop
sess_01499,user_150,2,view_laptop
sess_01499,user_150,3,purchase_laptop
sess_01499,user_150,4,purchase_headphones
sess_01500,user_001,0,open_quotations
sess_01500,user_001,1,create_quotation
sess_01500,user_001,2,add_product
sess_01500,user_001,3,set_discount
sess_01500,user_001,4,save_quotation
sess_01500,user_001,5,send_quotation
sess_01500,user_001,6,create_order
sess_01501,user_002,0,open_products
sess_01501,user_002,1,search_laptop
sess_01501,user_002,2,view_laptop
sess_01501,user_002,3,purchase_laptop
sess_01501,user_002,4,purchase_mouse
sess_01501,user_002,5,open_purchases
sess_01502,user_003,0,open_products
sess_01502,user_003,1,search_monitor
sess_01502,user_003,2,view_monitor
sess_01502,user_003,3,purchase_monitor
sess_01502,user_003,4,purchase_mouse
sess_01503,user_004,0,open_products
sess_01503,user_004,1,search_laptop
sess_01503,user_004,2,view_laptop
sess_01503,user_004,3,purchase_laptop
sess_01503,user_004,4,purchase_headphones
sess_01503,user_004,5,open_purchases
sess_01504,user_005,0,create_quotation
sess_01504,user_005,1,add_product
sess_01504,user_005,2,set_discount
sess_01504,user_005,3,save_quotation
sess_01504,user_005,4,open_quotations
sess_01505,user_006,0,open_orders
sess_01505,user_006,1,create_order
sess_01505,user_006,2,generate_invoice
sess_01506,user_007,0,login
sess_01506,user_007,1,open_products
sess_01506,user_007,2,search_laptop
sess_01506,user_007,3,view_laptop
sess_01506,user_007,4,purchase_laptop
sess_01506,user_007,5,purchase_laptop_bag
sess_01506,user_007,6,open_purchases
sess_01507,user_008,0,view_phone
sess_01507,user_008,1,purchase_phone
sess_01507,user_008,2,purchase_warranty
sess_01508,user_009,0,open_products
sess_01508,user_009,1,search_laptop
sess_01508,user_009,2,view_laptop
sess_01508,user_009,3,purchase_laptop
sess_01508,user_009,4,purchase_mouse
sess_01509,user_010,0,view_monitor
sess_01509,user_010,1,purchase_monitor
sess_01509,user_010,2,purchase_headphones
sess_01510,user_011,0,open_orders
sess_01510,user_011,1,create_order
sess_01510,user_011,2,assign_delivery
sess_01511,user_012,0,open_products
sess_01511,user_012,1,search_laptop
sess_01511,user_012,2,view_laptop
sess_01511,user_012,3,purchase_laptop
sess_01511,user_012,4,purchase_mouse
sess_01511,user_012,5,open_purchases
sess_01512,user_013,0,open_products
sess_01512,user_013,1,search_monitor
sess_01512,user_013,2,view_monitor
sess_01512,user_013,3,purchase_monitor
sess_01512,user_013,4,purchase_mouse
sess_01513,user_014,0,open_products
sess_01513,user_014,1,search_laptop
sess_01513,user_014,2,view_laptop
sess_01513,user_014,3,purchase_laptop
sess_01513,user_014,4,purchase_headphones
sess_01513,user_014,5,open_purchases
sess_01514,user_015,0,open_orders
sess_01514,user_015,1,create_order
sess_01514,user_015,2,generate_invoice
sess_01514,user_015,3,confirm_payment
sess_01515,user_016,0,open_products
sess_01515,user_016,1,search_phone
sess_01515,user_016,2,view_phone
sess_01515,user_016,3,purchase_phone
sess_01515,user_016,4,purchase_warranty
sess_01515,user_016,5,open_purchases
sess_01516,user_017,0,login
sess_01516,user_017,1,open_products
sess_01516,user_017,2,search_phone
sess_01516,user_017,3,view_phone
sess_01516,user_017,4,purchase_phone
sess_01516,user_017,5,purchase_headphones
sess_01517,user_018,0,login
sess_01517,user_018,1,open_products
sess_01517,user_018,2,search_phone
sess_01517,user_018,3,view_phone
sess_01517,user_018,4,purchase_phone
sess_01517,user_018,5,purchase_phone_case
sess_01518,user_019,0,view_monitor
sess_01518,user_019,1,purchase_monitor
sess_01518,user_019,2,purchase_mouse
sess_01519,user_020,0,create_order
sess_01519,user_020,1,assign_delivery
sess_01520,user_021,0,view_laptop
sess_01520,user_021,1,purchase_laptop
sess_01520,user_021,2,purchase_warranty
sess_01520,user_021,3,open_purchases
sess_01521,user_022,0,open_quotations
sess_01521,user_022,1,create_quotation
sess_01521,user_022,2,add_product
sess_01521,user_022,3,save_quotation
sess_01521,user_022,4,open_quotations
sess_01522,user_023,0,view_phone
sess_01522,user_023,1,purchase_phone
sess_01522,user_023,2,purchase_warranty
sess_01522,user_023,3,open_purchases
sess_01523,user_024,0,view_laptop
sess_01523,user_024,1,purchase_laptop
sess_01523,user_024,2,purchase_headphones
sess_01524,user_025,0,view_customer
sess_01524,user_025,1,view_customer_orders
sess_01525,user_026,0,open_quotations
sess_01525,user_026,1,create_quotation
sess_01525,user_026,2,add_product
sess_01525,user_026,3,set_discount
sess_01525,user_026,4,save_quotation
sess_01525,user_026,5,open_quotations
sess_01526,user_027,0,view_customer
sess_01526,user_027,1,view_customer_quotations
sess_01526,user_027,2,create_quotation
sess_01527,user_028,0,view_customer
sess_01527,user_028,1,view_customer_orders
sess_01528,user_029,0,view_customer
sess_01528,user_029,1,view_customer_quotations
sess_01528,user_029,2,create_quotation
sess_01529,user_030,0,login
sess_01529,user_030,1,open_products
sess_01529,user_030,2,search_phone
sess_01529,user_030,3,view_phone
sess_01529,user_030,4,purchase_phone
sess_01529,user_030,5,purchase_headphones
sess_01529,user_030,6,open_purchases
sess_01530,user_031,0,open_products
sess_01530,user_031,1,search_laptop
sess_01530,user_031,2,view_laptop
sess_01530,user_031,3,purchase_laptop
sess_01530,user_031,4,purchase_mouse
sess_01530,user_031,5,open_purchases
sess_01531,user_032,0,open_quotations
sess_01531,user_032,1,create_quotation
sess_01531,user_032,2,add_product
sess_01531,user_032,3,set_discount
sess_01531,user_032,4,save_quotation
sess_01531,user_032,5,send_quotation
sess_01531,user_032,6,create_order
sess_01532,user_033,0,open_products
sess_01532,user_033,1,search_laptop
sess_01532,user_033,2,view_laptop
sess_01532,user_033,3,purchase_laptop
sess_01532,user_033,4,purchase_headphones
sess_01533,user_034,0,view_customer
sess_01533,user_034,1,view_customer_orders
sess_01534,user_035,0,create_quotation
sess_01534,user_035,1,add_product
sess_01534,user_035,2,set_discount
sess_01534,user_035,3,save_quotation
sess_01534,user_035,4,send_quotation
sess_01535,user_036,0,login
sess_01535,user_036,1,open_products
sess_01535,user_036,2,search_laptop
sess_01535,user_036,3,view_laptop
sess_01535,user_036,4,purchase_laptop
sess_01535,user_036,5,purchase_mouse
sess_01535,user_036,6,open_purchases
sess_01536,user_037,0,open_products
sess_01536,user_037,1,search_phone
sess_01536,user_037,2,view_phone
sess_01536,user_037,3,purchase_phone
sess_01536,user_037,4,purchase_headphones
sess_01537,user_038,0,open_customers
sess_01537,user_038,1,view_customer
sess_01537,user_038,2,update_customer
sess_01538,user_039,0,create_order
sess_01538,user_039,1,generate_invoice
sess_01539,user_040,0,open_orders
sess_01539,user_040,1,create_order
sess_01539,user_040,2,generate_invoice
sess_01539,user_040,3,confirm_payment
sess_01540,user_041,0,open_products
sess_01540,user_041,1,search_phone
sess_01540,user_041,2,view_phone
sess_01540,user_041,3,purchase_phone
sess_01540,user_041,4,purchase_phone_case
sess_01540,user_041,5,open_purchases
sess_01541,user_042,0,view_phone
sess_01541,user_042,1,purchase_phone
sess_01541,user_042,2,purchase_headphones
sess_01541,user_042,3,open_purchases
sess_01542,user_043,0,open_customers
sess_01542,user_043,1,view_customer
sess_01542,user_043,2,view_customer_quotations
sess_01542,user_043,3,create_quotation
sess_01543,user_044,0,open_quotations
sess_01543,user_044,1,create_quotation
sess_01543,user_044,2,add_product
sess_01543,user_044,3,save_quotation
sess_01543,user_044,4,send_quotation
sess_01543,user_044,5,create_order
sess_01544,user_045,0,open_products
sess_01544,user_045,1,search_phone
sess_01544,user_045,2,view_phone
sess_01544,user_045,3,purchase_phone
sess_01544,user_045,4,purchase_headphones
sess_01544,user_045,5,open_purchases
sess_01545,user_046,0,open_orders
sess_01545,user_046,1,create_order
sess_01545,user_046,2,generate_invoice
sess_01545,user_046,3,confirm_payment
sess_01546,user_047,0,open_products
sess_01546,user_047,1,search_phone
sess_01546,user_047,2,view_phone
sess_01546,user_047,3,purchase_phone
sess_01546,user_047,4,purchase_phone_case
sess_01546,user_047,5,open_purchases
sess_01547,user_048,0,view_monitor
sess_01547,user_048,1,purchase_monitor
sess_01547,user_048,2,purchase_keyboard
sess_01548,user_049,0,open_quotations
sess_01548,user_049,1,create_quotation
sess_01548,user_049,2,add_product
sess_01548,user_049,3,set_discount
sess_01548,user_049,4,save_quotation
sess_01548,user_049,5,send_quotation
sess_01548,user_049,6,create_order
sess_01549,user_050,0,create_quotation
sess_01549,user_050,1,add_product
sess_01549,user_050,2,save_quotation
sess_01549,user_050,3,send_quotation
sess_01550,user_051,0,open_products
sess_01550,user_051,1,search_laptop
sess_01550,user_051,2,view_laptop
sess_01550,user_051,3,purchase_laptop
sess_01550,user_051,4,purchase_headphones
sess_01550,user_051,5,open_purchases
sess_01551,user_052,0,login
sess_01551,user_052,1,open_products
sess_01551,user_052,2,search_laptop
sess_01551,user_052,3,view_laptop
sess_01551,user_052,4,purchase_laptop
sess_01551,user_052,5,purchase_laptop_bag
sess_01552,user_053,0,view_monitor
sess_01552,user_053,1,purchase_monitor
sess_01552,user_053,2,purchase_keyboard
sess_01553,user_054,0,view_laptop
sess_01553,user_054,1,purchase_laptop
sess_01553,user_054,2,purchase_headphones
sess_01553,user_054,3,open_purchases
sess_01554,user_055,0,create_order
sess_01554,user_055,1,generate_invoice
sess_01554,user_055,2,confirm_payment
sess_01555,user_056,0,view_monitor
sess_01555,user_056,1,purchase_monitor
sess_01555,user_056,2,purchase_headphones
sess_01556,user_057,0,open_products
sess_01556,user_057,1,search_laptop
sess_01556,user_057,2,view_laptop
sess_01556,user_057,3,purchase_laptop
sess_01556,user_057,4,purchase_headphones
sess_01556,user_057,5,open_purchases
sess_01557,user_058,0,open_products
sess_01557,user_058,1,search_laptop
sess_01557,user_058,2,view_laptop
sess_01557,user_058,3,purchase_laptop
sess_01557,user_058,4,purchase_headphones
sess_01558,user_059,0,view_customer
sess_01558,user_059,1,update_customer
sess_01559,user_060,0,view_phone
sess_01559,user_060,1,purchase_phone
sess_01559,user_060,2,purchase_headphones
sess_01559,user_060,3,open_purchases
sess_01560,user_061,0,view_phone
sess_01560,user_061,1,purchase_phone
sess_01560,user_061,2,purchase_warranty
sess_01561,user_062,0,view_laptop
sess_01561,user_062,1,purchase_laptop
sess_01561,user_062,2,purchase_mouse
sess_01561,user_062,3,open_purchases
sess_01562,user_063,0,open_products
sess_01562,user_063,1,search_laptop
sess_01562,user_063,2,view_laptop
sess_01562,user_063,3,purchase_laptop
sess_01562,user_063,4,purchase_headphones
sess_01562,user_063,5,open_purchases
sess_01563,user_064,0,open_quotations
sess_01563,user_064,1,create_quotation
sess_01563,user_064,2,add_product
sess_01563,user_064,3,save_quotation
sess_01563,user_064,4,open_quotations
sess_01564,user_065,0,open_products
sess_01564,user_065,1,search_laptop
sess_01564,user_065,2,view_laptop
sess_01564,user_065,3,purchase_laptop
sess_01564,user_065,4,purchase_mouse
sess_01564,user_065,5,open_purchases
sess_01565,user_066,0,login
sess_01565,user_066,1,open_products
sess_01565,user_066,2,search_phone
sess_01565,user_066,3,view_phone
sess_01565,user_066,4,purchase_phone
sess_01565,user_066,5,purchase_phone_case
sess_01565,user_066,6,open_purchases
sess_01566,user_067,0,open_customers
sess_01566,user_067,1,view_customer
sess_01566,user_067,2,view_customer_quotations
sess_01566,user_067,3,create_quotation
sess_01567,user_068,0,view_laptop
sess_01567,user_068,1,purchase_laptop
sess_01567,user_068,2,purchase_headphones
sess_01568,user_069,0,view_monitor
sess_01568,user_069,1,purchase_monitor
sess_01568,user_069,2,purchase_keyboard
sess_01569,user_070,0,view_laptop
sess_01569,user_070,1,purchase_laptop
sess_01569,user_070,2,purchase_laptop_bag
sess_01569,user_070,3,open_purchases
sess_01570,user_071,0,create_quotation
sess_01570,user_071,1,add_product
sess_01570,user_071,2,set_discount
sess_01570,user_071,3,save_quotation
sess_01570,user_071,4,send_quotation
sess_01571,user_072,0,open_customers
sess_01571,user_072,1,view_customer
sess_01571,user_072,2,view_customer_quotations
sess_01572,user_073,0,open_quotations
sess_01572,user_073,1,create_quotation
sess_01572,user_073,2,add_product
sess_01572,user_073,3,save_quotation
sess_01572,user_073,4,send_quotation
sess_01572,user_073,5,create_order
sess_01573,user_074,0,create_order
sess_01573,user_074,1,assign_delivery
sess_01574,user_075,0,view_phone
sess_01574,user_075,1,purchase_phone
sess_01574,user_075,2,purchase_warranty
sess_01574,user_075,3,open_purchases
sess_01575,user_076,0,open_products
sess_01575,user_076,1,search_laptop
sess_01575,user_076,2,view_laptop
sess_01575,user_076,3,purchase_laptop
sess_01575,user_076,4,purchase_mouse
sess_01575,user_076,5,open_purchases
sess_01576,user_077,0,open_products
sess_01576,user_077,1,search_laptop
sess_01576,user_077,2,view_laptop
sess_01576,user_077,3,purchase_laptop
sess_01576,user_077,4,purchase_warranty
sess_01576,user_077,5,open_purchases
sess_01577,user_078,0,open_products
sess_01577,user_078,1,search_phone
sess_01577,user_078,2,view_phone
sess_01577,user_078,3,purchase_phone
sess_01577,user_078,4,purchase_warranty
sess_01578,user_079,0,view_laptop
sess_01578,user_079,1,purchase_laptop
sess_01578,user_079,2,purchase_mouse
sess_01578,user_079,3,open_purchases
sess_01579,user_080,0,create_quotation
sess_01579,user_080,1,add_product
sess_01579,user_080,2,set_discount
sess_01579,user_080,3,save_quotation
sess_01579,user_080,4,send_quotation
sess_01579,user_080,5,create_order
sess_01580,user_081,0,open_quotations
sess_01580,user_081,1,create_quotation
sess_01580,user_081,2,add_product
sess_01580,user_081,3,set_discount
sess_01580,user_081,4,save_quotation
sess_01580,user_081,5,send_quotation
sess_01580,user_081,6,create_order
sess_01581,user_082,0,view_customer
sess_01581,user_082,1,view_customer_quotations
sess_01582,user_083,0,view_phone
sess_01582,user_083,1,purchase_phone
sess_01582,user_083,2,purchase_headphones
sess_01583,user_084,0,open_products
sess_01583,user_084,1,search_monitor
sess_01583,user_084,2,view_monitor
sess_01583,user_084,3,purchase_monitor
sess_01583,user_084,4,purchase_keyboard
sess_01584,user_085,0,open_products
sess_01584,user_085,1,search_laptop
sess_01584,user_085,2,view_laptop
sess_01584,user_085,3,purchase_laptop
sess_01584,user_085,4,purchase_headphones
sess_01584,user_085,5,open_purchases
sess_01585,user_086,0,open_quotations
sess_01585,user_086,1,create_quotation
sess_01585,user_086,2,add_product
sess_01585,user_086,3,set_discount
sess_01585,user_086,4,save_quotation
sess_01585,user_086,5,send_quotation
sess_01585,user_086,6,create_order
sess_01586,user_087,0,open_products
sess_01586,user_087,1,search_phone
sess_01586,user_087,2,view_phone
sess_01586,user_087,3,purchase_phone
sess_01586,user_087,4,purchase_warranty
sess_01586,user_087,5,open_purchases
sess_01587,user_088,0,open_products
sess_01587,user_088,1,search_laptop
sess_01587,user_088,2,view_laptop
sess_01587,user_088,3,purchase_laptop
sess_01587,user_088,4,purchase_laptop_bag
sess_01588,user_089,0,open_products
sess_01588,user_089,1,search_monitor
sess_01588,user_089,2,view_monitor
sess_01588,user_089,3,purchase_monitor
sess_01588,user_089,4,purchase_keyboard
sess_01589,user_090,0,open_products
sess_01589,user_090,1,search_laptop
sess_01589,user_090,2,view_laptop
sess_01589,user_090,3,purchase_laptop
sess_01589,user_090,4,purchase_headphones
sess_01589,user_090,5,open_purchases
sess_01590,user_091,0,view_laptop
sess_01590,user_091,1,purchase_laptop
sess_01590,user_091,2,purchase_headphones
sess_01590,user_091,3,open_purchases
sess_01591,user_092,0,view_laptop
sess_01591,user_092,1,purchase_laptop
sess_01591,user_092,2,purchase_mouse
sess_01591,user_092,3,open_purchases
sess_01592,user_093,0,open_products
sess_01592,user_093,1,search_laptop
sess_01592,user_093,2,view_laptop
sess_01592,user_093,3,purchase_laptop
sess_01592,user_093,4,purchase_headphones
sess_01593,user_094,0,view_phone
sess_01593,user_094,1,purchase_phone
sess_01593,user_094,2,purchase_phone_case
sess_01593,user_094,3,open_purchases
sess_01594,user_095,0,login
sess_01594,user_095,1,open_products
sess_01594,user_095,2,search_laptop
sess_01594,user_095,3,view_laptop
sess_01594,user_095,4,purchase_laptop
sess_01594,user_095,5,purchase_headphones
sess_01594,user_095,6,open_purchases
sess_01595,user_096,0,create_quotation
sess_01595,user_096,1,add_product
sess_01595,user_096,2,save_quotation
sess_01595,user_096,3,send_quotation
sess_01595,user_096,4,create_order
sess_01596,user_097,0,open_products
sess_01596,user_097,1,search_laptop
sess_01596,user_097,2,view_laptop
sess_01596,user_097,3,purchase_laptop
sess_01596,user_097,4,purchase_headphones
sess_01596,user_097,5,open_purchases
sess_01597,user_098,0,create_quotation
sess_01597,user_098,1,add_product
sess_01597,user_098,2,save_quotation
sess_01597,user_098,3,send_quotation
sess_01597,user_098,4,create_order
sess_01598,user_099,0,view_monitor
sess_01598,user_099,1,purchase_monitor
sess_01598,user_099,2,purchase_keyboard
sess_01599,user_100,0,create_quotation
sess_01599,user_100,1,add_product
sess_01599,user_100,2,set_discount
sess_01599,user_100,3,save_quotation
sess_01599,user_100,4,send_quotation
sess_01599,user_100,5,create_order
sess_01600,user_101,0,open_products
sess_01600,user_101,1,search_laptop
sess_01600,user_101,2,view_laptop
sess_01600,user_101,3,purchase_laptop
sess_01600,user_101,4,purchase_headphones
sess_01601,user_102,0,open_customers
sess_01601,user_102,1,view_customer
sess_01601,user_102,2,view_customer_quotations
sess_01601,user_102,3,create_quotation
sess_01602,user_103,0,view_phone
sess_01602,user_103,1,purchase_phone
sess_01602,user_103,2,purchase_phone_case
sess_01602,user_103,3,open_purchases
sess_01603,user_104,0,open_products
sess_01603,user_104,1,search_phone
sess_01603,user_104,2,view_phone
sess_01603,user_104,3,purchase_phone
sess_01603,user_104,4,purchase_phone_case
sess_01603,user_104,5,open_purchases
sess_01604,user_105,0,login
sess_01604,user_105,1,open_products
sess_01604,user_105,2,search_laptop
sess_01604,user_105,3,view_laptop
sess_01604,user_105,4,purchase_laptop
sess_01604,user_105,5,purchase_headphones
sess_01605,user_106,0,open_products
sess_01605,user_106,1,search_monitor
sess_01605,user_106,2,view_monitor
sess_01605,user_106,3,purchase_monitor
sess_01605,user_106,4,purchase_keyboard
sess_01606,user_107,0,open_customers
sess_01606,user_107,1,view_customer
sess_01606,user_107,2,view_customer_quotations
sess_01606,user_107,3,create_quotation
sess_01607,user_108,0,create_quotation
sess_01607,user_108,1,add_product
sess_01607,user_108,2,save_quotation
sess_01607,user_108,3,send_quotation
sess_01607,user_108,4,create_order
sess_01608,user_109,0,open_products
sess_01608,user_109,1,search_monitor
sess_01608,user_109,2,view_monitor
sess_01608,user_109,3,purchase_monitor
sess_01608,user_109,4,purchase_keyboard
sess_01609,user_110,0,view_phone
sess_01609,user_110,1,purchase_phone
sess_01609,user_110,2,purchase_phone_case
sess_01610,user_111,0,view_phone
sess_01610,user_111,1,purchase_phone
sess_01610,user_111,2,purchase_phone_case
sess_01610,user_111,3,open_purchases
sess_01611,user_112,0,view_laptop
sess_01611,user_112,1,purchase_laptop
sess_01611,user_112,2,purchase_headphones
sess_01611,user_112,3,open_purchases
sess_01612,user_113,0,open_orders
sess_01612,user_113,1,create_order
sess_01612,user_113,2,generate_invoice
sess_01612,user_113,3,confirm_payment
sess_01613,user_114,0,open_products
sess_01613,user_114,1,search_phone
sess_01613,user_114,2,view_phone
sess_01613,user_114,3,purchase_phone
sess_01613,user_114,4,purchase_phone_case
sess_01613,user_114,5,open_purchases
sess_01614,user_115,0,view_laptop
sess_01614,user_115,1,purchase_laptop
sess_01614,user_115,2,purchase_headphones
sess_01615,user_116,0,open_quotations
sess_01615,user_116,1,create_quotation
sess_01615,user_116,2,add_product
sess_01615,user_116,3,set_discount
sess_01615,user_116,4,save_quotation
sess_01615,user_116,5,send_quotation
sess_01616,user_117,0,view_customer
sess_01616,user_117,1,view_customer_orders
sess_01617,user_118,0,create_quotation
sess_01617,user_118,1,add_product
sess_01617,user_118,2,save_quotation
sess_01617,user_118,3,send_quotation
sess_01617,user_118,4,create_order
sess_01618,user_119,0,create_quotation
sess_01618,user_119,1,add_product
sess_01618,user_119,2,set_discount
sess_01618,user_119,3,save_quotation
sess_01618,user_119,4,send_quotation
sess_01618,user_119,5,create_order
sess_01619,user_120,0,open_products
sess_01619,user_120,1,search_laptop
sess_01619,user_120,2,view_laptop
sess_01619,user_120,3,purchase_laptop
sess_01619,user_120,4,purchase_warranty
sess_01619,user_120,5,open_purchases
sess_01620,user_121,0,open_products
sess_01620,user_121,1,search_laptop
sess_01620,user_121,2,view_laptop
sess_01620,user_121,3,purchase_laptop
sess_01620,user_121,4,purchase_headphones
sess_01621,user_122,0,open_products
sess_01621,user_122,1,search_phone
sess_01621,user_122,2,view_phone
sess_01621,user_122,3,purchase_phone
sess_01621,user_122,4,purchase_headphones
sess_01622,user_123,0,open_products
sess_01622,user_123,1,search_laptop
sess_01622,user_123,2,view_laptop
sess_01622,user_123,3,purchase_laptop
sess_01622,user_123,4,purchase_headphones
sess_01622,user_123,5,open_purchases
sess_01623,user_124,0,open_products
sess_01623,user_124,1,search_laptop
sess_01623,user_124,2,view_laptop
sess_01623,user_124,3,purchase_laptop
sess_01623,user_124,4,purchase_headphones
sess_01623,user_124,5,open_purchases
sess_01624,user_125,0,open_products
sess_01624,user_125,1,search_phone
sess_01624,user_125,2,view_phone
sess_01624,user_125,3,purchase_phone
sess_01624,user_125,4,purchase_headphones
sess_01624,user_125,5,open_purchases
sess_01625,user_126,0,view_laptop
sess_01625,user_126,1,purchase_laptop
sess_01625,user_126,2,purchase_mouse
sess_01626,user_127,0,open_orders
sess_01626,user_127,1,create_order
sess_01626,user_127,2,generate_invoice
sess_01627,user_128,0,open_products
sess_01627,user_128,1,search_laptop
sess_01627,user_128,2,view_laptop
sess_01627,user_128,3,purchase_laptop
sess_01627,user_128,4,purchase_headphones
sess_01628,user_129,0,create_order
sess_01628,user_129,1,generate_invoice
sess_01628,user_129,2,confirm_payment
sess_01629,user_130,0,create_quotation
sess_01629,user_130,1,add_product
sess_01629,user_130,2,save_quotation
sess_01629,user_130,3,send_quotation
sess_01629,user_130,4,create_order
sess_01630,user_131,0,view_phone
sess_01630,user_131,1,purchase_phone
sess_01630,user_131,2,purchase_phone_case
sess_01630,user_131,3,open_purchases
sess_01631,user_132,0,open_products
sess_01631,user_132,1,search_phone
sess_01631,user_132,2,view_phone
sess_01631,user_132,3,purchase_phone
sess_01631,user_132,4,purchase_headphones
sess_01631,user_132,5,open_purchases
sess_01632,user_133,0,view_phone
sess_01632,user_133,1,purchase_phone
sess_01632,user_133,2,purchase_headphones
sess_01632,user_133,3,open_purchases
sess_01633,user_134,0,open_products
sess_01633,user_134,1,search_monitor
sess_01633,user_134,2,view_monitor
sess_01633,user_134,3,purchase_monitor
sess_01633,user_134,4,purchase_keyboard
sess_01634,user_135,0,open_quotations
sess_01634,user_135,1,create_quotation
sess_01634,user_135,2,add_product
sess_01634,user_135,3,set_discount
sess_01634,user_135,4,save_quotation
sess_01634,user_135,5,send_quotation
sess_01635,user_136,0,open_products
sess_01635,user_136,1,search_phone
sess_01635,user_136,2,view_phone
sess_01635,user_136,3,purchase_phone
sess_01635,user_136,4,purchase_headphones
sess_01635,user_136,5,open_purchases
sess_01636,user_137,0,open_products
sess_01636,user_137,1,search_phone
sess_01636,user_137,2,view_phone
sess_01636,user_137,3,purchase_phone
sess_01636,user_137,4,purchase_headphones
sess_01637,user_138,0,open_products
sess_01637,user_138,1,search_phone
sess_01637,user_138,2,view_phone
sess_01637,user_138,3,purchase_phone
sess_01637,user_138,4,purchase_phone_case
sess_01637,user_138,5,open_purchases
sess_01638,user_139,0,create_quotation
sess_01638,user_139,1,add_product
sess_01638,user_139,2,set_discount
sess_01638,user_139,3,save_quotation
sess_01638,user_139,4,send_quotation
sess_01639,user_140,0,open_products
sess_01639,user_140,1,search_laptop
sess_01639,user_140,2,view_laptop
sess_01639,user_140,3,purchase_laptop
sess_01639,user_140,4,purchase_mouse
sess_01639,user_140,5,open_purchases
sess_01640,user_141,0,create_quotation
sess_01640,user_141,1,add_product
sess_01640,user_141,2,set_discount
sess_01640,user_141,3,save_quotation
sess_01640,user_141,4,send_quotation
sess_01641,user_142,0,create_quotation
sess_01641,user_142,1,add_product
sess_01641,user_142,2,set_discount
sess_01641,user_142,3,save_quotation
sess_01641,user_142,4,send_quotation
sess_01641,user_142,5,create_order
sess_01642,user_143,0,open_products
sess_01642,user_143,1,search_monitor
sess_01642,user_143,2,view_monitor
sess_01642,user_143,3,purchase_monitor
sess_01642,user_143,4,purchase_mouse
sess_01643,user_144,0,open_customers
sess_01643,user_144,1,view_customer
sess_01643,user_144,2,view_customer_quotations
sess_01643,user_144,3,create_quotation
sess_01644,user_145,0,create_order
sess_01644,user_145,1,generate_invoice
sess_01644,user_145,2,confirm_payment
sess_01645,user_146,0,view_monitor
sess_01645,user_146,1,purchase_monitor
sess_01645,user_146,2,purchase_mouse
sess_01646,user_147,0,create_quotation
sess_01646,user_147,1,add_product
sess_01646,user_147,2,save_quotation
sess_01646,user_147,3,send_quotation
sess_01646,user_147,4,create_order
sess_01647,user_148,0,open_products
sess_01647,user_148,1,search_phone
sess_01647,user_148,2,view_phone
sess_01647,user_148,3,purchase_phone
sess_01647,user_148,4,purchase_phone_case
sess_01648,user_149,0,open_quotations
sess_01648,user_149,1,create_quotation
sess_01648,user_149,2,add_product
sess_01648,user_149,3,save_quotation
sess_01648,user_149,4,send_quotation
sess_01648,user_149,5,create_order
sess_01649,user_150,0,view_monitor
sess_01649,user_150,1,purchase_monitor
sess_01649,user_150,2,purchase_mouse
sess_01650,user_001,0,open_products
sess_01650,user_001,1,search_laptop
sess_01650,user_001,2,view_laptop
sess_01650,user_001,3,purchase_laptop
sess_01650,user_001,4,purchase_mouse
sess_01650,user_001,5,open_purchases
sess_01651,user_002,0,view_laptop
sess_01651,user_002,1,purchase_laptop
sess_01651,user_002,2,purchase_warranty
sess_01651,user_002,3,open_purchases
sess_01652,user_003,0,open_products
sess_01652,user_003,1,search_laptop
sess_01652,user_003,2,view_laptop
sess_01652,user_003,3,purchase_laptop
sess_01652,user_003,4,purchase_headphones
sess_01652,user_003,5,open_purchases
sess_01653,user_004,0,view_laptop
sess_01653,user_004,1,purchase_laptop
sess_01653,user_004,2,purchase_headphones
sess_01654,user_005,0,login
sess_01654,user_005,1,open_products
sess_01654,user_005,2,search_phone
sess_01654,user_005,3,view_phone
sess_01654,user_005,4,purchase_phone
sess_01654,user_005,5,purchase_warranty
sess_01654,user_005,6,open_purchases
sess_01655,user_006,0,view_customer
sess_01655,user_006,1,view_customer_quotations
sess_01655,user_006,2,create_quotation
sess_01656,user_007,0,open_products
sess_01656,user_007,1,search_phone
sess_01656,user_007,2,view_phone
sess_01656,user_007,3,purchase_phone
sess_01656,user_007,4,purchase_headphones
sess_01657,user_008,0,create_quotation
sess_01657,user_008,1,add_product
sess_01657,user_008,2,set_discount
sess_01657,user_008,3,save_quotation
sess_01657,user_008,4,send_quotation
sess_01657,user_008,5,create_order
sess_01658,user_009,0,view_monitor
sess_01658,user_009,1,purchase_monitor
sess_01658,user_009,2,purchase_keyboard
sess_01659,user_010,0,login
sess_01659,user_010,1,open_products
sess_01659,user_010,2,search_laptop
sess_01659,user_010,3,view_laptop
sess_01659,user_010,4,purchase_laptop
sess_01659,user_010,5,purchase_headphones
sess_01659,user_010,6,open_purchases
sess_01660,user_011,0,open_customers
sess_01660,user_011,1,view_customer
sess_01660,user_011,2,view_customer_quotations
sess_01660,user_011,3,create_quotation
sess_01661,user_012,0,view_monitor
sess_01661,user_012,1,purchase_monitor
sess_01661,user_012,2,purchase_keyboard
sess_01662,user_013,0,open_products
sess_01662,user_013,1,search_phone
sess_01662,user_013,2,view_phone
sess_01662,user_013,3,purchase_phone
sess_01662,user_013,4,purchase_phone_case
sess_01662,user_013,5,open_purchases
sess_01663,user_014,0,view_phone
sess_01663,user_014,1,purchase_phone
sess_01663,user_014,2,purchase_warranty
sess_01664,user_015,0,open_products
sess_01664,user_015,1,search_laptop
sess_01664,user_015,2,view_laptop
sess_01664,user_015,3,purchase_laptop
sess_01664,user_015,4,purchase_mouse
sess_01664,user_015,5,open_purchases
sess_01665,user_016,0,create_quotation
sess_01665,user_016,1,add_product
sess_01665,user_016,2,set_discount
sess_01665,user_016,3,save_quotation
sess_01665,user_016,4,send_quotation
sess_01665,user_016,5,create_order
sess_01666,user_017,0,create_quotation
sess_01666,user_017,1,add_product
sess_01666,user_017,2,set_discount
sess_01666,user_017,3,save_quotation
sess_01666,user_017,4,open_quotations
sess_01667,user_018,0,open_products
sess_01667,user_018,1,search_monitor
sess_01667,user_018,2,view_monitor
sess_01667,user_018,3,purchase_monitor
sess_01667,user_018,4,purchase_keyboard
sess_01668,user_019,0,open_products
sess_01668,user_019,1,search_monitor
sess_01668,user_019,2,view_monitor
sess_01668,user_019,3,purchase_monitor
sess_01668,user_019,4,purchase_keyboard
sess_01669,user_020,0,view_phone
sess_01669,user_020,1,purchase_phone
sess_01669,user_020,2,purchase_phone_case
sess_01670,user_021,0,view_laptop
sess_01670,user_021,1,purchase_laptop
sess_01670,user_021,2,purchase_laptop_bag
sess_01671,user_022,0,view_laptop
sess_01671,user_022,1,purchase_laptop
sess_01671,user_022,2,purchase_headphones
sess_01671,user_022,3,open_purchases
sess_01672,user_023,0,open_customers
sess_01672,user_023,1,view_customer
sess_01672,user_023,2,view_customer_quotations
sess_01672,user_023,3,create_quotation
sess_01673,user_024,0,view_customer
sess_01673,user_024,1,view_customer_quotations
sess_01674,user_025,0,view_monitor
sess_01674,user_025,1,purchase_monitor
sess_01674,user_025,2,purchase_keyboard
sess_01675,user_026,0,open_products
sess_01675,user_026,1,search_phone
sess_01675,user_026,2,view_phone
sess_01675,user_026,3,purchase_phone
sess_01675,user_026,4,purchase_phone_case
sess_01676,user_027,0,view_phone
sess_01676,user_027,1,purchase_phone
sess_01676,user_027,2,purchase_phone_case
sess_01676,user_027,3,open_purchases
sess_01677,user_028,0,login
sess_01677,user_028,1,open_products
sess_01677,user_028,2,search_phone
sess_01677,user_028,3,view_phone
sess_01677,user_028,4,purchase_phone
sess_01677,user_028,5,purchase_warranty
sess_01678,user_029,0,create_quotation
sess_01678,user_029,1,add_product
sess_01678,user_029,2,save_quotation
sess_01678,user_029,3,send_quotation
sess_01679,user_030,0,create_quotation
sess_01679,user_030,1,add_product
sess_01679,user_030,2,set_discount
sess_01679,user_030,3,save_quotation
sess_01679,user_030,4,send_quotation
sess_01679,user_030,5,create_order
sess_01680,user_031,0,view_monitor
sess_01680,user_031,1,purchase_monitor
sess_01680,user_031,2,purchase_keyboard
sess_01681,user_032,0,open_products
sess_01681,user_032,1,search_monitor
sess_01681,user_032,2,view_monitor
sess_01681,user_032,3,purchase_monitor
sess_01681,user_032,4,purchase_keyboard
sess_01682,user_033,0,open_customers
sess_01682,user_033,1,view_customer
sess_01682,user_033,2,update_customer
sess_01683,user_034,0,open_products
sess_01683,user_034,1,search_laptop
sess_01683,user_034,2,view_laptop
sess_01683,user_034,3,purchase_laptop
sess_01683,user_034,4,purchase_mouse
sess_01683,user_034,5,open_purchases
sess_01684,user_035,0,create_quotation
sess_01684,user_035,1,add_product
sess_01684,user_035,2,set_discount
sess_01684,user_035,3,save_quotation
sess_01684,user_035,4,open_quotations
sess_01685,user_036,0,open_products
sess_01685,user_036,1,search_monitor
sess_01685,user_036,2,view_monitor
sess_01685,user_036,3,purchase_monitor
sess_01685,user_036,4,purchase_keyboard
sess_01686,user_037,0,open_customers
sess_01686,user_037,1,view_customer
sess_01686,user_037,2,view_customer_quotations
sess_01686,user_037,3,create_quotation
sess_01687,user_038,0,open_customers
sess_01687,user_038,1,view_customer
sess_01687,user_038,2,view_customer_quotations
sess_01687,user_038,3,create_quotation
sess_01688,user_039,0,open_products
sess_01688,user_039,1,search_laptop
sess_01688,user_039,2,view_laptop
sess_01688,user_039,3,purchase_laptop
sess_01688,user_039,4,purchase_headphones
sess_01688,user_039,5,open_purchases
sess_01689,user_040,0,open_products
sess_01689,user_040,1,search_laptop
sess_01689,user_040,2,view_laptop
sess_01689,user_040,3,purchase_laptop
sess_01689,user_040,4,purchase_headphones
sess_01689,user_040,5,open_purchases
sess_01690,user_041,0,open_products
sess_01690,user_041,1,search_monitor
sess_01690,user_041,2,view_monitor
sess_01690,user_041,3,purchase_monitor
sess_01690,user_041,4,purchase_keyboard
sess_01691,user_042,0,open_products
sess_01691,user_042,1,search_laptop
sess_01691,user_042,2,view_laptop
sess_01691,user_042,3,purchase_laptop
sess_01691,user_042,4,purchase_headphones
sess_01691,user_042,5,open_purchases
sess_01692,user_043,0,open_products
sess_01692,user_043,1,search_phone
sess_01692,user_043,2,view_phone
sess_01692,user_043,3,purchase_phone
sess_01692,user_043,4,purchase_headphones
sess_01692,user_043,5,open_purchases
sess_01693,user_044,0,view_laptop
sess_01693,user_044,1,purchase_laptop
sess_01693,user_044,2,purchase_headphones
sess_01694,user_045,0,open_products
sess_01694,user_045,1,search_phone
sess_01694,user_045,2,view_phone
sess_01694,user_045,3,purchase_phone
sess_01694,user_045,4,purchase_phone_case
sess_01694,user_045,5,open_purchases
sess_01695,user_046,0,open_products
sess_01695,user_046,1,search_phone
sess_01695,user_046,2,view_phone
sess_01695,user_046,3,purchase_phone
sess_01695,user_046,4,purchase_phone_case
sess_01695,user_046,5,open_purchases
sess_01696,user_047,0,open_customers
sess_01696,user_047,1,view_customer
sess_01696,user_047,2,update_customer
sess_01697,user_048,0,open_quotations
sess_01697,user_048,1,create_quotation
sess_01697,user_048,2,add_product
sess_01697,user_048,3,set_discount
sess_01697,user_048,4,save_quotation
sess_01697,user_048,5,send_quotation
sess_01697,user_048,6,create_order
sess_01698,user_049,0,open_products
sess_01698,user_049,1,search_phone
sess_01698,user_049,2,view_phone
sess_01698,user_049,3,purchase_phone
sess_01698,user_049,4,purchase_phone_case
sess_01698,user_049,5,open_purchases
sess_01699,user_050,0,open_orders
sess_01699,user_050,1,create_order
sess_01699,user_050,2,assign_delivery
sess_01700,user_051,0,create_quotation
sess_01700,user_051,1,add_product
sess_01700,user_051,2,set_discount
sess_01700,user_051,3,save_quotation
sess_01700,user_051,4,open_quotations
sess_01701,user_052,0,open_products
sess_01701,user_052,1,search_phone
sess_01701,user_052,2,view_phone
sess_01701,user_052,3,purchase_phone
sess_01701,user_052,4,purchase_phone_case
sess_01702,user_053,0,view_phone
sess_01702,user_053,1,purchase_phone
sess_01702,user_053,2,purchase_warranty
sess_01702,user_053,3,open_purchases
sess_01703,user_054,0,view_monitor
sess_01703,user_054,1,purchase_monitor
sess_01703,user_054,2,purchase_keyboard
sess_01704,user_055,0,view_phone
sess_01704,user_055,1,purchase_phone
sess_01704,user_055,2,purchase_phone_case
sess_01704,user_055,3,open_purchases
sess_01705,user_056,0,create_quotation
sess_01705,user_056,1,add_product
sess_01705,user_056,2,set_discount
sess_01705,user_056,3,save_quotation
sess_01705,user_056,4,send_quotation
sess_01705,user_056,5,create_order
sess_01706,user_057,0,view_laptop
sess_01706,user_057,1,purchase_laptop
sess_01706,user_057,2,purchase_headphones
sess_01706,user_057,3,open_purchases
sess_01707,user_058,0,open_orders
sess_01707,user_058,1,create_order
sess_01707,user_058,2,generate_invoice
sess_01707,user_058,3,confirm_payment
sess_01708,user_059,0,view_laptop
sess_01708,user_059,1,purchase_laptop
sess_01708,user_059,2,purchase_headphones
sess_01709,user_060,0,open_products
sess_01709,user_060,1,search_phone
sess_01709,user_060,2,view_phone
sess_01709,user_060,3,purchase_phone
sess_01709,user_060,4,purchase_phone_case
sess_01709,user_060,5,open_purchases
sess_01710,user_061,0,create_quotation
sess_01710,user_061,1,add_product
sess_01710,user_061,2,set_discount
sess_01710,user_061,3,save_quotation
sess_01710,user_061,4,send_quotation
sess_01711,user_062,0,open_quotations
sess_01711,user_062,1,create_quotation
sess_01711,user_062,2,add_product
sess_01711,user_062,3,save_quotation
sess_01711,user_062,4,send_quotation
sess_01712,user_063,0,view_monitor
sess_01712,user_063,1,purchase_monitor
sess_01712,user_063,2,purchase_mouse
sess_01713,user_064,0,open_products
sess_01713,user_064,1,search_laptop
sess_01713,user_064,2,view_laptop
sess_01713,user_064,3,purchase_laptop
sess_01713,user_064,4,purchase_mouse
sess_01713,user_064,5,open_purchases
sess_01714,user_065,0,open_quotations
sess_01714,user_065,1,create_quotation
sess_01714,user_065,2,add_product
sess_01714,user_065,3,save_quotation
sess_01714,user_065,4,open_quotations
sess_01715,user_066,0,open_products
sess_01715,user_066,1,search_phone
sess_01715,user_066,2,view_phone
sess_01715,user_066,3,purchase_phone
sess_01715,user_066,4,purchase_headphones
sess_01715,user_066,5,open_purchases
sess_01716,user_067,0,open_products
sess_01716,user_067,1,search_laptop
sess_01716,user_067,2,view_laptop
sess_01716,user_067,3,purchase_laptop
sess_01716,user_067,4,purchase_laptop_bag
sess_01716,user_067,5,open_purchases
sess_01717,user_068,0,open_products
sess_01717,user_068,1,search_laptop
sess_01717,user_068,2,view_laptop
sess_01717,user_068,3,purchase_laptop
sess_01717,user_068,4,purchase_headphones
sess_01718,user_069,0,open_products
sess_01718,user_069,1,search_phone
sess_01718,user_069,2,view_phone
sess_01718,user_069,3,purchase_phone
sess_01718,user_069,4,purchase_phone_case
sess_01718,user_069,5,open_purchases
sess_01719,user_070,0,open_quotations
sess_01719,user_070,1,create_quotation
sess_01719,user_070,2,add_product
sess_01719,user_070,3,set_discount
sess_01719,user_070,4,save_quotation
sess_01719,user_070,5,send_quotation
sess_01719,user_070,6,create_order
sess_01720,user_071,0,view_customer
sess_01720,user_071,1,view_customer_quotations
sess_01720,user_071,2,create_quotation
sess_01721,user_072,0,open_customers
sess_01721,user_072,1,view_customer
sess_01721,user_072,2,view_customer_orders
sess_01722,user_073,0,open_products
sess_01722,user_073,1,search_monitor
sess_01722,user_073,2,view_monitor
sess_01722,user_073,3,purchase_monitor
sess_01722,user_073,4,purchase_keyboard
sess_01723,user_074,0,create_quotation
sess_01723,user_074,1,add_product
sess_01723,user_074,2,set_discount
sess_01723,user_074,3,save_quotation
sess_01723,user_074,4,send_quotation
sess_01723,user_074,5,create_order
sess_01724,user_075,0,open_products
sess_01724,user_075,1,search_laptop
sess_01724,user_075,2,view_laptop
sess_01724,user_075,3,purchase_laptop
sess_01724,user_075,4,purchase_headphones
sess_01724,user_075,5,open_purchases
sess_01725,user_076,0,view_laptop
sess_01725,user_076,1,purchase_laptop
sess_01725,user_076,2,purchase_headphones
sess_01725,user_076,3,open_purchases
sess_01726,user_077,0,create_order
sess_01726,user_077,1,generate_invoice
sess_01726,user_077,2,confirm_payment
sess_01727,user_078,0,open_products
sess_01727,user_078,1,search_monitor
sess_01727,user_078,2,view_monitor
sess_01727,user_078,3,purchase_monitor
sess_01727,user_078,4,purchase_headphones
sess_01728,user_079,0,create_quotation
sess_01728,user_079,1,add_product
sess_01728,user_079,2,set_discount
sess_01728,user_079,3,save_quotation
sess_01728,user_079,4,open_quotations
sess_01729,user_080,0,view_phone
sess_01729,user_080,1,purchase_phone
sess_01729,user_080,2,purchase_headphones
sess_01729,user_080,3,open_purchases
sess_01730,user_081,0,login
sess_01730,user_081,1,open_products
sess_01730,user_081,2,search_phone
sess_01730,user_081,3,view_phone
sess_01730,user_081,4,purchase_phone
sess_01730,user_081,5,purchase_phone_case
sess_01730,user_081,6,open_purchases
sess_01731,user_082,0,open_products
sess_01731,user_082,1,search_phone
sess_01731,user_082,2,view_phone
sess_01731,user_082,3,purchase_phone
sess_01731,user_082,4,purchase_phone_case
sess_01731,user_082,5,open_purchases
sess_01732,user_083,0,view_laptop
sess_01732,user_083,1,purchase_laptop
sess_01732,user_083,2,purchase_mouse
sess_01733,user_084,0,open_products
sess_01733,user_084,1,search_phone
sess_01733,user_084,2,view_phone
sess_01733,user_084,3,purchase_phone
sess_01733,user_084,4,purchase_phone_case
sess_01733,user_084,5,open_purchases
sess_01734,user_085,0,view_phone
sess_01734,user_085,1,purchase_phone
sess_01734,user_085,2,purchase_phone_case
sess_01735,user_086,0,view_monitor
sess_01735,user_086,1,purchase_monitor
sess_01735,user_086,2,purchase_keyboard
sess_01736,user_087,0,open_products
sess_01736,user_087,1,search_laptop
sess_01736,user_087,2,view_laptop
sess_01736,user_087,3,purchase_laptop
sess_01736,user_087,4,purchase_headphones
sess_01736,user_087,5,open_purchases
sess_01737,user_088,0,open_products
sess_01737,user_088,1,search_laptop
sess_01737,user_088,2,view_laptop
sess_01737,user_088,3,purchase_laptop
sess_01737,user_088,4,purchase_mouse
sess_01738,user_089,0,create_quotation
sess_01738,user_089,1,add_product
sess_01738,user_089,2,save_quotation
sess_01738,user_089,3,send_quotation
sess_01738,user_089,4,create_order
sess_01739,user_090,0,open_products
sess_01739,user_090,1,search_laptop
sess_01739,user_090,2,view_laptop
sess_01739,user_090,3,purchase_laptop
sess_01739,user_090,4,purchase_headphones
sess_01739,user_090,5,open_purchases
sess_01740,user_091,0,open_customers
sess_01740,user_091,1,view_customer
sess_01740,user_091,2,view_customer_quotations
sess_01741,user_092,0,open_products
sess_01741,user_092,1,search_phone
sess_01741,user_092,2,view_phone
sess_01741,user_092,3,purchase_phone
sess_01741,user_092,4,purchase_phone_case
sess_01741,user_092,5,open_purchases
sess_01742,user_093,0,create_quotation
sess_01742,user_093,1,add_product
sess_01742,user_093,2,set_discount
sess_01742,user_093,3,save_quotation
sess_01742,user_093,4,send_quotation
sess_01742,user_093,5,create_order
sess_01743,user_094,0,open_quotations
sess_01743,user_094,1,create_quotation
sess_01743,user_094,2,add_product
sess_01743,user_094,3,set_discount
sess_01743,user_094,4,save_quotation
sess_01743,user_094,5,send_quotation
sess_01743,user_094,6,create_order
sess_01744,user_095,0,login
sess_01744,user_095,1,open_products
sess_01744,user_095,2,search_phone
sess_01744,user_095,3,view_phone
sess_01744,user_095,4,purchase_phone
sess_01744,user_095,5,purchase_phone_case
sess_01744,user_095,6,open_purchases
sess_01745,user_096,0,create_order
sess_01745,user_096,1,generate_invoice
sess_01745,user_096,2,confirm_payment
sess_01746,user_097,0,open_products
sess_01746,user_097,1,search_laptop
sess_01746,user_097,2,view_laptop
sess_01746,user_097,3,purchase_laptop
sess_01746,user_097,4,purchase_headphones
sess_01746,user_097,5,open_purchases
sess_01747,user_098,0,open_quotations
sess_01747,user_098,1,create_quotation
sess_01747,user_098,2,add_product
sess_01747,user_098,3,set_discount
sess_01747,user_098,4,save_quotation
sess_01747,user_098,5,send_quotation
sess_01747,user_098,6,create_order
sess_01748,user_099,0,view_phone
sess_01748,user_099,1,purchase_phone
sess_01748,user_099,2,purchase_phone_case
sess_01749,user_100,0,open_products
sess_01749,user_100,1,search_laptop
sess_01749,user_100,2,view_laptop
sess_01749,user_100,3,purchase_laptop
sess_01749,user_100,4,purchase_headphones
sess_01750,user_101,0,open_quotations
sess_01750,user_101,1,create_quotation
sess_01750,user_101,2,add_product
sess_01750,user_101,3,save_quotation
sess_01750,user_101,4,send_quotation
sess_01750,user_101,5,create_order
sess_01751,user_102,0,open_products
sess_01751,user_102,1,search_phone
sess_01751,user_102,2,view_phone
sess_01751,user_102,3,purchase_phone
sess_01751,user_102,4,purchase_phone_case
sess_01751,user_102,5,open_purchases
sess_01752,user_103,0,view_monitor
sess_01752,user_103,1,purchase_monitor
sess_01752,user_103,2,purchase_keyboard
sess_01753,user_104,0,view_monitor
sess_01753,user_104,1,purchase_monitor
sess_01753,user_104,2,purchase_mouse
sess_01754,user_105,0,open_products
sess_01754,user_105,1,search_phone
sess_01754,user_105,2,view_phone
sess_01754,user_105,3,purchase_phone
sess_01754,user_105,4,purchase_phone_case
sess_01755,user_106,0,open_quotations
sess_01755,user_106,1,create_quotation
sess_01755,user_106,2,add_product
sess_01755,user_106,3,set_discount
sess_01755,user_106,4,save_quotation
sess_01755,user_106,5,send_quotation
sess_01756,user_107,0,open_products
sess_01756,user_107,1,search_monitor
sess_01756,user_107,2,view_monitor
sess_01756,user_107,3,purchase_monitor
sess_01756,user_107,4,purchase_keyboard
sess_01757,user_108,0,create_order
sess_01757,user_108,1,generate_invoice
sess_01757,user_108,2,confirm_payment
sess_01758,user_109,0,view_phone
sess_01758,user_109,1,purchase_phone
sess_01758,user_109,2,purchase_phone_case
sess_01758,user_109,3,open_purchases
sess_01759,user_110,0,open_products
sess_01759,user_110,1,search_laptop
sess_01759,user_110,2,view_laptop
sess_01759,user_110,3,purchase_laptop
sess_01759,user_110,4,purchase_headphones
sess_01759,user_110,5,open_purchases
sess_01760,user_111,0,create_quotation
sess_01760,user_111,1,add_product
sess_01760,user_111,2,set_discount
sess_01760,user_111,3,save_quotation
sess_01760,user_111,4,send_quotation
sess_01760,user_111,5,create_order
sess_01761,user_112,0,view_laptop
sess_01761,user_112,1,purchase_laptop
sess_01761,user_112,2,purchase_headphones
sess_01761,user_112,3,open_purchases
sess_01762,user_113,0,open_products
sess_01762,user_113,1,search_laptop
sess_01762,user_113,2,view_laptop
sess_01762,user_113,3,purchase_laptop
sess_01762,user_113,4,purchase_headphones
sess_01762,user_113,5,open_purchases
sess_01763,user_114,0,open_quotations
sess_01763,user_114,1,create_quotation
sess_01763,user_114,2,add_product
sess_01763,user_114,3,set_discount
sess_01763,user_114,4,save_quotation
sess_01763,user_114,5,send_quotation
sess_01763,user_114,6,create_order
sess_01764,user_115,0,view_customer
sess_01764,user_115,1,view_customer_quotations
sess_01764,user_115,2,create_quotation
sess_01765,user_116,0,open_products
sess_01765,user_116,1,search_laptop
sess_01765,user_116,2,view_laptop
sess_01765,user_116,3,purchase_laptop
sess_01765,user_116,4,purchase_laptop_bag
sess_01766,user_117,0,view_laptop
sess_01766,user_117,1,purchase_laptop
sess_01766,user_117,2,purchase_mouse
sess_01766,user_117,3,open_purchases
sess_01767,user_118,0,open_orders
sess_01767,user_118,1,create_order
sess_01767,user_118,2,generate_invoice
sess_01768,user_119,0,create_quotation
sess_01768,user_119,1,add_product
sess_01768,user_119,2,save_quotation
sess_01768,user_119,3,open_quotations
sess_01769,user_120,0,view_customer
sess_01769,user_120,1,view_customer_quotations
sess_01769,user_120,2,create_quotation
sess_01770,user_121,0,create_order
sess_01770,user_121,1,generate_invoice
sess_01770,user_121,2,confirm_payment
sess_01771,user_122,0,login
sess_01771,user_122,1,open_products
sess_01771,user_122,2,search_phone
sess_01771,user_122,3,view_phone
sess_01771,user_122,4,purchase_phone
sess_01771,user_122,5,purchase_phone_case
sess_01771,user_122,6,open_purchases
sess_01772,user_123,0,open_products
sess_01772,user_123,1,search_monitor
sess_01772,user_123,2,view_monitor
sess_01772,user_123,3,purchase_monitor
sess_01772,user_123,4,purchase_keyboard
sess_01773,user_124,0,open_quotations
sess_01773,user_124,1,create_quotation
sess_01773,user_124,2,add_product
sess_01773,user_124,3,set_discount
sess_01773,user_124,4,save_quotation
sess_01773,user_124,5,send_quotation
sess_01774,user_125,0,view_customer
sess_01774,user_125,1,view_customer_orders
sess_01775,user_126,0,open_products
sess_01775,user_126,1,search_laptop
sess_01775,user_126,2,view_laptop
sess_01775,user_126,3,purchase_laptop
sess_01775,user_126,4,purchase_headphones
sess_01775,user_126,5,open_purchases
sess_01776,user_127,0,view_laptop
sess_01776,user_127,1,purchase_laptop
sess_01776,user_127,2,purchase_mouse
sess_01776,user_127,3,open_purchases
sess_01777,user_128,0,open_products
sess_01777,user_128,1,search_phone
sess_01777,user_128,2,view_phone
sess_01777,user_128,3,purchase_phone
sess_01777,user_128,4,purchase_phone_case
sess_01777,user_128,5,open_purchases
sess_01778,user_129,0,create_quotation
sess_01778,user_129,1,add_product
sess_01778,user_129,2,set_discount
sess_01778,user_129,3,save_quotation
sess_01778,user_129,4,send_quotation
sess_01778,user_129,5,create_order
sess_01779,user_130,0,create_order
sess_01779,user_130,1,generate_invoice
sess_01779,user_130,2,confirm_payment
sess_01780,user_131,0,view_laptop
sess_01780,user_131,1,purchase_laptop
sess_01780,user_131,2,purchase_headphones
sess_01781,user_132,0,view_monitor
sess_01781,user_132,1,purchase_monitor
sess_01781,user_132,2,purchase_keyboard
sess_01782,user_133,0,open_products
sess_01782,user_133,1,search_monitor
sess_01782,user_133,2,view_monitor
sess_01782,user_133,3,purchase_monitor
sess_01782,user_133,4,purchase_keyboard
sess_01783,user_134,0,open_products
sess_01783,user_134,1,search_phone
sess_01783,user_134,2,view_phone
sess_01783,user_134,3,purchase_phone
sess_01783,user_134,4,purchase_phone_case
sess_01783,user_134,5,open_purchases
sess_01784,user_135,0,open_quotations
sess_01784,user_135,1,create_quotation
sess_01784,user_135,2,add_product
sess_01784,user_135,3,set_discount
sess_01784,user_135,4,save_quotation
sess_01784,user_135,5,send_quotation
sess_01785,user_136,0,open_products
sess_01785,user_136,1,search_phone
sess_01785,user_136,2,view_phone
sess_01785,user_136,3,purchase_phone
sess_01785,user_136,4,purchase_phone_case
sess_01785,user_136,5,open_purchases
sess_01786,user_137,0,open_quotations
sess_01786,user_137,1,create_quotation
sess_01786,user_137,2,add_product
sess_01786,user_137,3,set_discount
sess_01786,user_137,4,save_quotation
sess_01786,user_137,5,open_quotations
sess_01787,user_138,0,view_monitor
sess_01787,user_138,1,purchase_monitor
sess_01787,user_138,2,purchase_mouse
sess_01788,user_139,0,open_orders
sess_01788,user_139,1,create_order
sess_01788,user_139,2,generate_invoice
sess_01788,user_139,3,confirm_payment
sess_01789,user_140,0,open_products
sess_01789,user_140,1,search_laptop
sess_01789,user_140,2,view_laptop
sess_01789,user_140,3,purchase_laptop
sess_01789,user_140,4,purchase_headphones
sess_01789,user_140,5,open_purchases
sess_01790,user_141,0,create_quotation
sess_01790,user_141,1,add_product
sess_01790,user_141,2,set_discount
sess_01790,user_141,3,save_quotation
sess_01790,user_141,4,send_quotation
sess_01791,user_142,0,create_order
sess_01791,user_142,1,generate_invoice
sess_01792,user_143,0,open_products
sess_01792,user_143,1,search_laptop
sess_01792,user_143,2,view_laptop
sess_01792,user_143,3,purchase_laptop
sess_01792,user_143,4,purchase_mouse
sess_01793,user_144,0,open_products
sess_01793,user_144,1,search_phone
sess_01793,user_144,2,view_phone
sess_01793,user_144,3,purchase_phone
sess_01793,user_144,4,purchase_phone_case
sess_01793,user_144,5,open_purchases
sess_01794,user_145,0,view_phone
sess_01794,user_145,1,purchase_phone
sess_01794,user_145,2,purchase_phone_case
sess_01794,user_145,3,open_purchases
sess_01795,user_146,0,view_laptop
sess_01795,user_146,1,purchase_laptop
sess_01795,user_146,2,purchase_headphones
sess_01796,user_147,0,create_quotation
sess_01796,user_147,1,add_product
sess_01796,user_147,2,set_discount
sess_01796,user_147,3,save_quotation
sess_01796,user_147,4,send_quotation
sess_01796,user_147,5,create_order
sess_01797,user_148,0,view_laptop
sess_01797,user_148,1,purchase_laptop
sess_01797,user_148,2,purchase_headphones
sess_01797,user_148,3,open_purchases
sess_01798,user_149,0,open_products
sess_01798,user_149,1,search_monitor
sess_01798,user_149,2,view_monitor
sess_01798,user_149,3,purchase_monitor
sess_01798,user_149,4,purchase_keyboard
sess_01799,user_150,0,view_laptop
sess_01799,user_150,1,purchase_laptop
sess_01799,user_150,2,purchase_mouse
sess_01800,user_001,0,open_products
sess_01800,user_001,1,search_phone
sess_01800,user_001,2,view_phone
sess_01800,user_001,3,purchase_phone
sess_01800,user_001,4,purchase_headphones
sess_01800,user_001,5,open_purchases
sess_01801,user_002,0,create_quotation
sess_01801,user_002,1,add_product
sess_01801,user_002,2,set_discount
sess_01801,user_002,3,save_quotation
sess_01801,user_002,4,send_quotation
sess_01802,user_003,0,open_orders
sess_01802,user_003,1,create_order
sess_01802,user_003,2,assign_delivery
sess_01803,user_004,0,view_phone
sess_01803,user_004,1,purchase_phone
sess_01803,user_004,2,purchase_phone_case
sess_01804,user_005,0,open_orders
sess_01804,user_005,1,create_order
sess_01804,user_005,2,generate_invoice
sess_01804,user_005,3,confirm_payment
sess_01805,user_006,0,open_products
sess_01805,user_006,1,search_laptop
sess_01805,user_006,2,view_laptop
sess_01805,user_006,3,purchase_laptop
sess_01805,user_006,4,purchase_headphones
sess_01805,user_006,5,open_purchases
sess_01806,user_007,0,open_customers
sess_01806,user_007,1,view_customer
sess_01806,user_007,2,view_customer_quotations
sess_01806,user_007,3,create_quotation
sess_01807,user_008,0,view_laptop
sess_01807,user_008,1,purchase_laptop
sess_01807,user_008,2,purchase_headphones
sess_01807,user_008,3,open_purchases
sess_01808,user_009,0,open_orders
sess_01808,user_009,1,create_order
sess_01808,user_009,2,generate_invoice
sess_01808,user_009,3,confirm_payment
sess_01809,user_010,0,open_products
sess_01809,user_010,1,search_laptop
sess_01809,user_010,2,view_laptop
sess_01809,user_010,3,purchase_laptop
sess_01809,user_010,4,purchase_headphones
sess_01809,user_010,5,open_purchases
sess_01810,user_011,0,open_customers
sess_01810,user_011,1,view_customer
sess_01810,user_011,2,view_customer_quotations
sess_01810,user_011,3,create_quotation
sess_01811,user_012,0,open_products
sess_01811,user_012,1,search_monitor
sess_01811,user_012,2,view_monitor
sess_01811,user_012,3,purchase_monitor
sess_01811,user_012,4,purchase_keyboard
sess_01812,user_013,0,create_order
sess_01812,user_013,1,generate_invoice
sess_01812,user_013,2,confirm_payment
sess_01813,user_014,0,view_phone
sess_01813,user_014,1,purchase_phone
sess_01813,user_014,2,purchase_phone_case
sess_01814,user_015,0,view_monitor
sess_01814,user_015,1,purchase_monitor
sess_01814,user_015,2,purchase_mouse
sess_01815,user_016,0,open_products
sess_01815,user_016,1,search_laptop
sess_01815,user_016,2,view_laptop
sess_01815,user_016,3,purchase_laptop
sess_01815,user_016,4,purchase_headphones
sess_01815,user_016,5,open_purchases
sess_01816,user_017,0,view_phone
sess_01816,user_017,1,purchase_phone
sess_01816,user_017,2,purchase_warranty
sess_01817,user_018,0,view_phone
sess_01817,user_018,1,purchase_phone
sess_01817,user_018,2,purchase_phone_case
sess_01818,user_019,0,view_phone
sess_01818,user_019,1,purchase_phone
sess_01818,user_019,2,purchase_phone_case
sess_01818,user_019,3,open_purchases
sess_01819,user_020,0,open_quotations
sess_01819,user_020,1,create_quotation
sess_01819,user_020,2,add_product
sess_01819,user_020,3,set_discount
sess_01819,user_020,4,save_quotation
sess_01819,user_020,5,open_quotations
sess_01820,user_021,0,open_quotations
sess_01820,user_021,1,create_quotation
sess_01820,user_021,2,add_product
sess_01820,user_021,3,save_quotation
sess_01820,user_021,4,send_quotation
sess_01820,user_021,5,create_order
sess_01821,user_022,0,view_phone
sess_01821,user_022,1,purchase_phone
sess_01821,user_022,2,purchase_headphones
sess_01821,user_022,3,open_purchases
sess_01822,user_023,0,open_quotations
sess_01822,user_023,1,create_quotation
sess_01822,user_023,2,add_product
sess_01822,user_023,3,save_quotation
sess_01822,user_023,4,send_quotation
sess_01823,user_024,0,open_products
sess_01823,user_024,1,search_laptop
sess_01823,user_024,2,view_laptop
sess_01823,user_024,3,purchase_laptop
sess_01823,user_024,4,purchase_warranty
sess_01823,user_024,5,open_purchases
sess_01824,user_025,0,open_orders
sess_01824,user_025,1,create_order
sess_01824,user_025,2,generate_invoice
sess_01824,user_025,3,confirm_payment
sess_01825,user_026,0,open_products
sess_01825,user_026,1,search_phone
sess_01825,user_026,2,view_phone
sess_01825,user_026,3,purchase_phone
sess_01825,user_026,4,purchase_phone_case
sess_01825,user_026,5,open_purchases
sess_01826,user_027,0,open_products
sess_01826,user_027,1,search_phone
sess_01826,user_027,2,view_phone
sess_01826,user_027,3,purchase_phone
sess_01826,user_027,4,purchase_headphones
sess_01827,user_028,0,login
sess_01827,user_028,1,open_products
sess_01827,user_028,2,search_phone
sess_01827,user_028,3,view_phone
sess_01827,user_028,4,purchase_phone
sess_01827,user_028,5,purchase_phone_case
sess_01827,user_028,6,open_purchases
sess_01828,user_029,0,view_laptop
sess_01828,user_029,1,purchase_laptop
sess_01828,user_029,2,purchase_mouse
sess_01828,user_029,3,open_purchases
sess_01829,user_030,0,view_laptop
sess_01829,user_030,1,purchase_laptop
sess_01829,user_030,2,purchase_warranty
sess_01829,user_030,3,open_purchases
sess_01830,user_031,0,view_customer
sess_01830,user_031,1,view_customer_quotations
sess_01830,user_031,2,create_quotation
sess_01831,user_032,0,open_products
sess_01831,user_032,1,search_laptop
sess_01831,user_032,2,view_laptop
sess_01831,user_032,3,purchase_laptop
sess_01831,user_032,4,purchase_headphones
sess_01831,user_032,5,open_purchases
sess_01832,user_033,0,view_laptop
sess_01832,user_033,1,purchase_laptop
sess_01832,user_033,2,purchase_headphones
sess_01832,user_033,3,open_purchases
sess_01833,user_034,0,open_products
sess_01833,user_034,1,search_laptop
sess_01833,user_034,2,view_laptop
sess_01833,user_034,3,purchase_laptop
sess_01833,user_034,4,purchase_mouse
sess_01833,user_034,5,open_purchases
sess_01834,user_035,0,create_quotation
sess_01834,user_035,1,add_product
sess_01834,user_035,2,save_quotation
sess_01834,user_035,3,send_quotation
sess_01835,user_036,0,open_customers
sess_01835,user_036,1,view_customer
sess_01835,user_036,2,view_customer_quotations
sess_01835,user_036,3,create_quotation
sess_01836,user_037,0,view_laptop
sess_01836,user_037,1,purchase_laptop
sess_01836,user_037,2,purchase_laptop_bag
sess_01836,user_037,3,open_purchases
sess_01837,user_038,0,open_products
sess_01837,user_038,1,search_laptop
sess_01837,user_038,2,view_laptop
sess_01837,user_038,3,purchase_laptop
sess_01837,user_038,4,purchase_headphones
sess_01838,user_039,0,open_products
sess_01838,user_039,1,search_phone
sess_01838,user_039,2,view_phone
sess_01838,user_039,3,purchase_phone
sess_01838,user_039,4,purchase_phone_case
sess_01838,user_039,5,open_purchases
sess_01839,user_040,0,view_customer
sess_01839,user_040,1,view_customer_orders
sess_01840,user_041,0,open_products
sess_01840,user_041,1,search_laptop
sess_01840,user_041,2,view_laptop
sess_01840,user_041,3,purchase_laptop
sess_01840,user_041,4,purchase_headphones
sess_01840,user_041,5,open_purchases
sess_01841,user_042,0,view_phone
sess_01841,user_042,1,purchase_phone
sess_01841,user_042,2,purchase_phone_case
sess_01841,user_042,3,open_purchases
sess_01842,user_043,0,open_orders
sess_01842,user_043,1,create_order
sess_01842,user_043,2,generate_invoice
sess_01842,user_043,3,confirm_payment
sess_01843,user_044,0,open_products
sess_01843,user_044,1,search_laptop
sess_01843,user_044,2,view_laptop
sess_01843,user_044,3,purchase_laptop
sess_01843,user_044,4,purchase_headphones
sess_01843,user_044,5,open_purchases
sess_01844,user_045,0,open_products
sess_01844,user_045,1,search_phone
sess_01844,user_045,2,view_phone
sess_01844,user_045,3,purchase_phone
sess_01844,user_045,4,purchase_headphones
sess_01844,user_045,5,open_purchases
sess_01845,user_046,0,open_products
sess_01845,user_046,1,search_phone
sess_01845,user_046,2,view_phone
sess_01845,user_046,3,purchase_phone
sess_01845,user_046,4,purchase_phone_case
sess_01845,user_046,5,open_purchases
sess_01846,user_047,0,view_monitor
sess_01846,user_047,1,purchase_monitor
sess_01846,user_047,2,purchase_keyboard
sess_01847,user_048,0,view_monitor
sess_01847,user_048,1,purchase_monitor
sess_01847,user_048,2,purchase_mouse
sess_01848,user_049,0,view_laptop
sess_01848,user_049,1,purchase_laptop
sess_01848,user_049,2,purchase_warranty
sess_01848,user_049,3,open_purchases
sess_01849,user_050,0,create_quotation
sess_01849,user_050,1,add_product
sess_01849,user_050,2,set_discount
sess_01849,user_050,3,save_quotation
sess_01849,user_050,4,send_quotation
sess_01849,user_050,5,create_order
sess_01850,user_051,0,open_customers
sess_01850,user_051,1,view_customer
sess_01850,user_051,2,view_customer_orders
sess_01851,user_052,0,open_products
sess_01851,user_052,1,search_phone
sess_01851,user_052,2,view_phone
sess_01851,user_052,3,purchase_phone
sess_01851,user_052,4,purchase_phone_case
sess_01851,user_052,5,open_purchases
sess_01852,user_053,0,view_phone
sess_01852,user_053,1,purchase_phone
sess_01852,user_053,2,purchase_phone_case
sess_01853,user_054,0,login
sess_01853,user_054,1,open_products
sess_01853,user_054,2,search_laptop
sess_01853,user_054,3,view_laptop
sess_01853,user_054,4,purchase_laptop
sess_01853,user_054,5,purchase_headphones
sess_01854,user_055,0,create_quotation
sess_01854,user_055,1,add_product
sess_01854,user_055,2,set_discount
sess_01854,user_055,3,save_quotation
sess_01854,user_055,4,send_quotation
sess_01854,user_055,5,create_order
sess_01855,user_056,0,open_products
sess_01855,user_056,1,search_laptop
sess_01855,user_056,2,view_laptop
sess_01855,user_056,3,purchase_laptop
sess_01855,user_056,4,purchase_headphones
sess_01856,user_057,0,view_monitor
sess_01856,user_057,1,purchase_monitor
sess_01856,user_057,2,purchase_mouse
sess_01857,user_058,0,open_products
sess_01857,user_058,1,search_phone
sess_01857,user_058,2,view_phone
sess_01857,user_058,3,purchase_phone
sess_01857,user_058,4,purchase_phone_case
sess_01858,user_059,0,view_monitor
sess_01858,user_059,1,purchase_monitor
sess_01858,user_059,2,purchase_mouse
sess_01859,user_060,0,open_products
sess_01859,user_060,1,search_phone
sess_01859,user_060,2,view_phone
sess_01859,user_060,3,purchase_phone
sess_01859,user_060,4,purchase_headphones
sess_01859,user_060,5,open_purchases
sess_01860,user_061,0,login
sess_01860,user_061,1,open_products
sess_01860,user_061,2,search_laptop
sess_01860,user_061,3,view_laptop
sess_01860,user_061,4,purchase_laptop
sess_01860,user_061,5,purchase_mouse
sess_01860,user_061,6,open_purchases
sess_01861,user_062,0,create_quotation
sess_01861,user_062,1,add_product
sess_01861,user_062,2,set_discount
sess_01861,user_062,3,save_quotation
sess_01861,user_062,4,send_quotation
sess_01861,user_062,5,create_order
sess_01862,user_063,0,open_products
sess_01862,user_063,1,search_phone
sess_01862,user_063,2,view_phone
sess_01862,user_063,3,purchase_phone
sess_01862,user_063,4,purchase_headphones
sess_01862,user_063,5,open_purchases
sess_01863,user_064,0,view_laptop
sess_01863,user_064,1,purchase_laptop
sess_01863,user_064,2,purchase_headphones
sess_01863,user_064,3,open_purchases
sess_01864,user_065,0,view_monitor
sess_01864,user_065,1,purchase_monitor
sess_01864,user_065,2,purchase_headphones
sess_01865,user_066,0,open_products
sess_01865,user_066,1,search_laptop
sess_01865,user_066,2,view_laptop
sess_01865,user_066,3,purchase_laptop
sess_01865,user_066,4,purchase_mouse
sess_01865,user_066,5,open_purchases
sess_01866,user_067,0,open_quotations
sess_01866,user_067,1,create_quotation
sess_01866,user_067,2,add_product
sess_01866,user_067,3,set_discount
sess_01866,user_067,4,save_quotation
sess_01866,user_067,5,send_quotation
sess_01866,user_067,6,create_order
sess_01867,user_068,0,view_phone
sess_01867,user_068,1,purchase_phone
sess_01867,user_068,2,purchase_headphones
sess_01867,user_068,3,open_purchases
sess_01868,user_069,0,open_orders
sess_01868,user_069,1,create_order
sess_01868,user_069,2,generate_invoice
sess_01868,user_069,3,confirm_payment
sess_01869,user_070,0,view_monitor
sess_01869,user_070,1,purchase_monitor
sess_01869,user_070,2,purchase_mouse
sess_01870,user_071,0,create_quotation
sess_01870,user_071,1,add_product
sess_01870,user_071,2,set_discount
sess_01870,user_071,3,save_quotation
sess_01870,user_071,4,send_quotation
sess_01871,user_072,0,create_quotation
sess_01871,user_072,1,add_product
sess_01871,user_072,2,set_discount
sess_01871,user_072,3,save_quotation
sess_01871,user_072,4,send_quotation
sess_01872,user_073,0,open_products
sess_01872,user_073,1,search_laptop
sess_01872,user_073,2,view_laptop
sess_01872,user_073,3,purchase_laptop
sess_01872,user_073,4,purchase_headphones
sess_01872,user_073,5,open_purchases
sess_01873,user_074,0,open_products
sess_01873,user_074,1,search_monitor
sess_01873,user_074,2,view_monitor
sess_01873,user_074,3,purchase_monitor
sess_01873,user_074,4,purchase_keyboard
sess_01874,user_075,0,open_products
sess_01874,user_075,1,search_phone
sess_01874,user_075,2,view_phone
sess_01874,user_075,3,purchase_phone
sess_01874,user_075,4,purchase_phone_case
sess_01874,user_075,5,open_purchases
sess_01875,user_076,0,view_monitor
sess_01875,user_076,1,purchase_monitor
sess_01875,user_076,2,purchase_keyboard
sess_01876,user_077,0,create_order
sess_01876,user_077,1,assign_delivery
sess_01877,user_078,0,open_products
sess_01877,user_078,1,search_phone
sess_01877,user_078,2,view_phone
sess_01877,user_078,3,purchase_phone
sess_01877,user_078,4,purchase_phone_case
sess_01877,user_078,5,open_purchases
sess_01878,user_079,0,open_products
sess_01878,user_079,1,search_phone
sess_01878,user_079,2,view_phone
sess_01878,user_079,3,purchase_phone
sess_01878,user_079,4,purchase_warranty
sess_01878,user_079,5,open_purchases
sess_01879,user_080,0,open_products
sess_01879,user_080,1,search_monitor
sess_01879,user_080,2,view_monitor
sess_01879,user_080,3,purchase_monitor
sess_01879,user_080,4,purchase_keyboard
sess_01880,user_081,0,view_laptop
sess_01880,user_081,1,purchase_laptop
sess_01880,user_081,2,purchase_headphones
sess_01880,user_081,3,open_purchases
sess_01881,user_082,0,create_quotation
sess_01881,user_082,1,add_product
sess_01881,user_082,2,set_discount
sess_01881,user_082,3,save_quotation
sess_01881,user_082,4,open_quotations
sess_01882,user_083,0,open_quotations
sess_01882,user_083,1,create_quotation
sess_01882,user_083,2,add_product
sess_01882,user_083,3,set_discount
sess_01882,user_083,4,save_quotation
sess_01882,user_083,5,open_quotations
sess_01883,user_084,0,create_quotation
sess_01883,user_084,1,add_product
sess_01883,user_084,2,set_discount
sess_01883,user_084,3,save_quotation
sess_01883,user_084,4,send_quotation
sess_01883,user_084,5,create_order
sess_01884,user_085,0,view_phone
sess_01884,user_085,1,purchase_phone
sess_01884,user_085,2,purchase_phone_case
sess_01885,user_086,0,open_customers
sess_01885,user_086,1,view_customer
sess_01885,user_086,2,view_customer_orders
sess_01886,user_087,0,create_quotation
sess_01886,user_087,1,add_product
sess_01886,user_087,2,set_discount
sess_01886,user_087,3,save_quotation
sess_01886,user_087,4,send_quotation
sess_01887,user_088,0,open_products
sess_01887,user_088,1,search_monitor
sess_01887,user_088,2,view_monitor
sess_01887,user_088,3,purchase_monitor
sess_01887,user_088,4,purchase_keyboard
sess_01888,user_089,0,open_customers
sess_01888,user_089,1,view_customer
sess_01888,user_089,2,view_customer_quotations
sess_01889,user_090,0,open_quotations
sess_01889,user_090,1,create_quotation
sess_01889,user_090,2,add_product
sess_01889,user_090,3,set_discount
sess_01889,user_090,4,save_quotation
sess_01889,user_090,5,send_quotation
sess_01890,user_091,0,open_quotations
sess_01890,user_091,1,create_quotation
sess_01890,user_091,2,add_product
sess_01890,user_091,3,set_discount
sess_01890,user_091,4,save_quotation
sess_01890,user_091,5,send_quotation
sess_01890,user_091,6,create_order
sess_01891,user_092,0,login
sess_01891,user_092,1,open_products
sess_01891,user_092,2,search_laptop
sess_01891,user_092,3,view_laptop
sess_01891,user_092,4,purchase_laptop
sess_01891,user_092,5,purchase_headphones
sess_01891,user_092,6,open_purchases
sess_01892,user_093,0,create_order
sess_01892,user_093,1,generate_invoice
sess_01892,user_093,2,confirm_payment
sess_01893,user_094,0,create_quotation
sess_01893,user_094,1,add_product
sess_01893,user_094,2,set_discount
sess_01893,user_094,3,save_quotation
sess_01893,user_094,4,send_quotation
sess_01893,user_094,5,create_order
sess_01894,user_095,0,view_phone
sess_01894,user_095,1,purchase_phone
sess_01894,user_095,2,purchase_phone_case
sess_01895,user_096,0,view_phone
sess_01895,user_096,1,purchase_phone
sess_01895,user_096,2,purchase_phone_case
sess_01895,user_096,3,open_purchases
sess_01896,user_097,0,open_quotations
sess_01896,user_097,1,create_quotation
sess_01896,user_097,2,add_product
sess_01896,user_097,3,save_quotation
sess_01896,user_097,4,send_quotation
sess_01896,user_097,5,create_order
sess_01897,user_098,0,create_quotation
sess_01897,user_098,1,add_product
sess_01897,user_098,2,set_discount
sess_01897,user_098,3,save_quotation
sess_01897,user_098,4,send_quotation
sess_01897,user_098,5,create_order
sess_01898,user_099,0,open_products
sess_01898,user_099,1,search_laptop
sess_01898,user_099,2,view_laptop
sess_01898,user_099,3,purchase_laptop
sess_01898,user_099,4,purchase_headphones
sess_01898,user_099,5,open_purchases
sess_01899,user_100,0,open_quotations
sess_01899,user_100,1,create_quotation
sess_01899,user_100,2,add_product
sess_01899,user_100,3,set_discount
sess_01899,user_100,4,save_quotation
sess_01899,user_100,5,send_quotation
sess_01899,user_100,6,create_order
sess_01900,user_101,0,view_monitor
sess_01900,user_101,1,purchase_monitor
sess_01900,user_101,2,purchase_keyboard
sess_01901,user_102,0,open_products
sess_01901,user_102,1,search_monitor
sess_01901,user_102,2,view_monitor
sess_01901,user_102,3,purchase_monitor
sess_01901,user_102,4,purchase_keyboard
sess_01902,user_103,0,create_order
sess_01902,user_103,1,assign_delivery
sess_01903,user_104,0,open_products
sess_01903,user_104,1,search_phone
sess_01903,user_104,2,view_phone
sess_01903,user_104,3,purchase_phone
sess_01903,user_104,4,purchase_phone_case
sess_01903,user_104,5,open_purchases
sess_01904,user_105,0,view_customer
sess_01904,user_105,1,view_customer_orders
sess_01905,user_106,0,create_order
sess_01905,user_106,1,generate_invoice
sess_01905,user_106,2,confirm_payment
sess_01906,user_107,0,open_products
sess_01906,user_107,1,search_phone
sess_01906,user_107,2,view_phone
sess_01906,user_107,3,purchase_phone
sess_01906,user_107,4,purchase_phone_case
sess_01906,user_107,5,open_purchases
sess_01907,user_108,0,create_quotation
sess_01907,user_108,1,add_product
sess_01907,user_108,2,save_quotation
sess_01907,user_108,3,send_quotation
sess_01907,user_108,4,create_order
sess_01908,user_109,0,open_customers
sess_01908,user_109,1,view_customer
sess_01908,user_109,2,view_customer_quotations
sess_01909,user_110,0,view_phone
sess_01909,user_110,1,purchase_phone
sess_01909,user_110,2,purchase_phone_case
sess_01909,user_110,3,open_purchases
sess_01910,user_111,0,login
sess_01910,user_111,1,open_products
sess_01910,user_111,2,search_laptop
sess_01910,user_111,3,view_laptop
sess_01910,user_111,4,purchase_laptop
sess_01910,user_111,5,purchase_mouse
sess_01910,user_111,6,open_purchases
sess_01911,user_112,0,open_products
sess_01911,user_112,1,search_phone
sess_01911,user_112,2,view_phone
sess_01911,user_112,3,purchase_phone
sess_01911,user_112,4,purchase_headphones
sess_01911,user_112,5,open_purchases
sess_01912,user_113,0,view_phone
sess_01912,user_113,1,purchase_phone
sess_01912,user_113,2,purchase_phone_case
sess_01912,user_113,3,open_purchases
sess_01913,user_114,0,login
sess_01913,user_114,1,open_products
sess_01913,user_114,2,search_phone
sess_01913,user_114,3,view_phone
sess_01913,user_114,4,purchase_phone
sess_01913,user_114,5,purchase_warranty
sess_01914,user_115,0,view_customer
sess_01914,user_115,1,view_customer_quotations
sess_01914,user_115,2,create_quotation
sess_01915,user_116,0,view_laptop
sess_01915,user_116,1,purchase_laptop
sess_01915,user_116,2,purchase_laptop_bag
sess_01915,user_116,3,open_purchases
sess_01916,user_117,0,view_laptop
sess_01916,user_117,1,purchase_laptop
sess_01916,user_117,2,purchase_mouse
sess_01916,user_117,3,open_purchases
sess_01917,user_118,0,open_customers
sess_01917,user_118,1,view_customer
sess_01917,user_118,2,view_customer_quotations
sess_01917,user_118,3,create_quotation
sess_01918,user_119,0,open_quotations
sess_01918,user_119,1,create_quotation
sess_01918,user_119,2,add_product
sess_01918,user_119,3,set_discount
sess_01918,user_119,4,save_quotation
sess_01918,user_119,5,send_quotation
sess_01918,user_119,6,create_order
sess_01919,user_120,0,open_products
sess_01919,user_120,1,search_laptop
sess_01919,user_120,2,view_laptop
sess_01919,user_120,3,purchase_laptop
sess_01919,user_120,4,purchase_mouse
sess_01919,user_120,5,open_purchases
sess_01920,user_121,0,create_order
sess_01920,user_121,1,generate_invoice
sess_01920,user_121,2,confirm_payment
sess_01921,user_122,0,open_products
sess_01921,user_122,1,search_laptop
sess_01921,user_122,2,view_laptop
sess_01921,user_122,3,purchase_laptop
sess_01921,user_122,4,purchase_laptop_bag
sess_01921,user_122,5,open_purchases
sess_01922,user_123,0,view_laptop
sess_01922,user_123,1,purchase_laptop
sess_01922,user_123,2,purchase_headphones
sess_01922,user_123,3,open_purchases
sess_01923,user_124,0,view_customer
sess_01923,user_124,1,view_customer_orders
sess_01924,user_125,0,view_monitor
sess_01924,user_125,1,purchase_monitor
sess_01924,user_125,2,purchase_keyboard
sess_01925,user_126,0,create_quotation
sess_01925,user_126,1,add_product
sess_01925,user_126,2,set_discount
sess_01925,user_126,3,save_quotation
sess_01925,user_126,4,send_quotation
sess_01925,user_126,5,create_order
sess_01926,user_127,0,view_customer
sess_01926,user_127,1,view_customer_quotations
sess_01926,user_127,2,create_quotation
sess_01927,user_128,0,open_products
sess_01927,user_128,1,search_laptop
sess_01927,user_128,2,view_laptop
sess_01927,user_128,3,purchase_laptop
sess_01927,user_128,4,purchase_mouse
sess_01928,user_129,0,open_quotations
sess_01928,user_129,1,create_quotation
sess_01928,user_129,2,add_product
sess_01928,user_129,3,set_discount
sess_01928,user_129,4,save_quotation
sess_01928,user_129,5,open_quotations
sess_01929,user_130,0,create_order
sess_01929,user_130,1,generate_invoice
sess_01929,user_130,2,confirm_payment
sess_01930,user_131,0,view_monitor
sess_01930,user_131,1,purchase_monitor
sess_01930,user_131,2,purchase_headphones
sess_01931,user_132,0,open_products
sess_01931,user_132,1,search_phone
sess_01931,user_132,2,view_phone
sess_01931,user_132,3,purchase_phone
sess_01931,user_132,4,purchase_phone_case
sess_01932,user_133,0,view_monitor
sess_01932,user_133,1,purchase_monitor
sess_01932,user_133,2,purchase_keyboard
sess_01933,user_134,0,view_phone
sess_01933,user_134,1,purchase_phone
sess_01933,user_134,2,purchase_phone_case
sess_01934,user_135,0,open_customers
sess_01934,user_135,1,view_customer
sess_01934,user_135,2,view_customer_quotations
sess_01934,user_135,3,create_quotation
sess_01935,user_136,0,login
sess_01935,user_136,1,open_products
sess_01935,user_136,2,search_laptop
sess_01935,user_136,3,view_laptop
sess_01935,user_136,4,purchase_laptop
sess_01935,user_136,5,purchase_mouse
sess_01935,user_136,6,open_purchases
sess_01936,user_137,0,view_phone
sess_01936,user_137,1,purchase_phone
sess_01936,user_137,2,purchase_warranty
sess_01937,user_138,0,view_phone
sess_01937,user_138,1,purchase_phone
sess_01937,user_138,2,purchase_headphones
sess_01937,user_138,3,open_purchases
sess_01938,user_139,0,open_orders
sess_01938,user_139,1,create_order
sess_01938,user_139,2,assign_delivery
sess_01939,user_140,0,login
sess_01939,user_140,1,open_products
sess_01939,user_140,2,search_laptop
sess_01939,user_140,3,view_laptop
sess_01939,user_140,4,purchase_laptop
sess_01939,user_140,5,purchase_mouse
sess_01939,user_140,6,open_purchases
sess_01940,user_141,0,open_customers
sess_01940,user_141,1,view_customer
sess_01940,user_141,2,view_customer_quotations
sess_01940,user_141,3,create_quotation
sess_01941,user_142,0,create_order
sess_01941,user_142,1,assign_delivery
sess_01942,user_143,0,create_order
sess_01942,user_143,1,generate_invoice
sess_01942,user_143,2,confirm_payment
sess_01943,user_144,0,create_order
sess_01943,user_144,1,generate_invoice
sess_01943,user_144,2,confirm_payment
sess_01944,user_145,0,view_phone
sess_01944,user_145,1,purchase_phone
sess_01944,user_145,2,purchase_headphones
sess_01944,user_145,3,open_purchases
sess_01945,user_146,0,view_laptop
sess_01945,user_146,1,purchase_laptop
sess_01945,user_146,2,purchase_mouse
sess_01946,user_147,0,open_quotations
sess_01946,user_147,1,create_quotation
sess_01946,user_147,2,add_product
sess_01946,user_147,3,set_discount
sess_01946,user_147,4,save_quotation
sess_01946,user_147,5,send_quotation
sess_01946,user_147,6,create_order
sess_01947,user_148,0,open_products
sess_01947,user_148,1,search_phone
sess_01947,user_148,2,view_phone
sess_01947,user_148,3,purchase_phone
sess_01947,user_148,4,purchase_phone_case
sess_01948,user_149,0,open_quotations
sess_01948,user_149,1,create_quotation
sess_01948,user_149,2,add_product
sess_01948,user_149,3,save_quotation
sess_01948,user_149,4,send_quotation
sess_01948,user_149,5,create_order
sess_01949,user_150,0,open_orders
sess_01949,user_150,1,create_order
sess_01949,user_150,2,assign_delivery
sess_01950,user_001,0,login
sess_01950,user_001,1,open_products
sess_01950,user_001,2,search_phone
sess_01950,user_001,3,view_phone
sess_01950,user_001,4,purchase_phone
sess_01950,user_001,5,purchase_phone_case
sess_01951,user_002,0,open_products
sess_01951,user_002,1,search_laptop
sess_01951,user_002,2,view_laptop
sess_01951,user_002,3,purchase_laptop
sess_01951,user_002,4,purchase_warranty
sess_01951,user_002,5,open_purchases
sess_01952,user_003,0,view_monitor
sess_01952,user_003,1,purchase_monitor
sess_01952,user_003,2,purchase_mouse
sess_01953,user_004,0,open_products
sess_01953,user_004,1,search_phone
sess_01953,user_004,2,view_phone
sess_01953,user_004,3,purchase_phone
sess_01953,user_004,4,purchase_phone_case
sess_01953,user_004,5,open_purchases
sess_01954,user_005,0,create_quotation
sess_01954,user_005,1,add_product
sess_01954,user_005,2,set_discount
sess_01954,user_005,3,save_quotation
sess_01954,user_005,4,send_quotation
sess_01954,user_005,5,create_order
sess_01955,user_006,0,create_quotation
sess_01955,user_006,1,add_product
sess_01955,user_006,2,save_quotation
sess_01955,user_006,3,open_quotations
sess_01956,user_007,0,open_quotations
sess_01956,user_007,1,create_quotation
sess_01956,user_007,2,add_product
sess_01956,user_007,3,set_discount
sess_01956,user_007,4,save_quotation
sess_01956,user_007,5,send_quotation
sess_01956,user_007,6,create_order
sess_01957,user_008,0,open_products
sess_01957,user_008,1,search_laptop
sess_01957,user_008,2,view_laptop
sess_01957,user_008,3,purchase_laptop
sess_01957,user_008,4,purchase_mouse
sess_01957,user_008,5,open_purchases
sess_01958,user_009,0,view_laptop
sess_01958,user_009,1,purchase_laptop
sess_01958,user_009,2,purchase_headphones
sess_01959,user_010,0,open_quotations
sess_01959,user_010,1,create_quotation
sess_01959,user_010,2,add_product
sess_01959,user_010,3,set_discount
sess_01959,user_010,4,save_quotation
sess_01959,user_010,5,send_quotation
sess_01959,user_010,6,create_order
sess_01960,user_011,0,open_products
sess_01960,user_011,1,search_monitor
sess_01960,user_011,2,view_monitor
sess_01960,user_011,3,purchase_monitor
sess_01960,user_011,4,purchase_keyboard
sess_01961,user_012,0,view_customer
sess_01961,user_012,1,view_customer_quotations
sess_01962,user_013,0,view_laptop
sess_01962,user_013,1,purchase_laptop
sess_01962,user_013,2,purchase_mouse
sess_01962,user_013,3,open_purchases
sess_01963,user_014,0,view_monitor
sess_01963,user_014,1,purchase_monitor
sess_01963,user_014,2,purchase_mouse
sess_01964,user_015,0,open_quotations
sess_01964,user_015,1,create_quotation
sess_01964,user_015,2,add_product
sess_01964,user_015,3,save_quotation
sess_01964,user_015,4,open_quotations
sess_01965,user_016,0,open_customers
sess_01965,user_016,1,view_customer
sess_01965,user_016,2,view_customer_quotations
sess_01965,user_016,3,create_quotation
sess_01966,user_017,0,view_monitor
sess_01966,user_017,1,purchase_monitor
sess_01966,user_017,2,purchase_keyboard
sess_01967,user_018,0,open_products
sess_01967,user_018,1,search_laptop
sess_01967,user_018,2,view_laptop
sess_01967,user_018,3,purchase_laptop
sess_01967,user_018,4,purchase_headphones
sess_01967,user_018,5,open_purchases
sess_01968,user_019,0,open_customers
sess_01968,user_019,1,view_customer
sess_01968,user_019,2,update_customer
sess_01969,user_020,0,open_products
sess_01969,user_020,1,search_monitor
sess_01969,user_020,2,view_monitor
sess_01969,user_020,3,purchase_monitor
sess_01969,user_020,4,purchase_keyboard
sess_01970,user_021,0,view_phone
sess_01970,user_021,1,purchase_phone
sess_01970,user_021,2,purchase_phone_case
sess_01971,user_022,0,view_monitor
sess_01971,user_022,1,purchase_monitor
sess_01971,user_022,2,purchase_mouse
sess_01972,user_023,0,view_phone
sess_01972,user_023,1,purchase_phone
sess_01972,user_023,2,purchase_phone_case
sess_01973,user_024,0,view_phone
sess_01973,user_024,1,purchase_phone
sess_01973,user_024,2,purchase_phone_case
sess_01974,user_025,0,open_products
sess_01974,user_025,1,search_laptop
sess_01974,user_025,2,view_laptop
sess_01974,user_025,3,purchase_laptop
sess_01974,user_025,4,purchase_headphones
sess_01975,user_026,0,create_order
sess_01975,user_026,1,generate_invoice
sess_01975,user_026,2,confirm_payment
sess_01976,user_027,0,view_laptop
sess_01976,user_027,1,purchase_laptop
sess_01976,user_027,2,purchase_headphones
sess_01976,user_027,3,open_purchases
sess_01977,user_028,0,open_customers
sess_01977,user_028,1,view_customer
sess_01977,user_028,2,view_customer_quotations
sess_01977,user_028,3,create_quotation
sess_01978,user_029,0,view_phone
sess_01978,user_029,1,purchase_phone
sess_01978,user_029,2,purchase_phone_case
sess_01979,user_030,0,create_order
sess_01979,user_030,1,generate_invoice
sess_01979,user_030,2,confirm_payment
sess_01980,user_031,0,create_quotation
sess_01980,user_031,1,add_product
sess_01980,user_031,2,set_discount
sess_01980,user_031,3,save_quotation
sess_01980,user_031,4,send_quotation
sess_01980,user_031,5,create_order
sess_01981,user_032,0,open_orders
sess_01981,user_032,1,create_order
sess_01981,user_032,2,generate_invoice
sess_01981,user_032,3,confirm_payment
sess_01982,user_033,0,open_products
sess_01982,user_033,1,search_laptop
sess_01982,user_033,2,view_laptop
sess_01982,user_033,3,purchase_laptop
sess_01982,user_033,4,purchase_headphones
sess_01982,user_033,5,open_purchases
sess_01983,user_034,0,view_laptop
sess_01983,user_034,1,purchase_laptop
sess_01983,user_034,2,purchase_headphones
sess_01983,user_034,3,open_purchases
sess_01984,user_035,0,open_customers
sess_01984,user_035,1,view_customer
sess_01984,user_035,2,view_customer_quotations
sess_01984,user_035,3,create_quotation
sess_01985,user_036,0,open_orders
sess_01985,user_036,1,create_order
sess_01985,user_036,2,generate_invoice
sess_01986,user_037,0,view_laptop
sess_01986,user_037,1,purchase_laptop
sess_01986,user_037,2,purchase_mouse
sess_01986,user_037,3,open_purchases
sess_01987,user_038,0,view_monitor
sess_01987,user_038,1,purchase_monitor
sess_01987,user_038,2,purchase_headphones
sess_01988,user_039,0,view_monitor
sess_01988,user_039,1,purchase_monitor
sess_01988,user_039,2,purchase_headphones
sess_01989,user_040,0,view_laptop
sess_01989,user_040,1,purchase_laptop
sess_01989,user_040,2,purchase_headphones
sess_01990,user_041,0,create_order
sess_01990,user_041,1,generate_invoice
sess_01991,user_042,0,open_products
sess_01991,user_042,1,search_phone
sess_01991,user_042,2,view_phone
sess_01991,user_042,3,purchase_phone
sess_01991,user_042,4,purchase_phone_case
sess_01991,user_042,5,open_purchases
sess_01992,user_043,0,open_products
sess_01992,user_043,1,search_laptop
sess_01992,user_043,2,view_laptop
sess_01992,user_043,3,purchase_laptop
sess_01992,user_043,4,purchase_headphones
sess_01993,user_044,0,login
sess_01993,user_044,1,open_products
sess_01993,user_044,2,search_laptop
sess_01993,user_044,3,view_laptop
sess_01993,user_044,4,purchase_laptop
sess_01993,user_044,5,purchase_mouse
sess_01993,user_044,6,open_purchases
sess_01994,user_045,0,view_monitor
sess_01994,user_045,1,purchase_monitor
sess_01994,user_045,2,purchase_keyboard
sess_01995,user_046,0,create_order
sess_01995,user_046,1,generate_invoice
sess_01995,user_046,2,confirm_payment
sess_01996,user_047,0,login
sess_01996,user_047,1,open_products
sess_01996,user_047,2,search_phone
sess_01996,user_047,3,view_phone
sess_01996,user_047,4,purchase_phone
sess_01996,user_047,5,purchase_headphones
sess_01996,user_047,6,open_purchases
sess_01997,user_048,0,view_customer
sess_01997,user_048,1,view_customer_quotations
sess_01997,user_048,2,create_quotation
sess_01998,user_049,0,open_products
sess_01998,user_049,1,search_laptop
sess_01998,user_049,2,view_laptop
sess_01998,user_049,3,purchase_laptop
sess_01998,user_049,4,purchase_mouse
sess_01999,user_050,0,open_products
sess_01999,user_050,1,search_laptop
sess_01999,user_050,2,view_laptop
sess_01999,user_050,3,purchase_laptop
sess_01999,user_050,4,purchase_mouse
sess_01999,user_050,5,open_purchases
sess_02000,user_051,0,login
sess_02000,user_051,1,open_products
sess_02000,user_051,2,search_phone
sess_02000,user_051,3,view_phone
sess_02000,user_051,4,purchase_phone
sess_02000,user_051,5,purchase_phone_case
sess_02000,user_051,6,open_purchases
sess_02001,user_052,0,open_quotations
sess_02001,user_052,1,create_quotation
sess_02001,user_052,2,add_product
sess_02001,user_052,3,set_discount
sess_02001,user_052,4,save_quotation
sess_02001,user_052,5,open_quotations
sess_02002,user_053,0,view_customer
sess_02002,user_053,1,view_customer_quotations
sess_02002,user_053,2,create_quotation
sess_02003,user_054,0,view_customer
sess_02003,user_054,1,view_customer_orders
sess_02004,user_055,0,create_quotation
sess_02004,user_055,1,add_product
sess_02004,user_055,2,set_discount
sess_02004,user_055,3,save_quotation
sess_02004,user_055,4,send_quotation
sess_02005,user_056,0,view_customer
sess_02005,user_056,1,view_customer_quotations
sess_02005,user_056,2,create_quotation
sess_02006,user_057,0,view_monitor
sess_02006,user_057,1,purchase_monitor
sess_02006,user_057,2,purchase_mouse
sess_02007,user_058,0,view_customer
sess_02007,user_058,1,view_customer_quotations
sess_02007,user_058,2,create_quotation
sess_02008,user_059,0,view_customer
sess_02008,user_059,1,update_customer
sess_02009,user_060,0,open_products
sess_02009,user_060,1,search_phone
sess_02009,user_060,2,view_phone
sess_02009,user_060,3,purchase_phone
sess_02009,user_060,4,purchase_phone_case
sess_02009,user_060,5,open_purchases
sess_02010,user_061,0,open_customers
sess_02010,user_061,1,view_customer
sess_02010,user_061,2,view_customer_quotations
sess_02011,user_062,0,open_products
sess_02011,user_062,1,search_laptop
sess_02011,user_062,2,view_laptop
sess_02011,user_062,3,purchase_laptop
sess_02011,user_062,4,purchase_headphones
sess_02011,user_062,5,open_purchases
sess_02012,user_063,0,create_quotation
sess_02012,user_063,1,add_product
sess_02012,user_063,2,set_discount
sess_02012,user_063,3,save_quotation
sess_02012,user_063,4,send_quotation
sess_02013,user_064,0,create_quotation
sess_02013,user_064,1,add_product
sess_02013,user_064,2,set_discount
sess_02013,user_064,3,save_quotation
sess_02013,user_064,4,send_quotation
sess_02013,user_064,5,create_order
sess_02014,user_065,0,open_products
sess_02014,user_065,1,search_phone
sess_02014,user_065,2,view_phone
sess_02014,user_065,3,purchase_phone
sess_02014,user_065,4,purchase_phone_case
sess_02014,user_065,5,open_purchases
sess_02015,user_066,0,open_products
sess_02015,user_066,1,search_phone
sess_02015,user_066,2,view_phone
sess_02015,user_066,3,purchase_phone
sess_02015,user_066,4,purchase_warranty
sess_02015,user_066,5,open_purchases
sess_02016,user_067,0,open_products
sess_02016,user_067,1,search_phone
sess_02016,user_067,2,view_phone
sess_02016,user_067,3,purchase_phone
sess_02016,user_067,4,purchase_phone_case
sess_02016,user_067,5,open_purchases
sess_02017,user_068,0,open_products
sess_02017,user_068,1,search_monitor
sess_02017,user_068,2,view_monitor
sess_02017,user_068,3,purchase_monitor
sess_02017,user_068,4,purchase_keyboard
sess_02018,user_069,0,open_products
sess_02018,user_069,1,search_phone
sess_02018,user_069,2,view_phone
sess_02018,user_069,3,purchase_phone
sess_02018,user_069,4,purchase_phone_case
sess_02018,user_069,5,open_purchases
sess_02019,user_070,0,open_products
sess_02019,user_070,1,search_phone
sess_02019,user_070,2,view_phone
sess_02019,user_070,3,purchase_phone
sess_02019,user_070,4,purchase_phone_case
sess_02019,user_070,5,open_purchases
sess_02020,user_071,0,open_quotations
sess_02020,user_071,1,create_quotation
sess_02020,user_071,2,add_product
sess_02020,user_071,3,set_discount
sess_02020,user_071,4,save_quotation
sess_02020,user_071,5,open_quotations
sess_02021,user_072,0,open_products
sess_02021,user_072,1,search_laptop
sess_02021,user_072,2,view_laptop
sess_02021,user_072,3,purchase_laptop
sess_02021,user_072,4,purchase_headphones
sess_02021,user_072,5,open_purchases
sess_02022,user_073,0,open_customers
sess_02022,user_073,1,view_customer
sess_02022,user_073,2,view_customer_quotations
sess_02022,user_073,3,create_quotation
sess_02023,user_074,0,login
sess_02023,user_074,1,open_products
sess_02023,user_074,2,search_phone
sess_02023,user_074,3,view_phone
sess_02023,user_074,4,purchase_phone
sess_02023,user_074,5,purchase_phone_case
sess_02023,user_074,6,open_purchases
sess_02024,user_075,0,view_phone
sess_02024,user_075,1,purchase_phone
sess_02024,user_075,2,purchase_phone_case
sess_02024,user_075,3,open_purchases
sess_02025,user_076,0,create_quotation
sess_02025,user_076,1,add_product
sess_02025,user_076,2,set_discount
sess_02025,user_076,3,save_quotation
sess_02025,user_076,4,send_quotation
sess_02026,user_077,0,view_monitor
sess_02026,user_077,1,purchase_monitor
sess_02026,user_077,2,purchase_mouse
sess_02027,user_078,0,open_products
sess_02027,user_078,1,search_phone
sess_02027,user_078,2,view_phone
sess_02027,user_078,3,purchase_phone
sess_02027,user_078,4,purchase_phone_case
sess_02027,user_078,5,open_purchases
sess_02028,user_079,0,view_laptop
sess_02028,user_079,1,purchase_laptop
sess_02028,user_079,2,purchase_headphones
sess_02028,user_079,3,open_purchases
sess_02029,user_080,0,view_phone
sess_02029,user_080,1,purchase_phone
sess_02029,user_080,2,purchase_phone_case
sess_02029,user_080,3,open_purchases
sess_02030,user_081,0,view_phone
sess_02030,user_081,1,purchase_phone
sess_02030,user_081,2,purchase_phone_case
sess_02030,user_081,3,open_purchases
sess_02031,user_082,0,login
sess_02031,user_082,1,open_products
sess_02031,user_082,2,search_laptop
sess_02031,user_082,3,view_laptop
sess_02031,user_082,4,purchase_laptop
sess_02031,user_082,5,purchase_warranty
sess_02031,user_082,6,open_purchases
sess_02032,user_083,0,open_customers
sess_02032,user_083,1,view_customer
sess_02032,user_083,2,view_customer_orders
sess_02033,user_084,0,create_quotation
sess_02033,user_084,1,add_product
sess_02033,user_084,2,set_discount
sess_02033,user_084,3,save_quotation
sess_02033,user_084,4,send_quotation
sess_02034,user_085,0,view_monitor
sess_02034,user_085,1,purchase_monitor
sess_02034,user_085,2,purchase_keyboard
sess_02035,user_086,0,open_products
sess_02035,user_086,1,search_laptop
sess_02035,user_086,2,view_laptop
sess_02035,user_086,3,purchase_laptop
sess_02035,user_086,4,purchase_warranty
sess_02036,user_087,0,view_phone
sess_02036,user_087,1,purchase_phone
sess_02036,user_087,2,purchase_phone_case
sess_02036,user_087,3,open_purchases
sess_02037,user_088,0,view_phone
sess_02037,user_088,1,purchase_phone
sess_02037,user_088,2,purchase_phone_case
sess_02037,user_088,3,open_purchases
sess_02038,user_089,0,view_monitor
sess_02038,user_089,1,purchase_monitor
sess_02038,user_089,2,purchase_keyboard
sess_02039,user_090,0,open_products
sess_02039,user_090,1,search_laptop
sess_02039,user_090,2,view_laptop
sess_02039,user_090,3,purchase_laptop
sess_02039,user_090,4,purchase_headphones
sess_02039,user_090,5,open_purchases
sess_02040,user_091,0,open_products
sess_02040,user_091,1,search_phone
sess_02040,user_091,2,view_phone
sess_02040,user_091,3,purchase_phone
sess_02040,user_091,4,purchase_phone_case
sess_02040,user_091,5,open_purchases
sess_02041,user_092,0,open_quotations
sess_02041,user_092,1,create_quotation
sess_02041,user_092,2,add_product
sess_02041,user_092,3,set_discount
sess_02041,user_092,4,save_quotation
sess_02041,user_092,5,open_quotations
sess_02042,user_093,0,open_products
sess_02042,user_093,1,search_laptop
sess_02042,user_093,2,view_laptop
sess_02042,user_093,3,purchase_laptop
sess_02042,user_093,4,purchase_laptop_bag
sess_02042,user_093,5,open_purchases
sess_02043,user_094,0,open_products
sess_02043,user_094,1,search_phone
sess_02043,user_094,2,view_phone
sess_02043,user_094,3,purchase_phone
sess_02043,user_094,4,purchase_phone_case
sess_02043,user_094,5,open_purchases
sess_02044,user_095,0,open_customers
sess_02044,user_095,1,view_customer
sess_02044,user_095,2,view_customer_orders
sess_02045,user_096,0,view_phone
sess_02045,user_096,1,purchase_phone
sess_02045,user_096,2,purchase_phone_case
sess_02045,user_096,3,open_purchases
sess_02046,user_097,0,open_products
sess_02046,user_097,1,search_laptop
sess_02046,user_097,2,view_laptop
sess_02046,user_097,3,purchase_laptop
sess_02046,user_097,4,purchase_laptop_bag
sess_02046,user_097,5,open_purchases
sess_02047,user_098,0,open_quotations
sess_02047,user_098,1,create_quotation
sess_02047,user_098,2,add_product
sess_02047,user_098,3,set_discount
sess_02047,user_098,4,save_quotation
sess_02047,user_098,5,open_quotations
sess_02048,user_099,0,open_quotations
sess_02048,user_099,1,create_quotation
sess_02048,user_099,2,add_product
sess_02048,user_099,3,save_quotation
sess_02048,user_099,4,open_quotations
sess_02049,user_100,0,view_laptop
sess_02049,user_100,1,purchase_laptop
sess_02049,user_100,2,purchase_mouse
sess_02050,user_101,0,view_laptop
sess_02050,user_101,1,purchase_laptop
sess_02050,user_101,2,purchase_headphones
sess_02050,user_101,3,open_purchases
sess_02051,user_102,0,login
sess_02051,user_102,1,open_products
sess_02051,user_102,2,search_laptop
sess_02051,user_102,3,view_laptop
sess_02051,user_102,4,purchase_laptop
sess_02051,user_102,5,purchase_laptop_bag
sess_02052,user_103,0,open_customers
sess_02052,user_103,1,view_customer
sess_02052,user_103,2,view_customer_orders
sess_02053,user_104,0,open_customers
sess_02053,user_104,1,view_customer
sess_02053,user_104,2,view_customer_quotations
sess_02054,user_105,0,open_products
sess_02054,user_105,1,search_monitor
sess_02054,user_105,2,view_monitor
sess_02054,user_105,3,purchase_monitor
sess_02054,user_105,4,purchase_keyboard
sess_02055,user_106,0,open_quotations
sess_02055,user_106,1,create_quotation
sess_02055,user_106,2,add_product
sess_02055,user_106,3,set_discount
sess_02055,user_106,4,save_quotation
sess_02055,user_106,5,send_quotation
sess_02056,user_107,0,create_quotation
sess_02056,user_107,1,add_product
sess_02056,user_107,2,set_discount
sess_02056,user_107,3,save_quotation
sess_02056,user_107,4,send_quotation
sess_02057,user_108,0,open_orders
sess_02057,user_108,1,create_order
sess_02057,user_108,2,generate_invoice
sess_02057,user_108,3,confirm_payment
sess_02058,user_109,0,open_quotations
sess_02058,user_109,1,create_quotation
sess_02058,user_109,2,add_product
sess_02058,user_109,3,set_discount
sess_02058,user_109,4,save_quotation
sess_02058,user_109,5,send_quotation
sess_02058,user_109,6,create_order
sess_02059,user_110,0,login
sess_02059,user_110,1,open_products
sess_02059,user_110,2,search_laptop
sess_02059,user_110,3,view_laptop
sess_02059,user_110,4,purchase_laptop
sess_02059,user_110,5,purchase_mouse
sess_02059,user_110,6,open_purchases
sess_02060,user_111,0,create_quotation
sess_02060,user_111,1,add_product
sess_02060,user_111,2,set_discount
sess_02060,user_111,3,save_quotation
sess_02060,user_111,4,send_quotation
sess_02061,user_112,0,open_products
sess_02061,user_112,1,search_monitor
sess_02061,user_112,2,view_monitor
sess_02061,user_112,3,purchase_monitor
sess_02061,user_112,4,purchase_keyboard
sess_02062,user_113,0,open_products
sess_02062,user_113,1,search_laptop
sess_02062,user_113,2,view_laptop
sess_02062,user_113,3,purchase_laptop
sess_02062,user_113,4,purchase_headphones
sess_02063,user_114,0,open_orders
sess_02063,user_114,1,create_order
sess_02063,user_114,2,assign_delivery
sess_02064,user_115,0,open_quotations
sess_02064,user_115,1,create_quotation
sess_02064,user_115,2,add_product
sess_02064,user_115,3,save_quotation
sess_02064,user_115,4,send_quotation
sess_02064,user_115,5,create_order
sess_02065,user_116,0,view_phone
sess_02065,user_116,1,purchase_phone
sess_02065,user_116,2,purchase_phone_case
sess_02066,user_117,0,view_monitor
sess_02066,user_117,1,purchase_monitor
sess_02066,user_117,2,purchase_keyboard
sess_02067,user_118,0,open_products
sess_02067,user_118,1,search_monitor
sess_02067,user_118,2,view_monitor
sess_02067,user_118,3,purchase_monitor
sess_02067,user_118,4,purchase_keyboard
sess_02068,user_119,0,create_quotation
sess_02068,user_119,1,add_product
sess_02068,user_119,2,set_discount
sess_02068,user_119,3,save_quotation
sess_02068,user_119,4,open_quotations
sess_02069,user_120,0,view_laptop
sess_02069,user_120,1,purchase_laptop
sess_02069,user_120,2,purchase_warranty
sess_02070,user_121,0,open_quotations
sess_02070,user_121,1,create_quotation
sess_02070,user_121,2,add_product
sess_02070,user_121,3,save_quotation
sess_02070,user_121,4,send_quotation
sess_02070,user_121,5,create_order
sess_02071,user_122,0,view_customer
sess_02071,user_122,1,view_customer_quotations
sess_02072,user_123,0,open_products
sess_02072,user_123,1,search_laptop
sess_02072,user_123,2,view_laptop
sess_02072,user_123,3,purchase_laptop
sess_02072,user_123,4,purchase_headphones
sess_02073,user_124,0,open_quotations
sess_02073,user_124,1,create_quotation
sess_02073,user_124,2,add_product
sess_02073,user_124,3,set_discount
sess_02073,user_124,4,save_quotation
sess_02073,user_124,5,send_quotation
sess_02073,user_124,6,create_order
sess_02074,user_125,0,open_customers
sess_02074,user_125,1,view_customer
sess_02074,user_125,2,view_customer_quotations
sess_02074,user_125,3,create_quotation
sess_02075,user_126,0,open_customers
sess_02075,user_126,1,view_customer
sess_02075,user_126,2,view_customer_quotations
sess_02076,user_127,0,open_quotations
sess_02076,user_127,1,create_quotation
sess_02076,user_127,2,add_product
sess_02076,user_127,3,set_discount
sess_02076,user_127,4,save_quotation
sess_02076,user_127,5,send_quotation
sess_02076,user_127,6,create_order
sess_02077,user_128,0,open_products
sess_02077,user_128,1,search_monitor
sess_02077,user_128,2,view_monitor
sess_02077,user_128,3,purchase_monitor
sess_02077,user_128,4,purchase_keyboard
sess_02078,user_129,0,login
sess_02078,user_129,1,open_products
sess_02078,user_129,2,search_laptop
sess_02078,user_129,3,view_laptop
sess_02078,user_129,4,purchase_laptop
sess_02078,user_129,5,purchase_headphones
sess_02078,user_129,6,open_purchases
sess_02079,user_130,0,create_quotation
sess_02079,user_130,1,add_product
sess_02079,user_130,2,set_discount
sess_02079,user_130,3,save_quotation
sess_02079,user_130,4,send_quotation
sess_02079,user_130,5,create_order
sess_02080,user_131,0,view_customer
sess_02080,user_131,1,view_customer_quotations
sess_02080,user_131,2,create_quotation
sess_02081,user_132,0,open_products
sess_02081,user_132,1,search_laptop
sess_02081,user_132,2,view_laptop
sess_02081,user_132,3,purchase_laptop
sess_02081,user_132,4,purchase_headphones
sess_02081,user_132,5,open_purchases
sess_02082,user_133,0,login
sess_02082,user_133,1,open_products
sess_02082,user_133,2,search_laptop
sess_02082,user_133,3,view_laptop
sess_02082,user_133,4,purchase_laptop
sess_02082,user_133,5,purchase_headphones
sess_02083,user_134,0,view_phone
sess_02083,user_134,1,purchase_phone
sess_02083,user_134,2,purchase_phone_case
sess_02083,user_134,3,open_purchases
sess_02084,user_135,0,open_products
sess_02084,user_135,1,search_phone
sess_02084,user_135,2,view_phone
sess_02084,user_135,3,purchase_phone
sess_02084,user_135,4,purchase_phone_case
sess_02084,user_135,5,open_purchases
sess_02085,user_136,0,view_laptop
sess_02085,user_136,1,purchase_laptop
sess_02085,user_136,2,purchase_headphones
sess_02086,user_137,0,open_products
sess_02086,user_137,1,search_laptop
sess_02086,user_137,2,view_laptop
sess_02086,user_137,3,purchase_laptop
sess_02086,user_137,4,purchase_headphones
sess_02087,user_138,0,view_laptop
sess_02087,user_138,1,purchase_laptop
sess_02087,user_138,2,purchase_headphones
sess_02087,user_138,3,open_purchases
sess_02088,user_139,0,open_quotations
sess_02088,user_139,1,create_quotation
sess_02088,user_139,2,add_product
sess_02088,user_139,3,save_quotation
sess_02088,user_139,4,send_quotation
sess_02089,user_140,0,open_customers
sess_02089,user_140,1,view_customer
sess_02089,user_140,2,view_customer_quotations
sess_02089,user_140,3,create_quotation
sess_02090,user_141,0,view_laptop
sess_02090,user_141,1,purchase_laptop
sess_02090,user_141,2,purchase_headphones
sess_02090,user_141,3,open_purchases
sess_02091,user_142,0,create_order
sess_02091,user_142,1,assign_delivery
sess_02092,user_143,0,open_products
sess_02092,user_143,1,search_monitor
sess_02092,user_143,2,view_monitor
sess_02092,user_143,3,purchase_monitor
sess_02092,user_143,4,purchase_keyboard
sess_02093,user_144,0,view_monitor
sess_02093,user_144,1,purchase_monitor
sess_02093,user_144,2,purchase_keyboard
sess_02094,user_145,0,open_quotations
sess_02094,user_145,1,create_quotation
sess_02094,user_145,2,add_product
sess_02094,user_145,3,save_quotation
sess_02094,user_145,4,send_quotation
sess_02094,user_145,5,create_order
sess_02095,user_146,0,view_customer
sess_02095,user_146,1,update_customer
sess_02096,user_147,0,create_quotation
sess_02096,user_147,1,add_product
sess_02096,user_147,2,set_discount
sess_02096,user_147,3,save_quotation
sess_02096,user_147,4,send_quotation
sess_02097,user_148,0,view_laptop
sess_02097,user_148,1,purchase_laptop
sess_02097,user_148,2,purchase_headphones
sess_02098,user_149,0,open_quotations
sess_02098,user_149,1,create_quotation
sess_02098,user_149,2,add_product
sess_02098,user_149,3,set_discount
sess_02098,user_149,4,save_quotation
sess_02098,user_149,5,send_quotation
sess_02099,user_150,0,open_products
sess_02099,user_150,1,search_laptop
sess_02099,user_150,2,view_laptop
sess_02099,user_150,3,purchase_laptop
sess_02099,user_150,4,purchase_warranty
sess_02099,user_150,5,open_purchases
sess_02100,user_001,0,open_products
sess_02100,user_001,1,search_phone
sess_02100,user_001,2,view_phone
sess_02100,user_001,3,purchase_phone
sess_02100,user_001,4,purchase_phone_case
sess_02100,user_001,5,open_purchases
sess_02101,user_002,0,view_phone
sess_02101,user_002,1,purchase_phone
sess_02101,user_002,2,purchase_headphones
sess_02101,user_002,3,open_purchases
sess_02102,user_003,0,open_products
sess_02102,user_003,1,search_laptop
sess_02102,user_003,2,view_laptop
sess_02102,user_003,3,purchase_laptop
sess_02102,user_003,4,purchase_headphones
sess_02102,user_003,5,open_purchases
sess_02103,user_004,0,view_monitor
sess_02103,user_004,1,purchase_monitor
sess_02103,user_004,2,purchase_keyboard
sess_02104,user_005,0,open_products
sess_02104,user_005,1,search_monitor
sess_02104,user_005,2,view_monitor
sess_02104,user_005,3,purchase_monitor
sess_02104,user_005,4,purchase_keyboard
sess_02105,user_006,0,create_quotation
sess_02105,user_006,1,add_product
sess_02105,user_006,2,save_quotation
sess_02105,user_006,3,send_quotation
sess_02105,user_006,4,create_order
sess_02106,user_007,0,open_orders
sess_02106,user_007,1,create_order
sess_02106,user_007,2,generate_invoice
sess_02107,user_008,0,open_orders
sess_02107,user_008,1,create_order
sess_02107,user_008,2,generate_invoice
sess_02108,user_009,0,view_customer
sess_02108,user_009,1,view_customer_quotations
sess_02108,user_009,2,create_quotation
sess_02109,user_010,0,view_customer
sess_02109,user_010,1,update_customer
sess_02110,user_011,0,view_laptop
sess_02110,user_011,1,purchase_laptop
sess_02110,user_011,2,purchase_headphones
sess_02111,user_012,0,open_quotations
sess_02111,user_012,1,create_quotation
sess_02111,user_012,2,add_product
sess_02111,user_012,3,set_discount
sess_02111,user_012,4,save_quotation
sess_02111,user_012,5,open_quotations
sess_02112,user_013,0,view_phone
sess_02112,user_013,1,purchase_phone
sess_02112,user_013,2,purchase_phone_case
sess_02113,user_014,0,open_customers
sess_02113,user_014,1,view_customer
sess_02113,user_014,2,view_customer_quotations
sess_02113,user_014,3,create_quotation
sess_02114,user_015,0,login
sess_02114,user_015,1,open_products
sess_02114,user_015,2,search_laptop
sess_02114,user_015,3,view_laptop
sess_02114,user_015,4,purchase_laptop
sess_02114,user_015,5,purchase_headphones
sess_02114,user_015,6,open_purchases
sess_02115,user_016,0,create_quotation
sess_02115,user_016,1,add_product
sess_02115,user_016,2,set_discount
sess_02115,user_016,3,save_quotation
sess_02115,user_016,4,send_quotation
sess_02115,user_016,5,create_order
sess_02116,user_017,0,view_phone
sess_02116,user_017,1,purchase_phone
sess_02116,user_017,2,purchase_phone_case
sess_02116,user_017,3,open_purchases
sess_02117,user_018,0,open_customers
sess_02117,user_018,1,view_customer
sess_02117,user_018,2,view_customer_orders
sess_02118,user_019,0,open_products
sess_02118,user_019,1,search_monitor
sess_02118,user_019,2,view_monitor
sess_02118,user_019,3,purchase_monitor
sess_02118,user_019,4,purchase_mouse
sess_02119,user_020,0,create_quotation
sess_02119,user_020,1,add_product
sess_02119,user_020,2,set_discount
sess_02119,user_020,3,save_quotation
sess_02119,user_020,4,open_quotations
sess_02120,user_021,0,view_customer
sess_02120,user_021,1,view_customer_orders
sess_02121,user_022,0,open_products
sess_02121,user_022,1,search_phone
sess_02121,user_022,2,view_phone
sess_02121,user_022,3,purchase_phone
sess_02121,user_022,4,purchase_warranty
sess_02121,user_022,5,open_purchases
sess_02122,user_023,0,open_orders
sess_02122,user_023,1,create_order
sess_02122,user_023,2,generate_invoice
sess_02122,user_023,3,confirm_payment
sess_02123,user_024,0,open_products
sess_02123,user_024,1,search_laptop
sess_02123,user_024,2,view_laptop
sess_02123,user_024,3,purchase_laptop
sess_02123,user_024,4,purchase_mouse
sess_02123,user_024,5,open_purchases
sess_02124,user_025,0,view_customer
sess_02124,user_025,1,view_customer_quotations
sess_02124,user_025,2,create_quotation
sess_02125,user_026,0,create_quotation
sess_02125,user_026,1,add_product
sess_02125,user_026,2,set_discount
sess_02125,user_026,3,save_quotation
sess_02125,user_026,4,open_quotations
sess_02126,user_027,0,open_quotations
sess_02126,user_027,1,create_quotation
sess_02126,user_027,2,add_product
sess_02126,user_027,3,set_discount
sess_02126,user_027,4,save_quotation
sess_02126,user_027,5,send_quotation
sess_02126,user_027,6,create_order
sess_02127,user_028,0,open_customers
sess_02127,user_028,1,view_customer
sess_02127,user_028,2,view_customer_quotations
sess_02127,user_028,3,create_quotation
sess_02128,user_029,0,view_laptop
sess_02128,user_029,1,purchase_laptop
sess_02128,user_029,2,purchase_headphones
sess_02128,user_029,3,open_purchases
sess_02129,user_030,0,open_quotations
sess_02129,user_030,1,create_quotation
sess_02129,user_030,2,add_product
sess_02129,user_030,3,set_discount
sess_02129,user_030,4,save_quotation
sess_02129,user_030,5,open_quotations
sess_02130,user_031,0,view_monitor
sess_02130,user_031,1,purchase_monitor
sess_02130,user_031,2,purchase_mouse
sess_02131,user_032,0,open_products
sess_02131,user_032,1,search_laptop
sess_02131,user_032,2,view_laptop
sess_02131,user_032,3,purchase_laptop
sess_02131,user_032,4,purchase_laptop_bag
sess_02131,user_032,5,open_purchases
sess_02132,user_033,0,open_products
sess_02132,user_033,1,search_phone
sess_02132,user_033,2,view_phone
sess_02132,user_033,3,purchase_phone
sess_02132,user_033,4,purchase_phone_case
sess_02132,user_033,5,open_purchases
sess_02133,user_034,0,create_quotation
sess_02133,user_034,1,add_product
sess_02133,user_034,2,save_quotation
sess_02133,user_034,3,send_quotation
sess_02133,user_034,4,create_order
sess_02134,user_035,0,view_phone
sess_02134,user_035,1,purchase_phone
sess_02134,user_035,2,purchase_headphones
sess_02134,user_035,3,open_purchases
sess_02135,user_036,0,open_products
sess_02135,user_036,1,search_monitor
sess_02135,user_036,2,view_monitor
sess_02135,user_036,3,purchase_monitor
sess_02135,user_036,4,purchase_keyboard
sess_02136,user_037,0,open_customers
sess_02136,user_037,1,view_customer
sess_02136,user_037,2,view_customer_quotations
sess_02136,user_037,3,create_quotation
sess_02137,user_038,0,open_customers
sess_02137,user_038,1,view_customer
sess_02137,user_038,2,view_customer_orders
sess_02138,user_039,0,view_customer
sess_02138,user_039,1,view_customer_quotations
sess_02139,user_040,0,view_laptop
sess_02139,user_040,1,purchase_laptop
sess_02139,user_040,2,purchase_mouse
sess_02139,user_040,3,open_purchases
sess_02140,user_041,0,open_orders
sess_02140,user_041,1,create_order
sess_02140,user_041,2,assign_delivery
sess_02141,user_042,0,open_products
sess_02141,user_042,1,search_phone
sess_02141,user_042,2,view_phone
sess_02141,user_042,3,purchase_phone
sess_02141,user_042,4,purchase_headphones
sess_02141,user_042,5,open_purchases
sess_02142,user_043,0,view_customer
sess_02142,user_043,1,view_customer_quotations
sess_02142,user_043,2,create_quotation
sess_02143,user_044,0,open_products
sess_02143,user_044,1,search_monitor
sess_02143,user_044,2,view_monitor
sess_02143,user_044,3,purchase_monitor
sess_02143,user_044,4,purchase_keyboard
sess_02144,user_045,0,open_quotations
sess_02144,user_045,1,create_quotation
sess_02144,user_045,2,add_product
sess_02144,user_045,3,save_quotation
sess_02144,user_045,4,send_quotation
sess_02145,user_046,0,view_monitor
sess_02145,user_046,1,purchase_monitor
sess_02145,user_046,2,purchase_mouse
sess_02146,user_047,0,open_products
sess_02146,user_047,1,search_laptop
sess_02146,user_047,2,view_laptop
sess_02146,user_047,3,purchase_laptop
sess_02146,user_047,4,purchase_headphones
sess_02147,user_048,0,open_products
sess_02147,user_048,1,search_laptop
sess_02147,user_048,2,view_laptop
sess_02147,user_048,3,purchase_laptop
sess_02147,user_048,4,purchase_headphones
sess_02147,user_048,5,open_purchases
sess_02148,user_049,0,view_laptop
sess_02148,user_049,1,purchase_laptop
sess_02148,user_049,2,purchase_headphones
sess_02148,user_049,3,open_purchases
sess_02149,user_050,0,view_customer
sess_02149,user_050,1,view_customer_quotations
sess_02149,user_050,2,create_quotation
sess_02150,user_051,0,open_products
sess_02150,user_051,1,search_monitor
sess_02150,user_051,2,view_monitor
sess_02150,user_051,3,purchase_monitor
sess_02150,user_051,4,purchase_mouse
sess_02151,user_052,0,login
sess_02151,user_052,1,open_products
sess_02151,user_052,2,search_phone
sess_02151,user_052,3,view_phone
sess_02151,user_052,4,purchase_phone
sess_02151,user_052,5,purchase_phone_case
sess_02151,user_052,6,open_purchases
sess_02152,user_053,0,view_customer
sess_02152,user_053,1,view_customer_quotations
sess_02153,user_054,0,open_products
sess_02153,user_054,1,search_monitor
sess_02153,user_054,2,view_monitor
sess_02153,user_054,3,purchase_monitor
sess_02153,user_054,4,purchase_headphones
sess_02154,user_055,0,create_quotation
sess_02154,user_055,1,add_product
sess_02154,user_055,2,set_discount
sess_02154,user_055,3,save_quotation
sess_02154,user_055,4,send_quotation
sess_02154,user_055,5,create_order
sess_02155,user_056,0,open_customers
sess_02155,user_056,1,view_customer
sess_02155,user_056,2,view_customer_orders
sess_02156,user_057,0,open_products
sess_02156,user_057,1,search_phone
sess_02156,user_057,2,view_phone
sess_02156,user_057,3,purchase_phone
sess_02156,user_057,4,purchase_phone_case
sess_02156,user_057,5,open_purchases
sess_02157,user_058,0,open_products
sess_02157,user_058,1,search_phone
sess_02157,user_058,2,view_phone
sess_02157,user_058,3,purchase_phone
sess_02157,user_058,4,purchase_phone_case
sess_02157,user_058,5,open_purchases
sess_02158,user_059,0,create_quotation
sess_02158,user_059,1,add_product
sess_02158,user_059,2,set_discount
sess_02158,user_059,3,save_quotation
sess_02158,user_059,4,send_quotation
sess_02159,user_060,0,view_customer
sess_02159,user_060,1,view_customer_orders
sess_02160,user_061,0,open_products
sess_02160,user_061,1,search_laptop
sess_02160,user_061,2,view_laptop
sess_02160,user_061,3,purchase_laptop
sess_02160,user_061,4,purchase_headphones
sess_02161,user_062,0,view_phone
sess_02161,user_062,1,purchase_phone
sess_02161,user_062,2,purchase_phone_case
sess_02161,user_062,3,open_purchases
sess_02162,user_063,0,open_products
sess_02162,user_063,1,search_laptop
sess_02162,user_063,2,view_laptop
sess_02162,user_063,3,purchase_laptop
sess_02162,user_063,4,purchase_mouse
sess_02162,user_063,5,open_purchases
sess_02163,user_064,0,view_laptop
sess_02163,user_064,1,purchase_laptop
sess_02163,user_064,2,purchase_laptop_bag
sess_02163,user_064,3,open_purchases
sess_02164,user_065,0,open_products
sess_02164,user_065,1,search_phone
sess_02164,user_065,2,view_phone
sess_02164,user_065,3,purchase_phone
sess_02164,user_065,4,purchase_phone_case
sess_02165,user_066,0,create_order
sess_02165,user_066,1,generate_invoice
sess_02165,user_066,2,confirm_payment
sess_02166,user_067,0,open_products
sess_02166,user_067,1,search_laptop
sess_02166,user_067,2,view_laptop
sess_02166,user_067,3,purchase_laptop
sess_02166,user_067,4,purchase_headphones
sess_02166,user_067,5,open_purchases
sess_02167,user_068,0,create_quotation
sess_02167,user_068,1,add_product
sess_02167,user_068,2,set_discount
sess_02167,user_068,3,save_quotation
sess_02167,user_068,4,send_quotation
sess_02167,user_068,5,create_order
sess_02168,user_069,0,open_customers
sess_02168,user_069,1,view_customer
sess_02168,user_069,2,update_customer
sess_02169,user_070,0,view_phone
sess_02169,user_070,1,purchase_phone
sess_02169,user_070,2,purchase_phone_case
sess_02169,user_070,3,open_purchases
sess_02170,user_071,0,view_phone
sess_02170,user_071,1,purchase_phone
sess_02170,user_071,2,purchase_headphones
sess_02170,user_071,3,open_purchases
sess_02171,user_072,0,open_quotations
sess_02171,user_072,1,create_quotation
sess_02171,user_072,2,add_product
sess_02171,user_072,3,set_discount
sess_02171,user_072,4,save_quotation
sess_02171,user_072,5,send_quotation
sess_02171,user_072,6,create_order
sess_02172,user_073,0,view_laptop
sess_02172,user_073,1,purchase_laptop
sess_02172,user_073,2,purchase_headphones
sess_02173,user_074,0,create_order
sess_02173,user_074,1,generate_invoice
sess_02173,user_074,2,confirm_payment
sess_02174,user_075,0,open_products
sess_02174,user_075,1,search_laptop
sess_02174,user_075,2,view_laptop
sess_02174,user_075,3,purchase_laptop
sess_02174,user_075,4,purchase_headphones
sess_02175,user_076,0,view_laptop
sess_02175,user_076,1,purchase_laptop
sess_02175,user_076,2,purchase_headphones
sess_02175,user_076,3,open_purchases
sess_02176,user_077,0,view_phone
sess_02176,user_077,1,purchase_phone
sess_02176,user_077,2,purchase_phone_case
sess_02177,user_078,0,open_products
sess_02177,user_078,1,search_laptop
sess_02177,user_078,2,view_laptop
sess_02177,user_078,3,purchase_laptop
sess_02177,user_078,4,purchase_warranty
sess_02177,user_078,5,open_purchases
sess_02178,user_079,0,open_products
sess_02178,user_079,1,search_monitor
sess_02178,user_079,2,view_monitor
sess_02178,user_079,3,purchase_monitor
sess_02178,user_079,4,purchase_keyboard
sess_02179,user_080,0,login
sess_02179,user_080,1,open_products
sess_02179,user_080,2,search_phone
sess_02179,user_080,3,view_phone
sess_02179,user_080,4,purchase_phone
sess_02179,user_080,5,purchase_phone_case
sess_02179,user_080,6,open_purchases
sess_02180,user_081,0,open_quotations
sess_02180,user_081,1,create_quotation
sess_02180,user_081,2,add_product
sess_02180,user_081,3,save_quotation
sess_02180,user_081,4,send_quotation
sess_02181,user_082,0,create_quotation
sess_02181,user_082,1,add_product
sess_02181,user_082,2,set_discount
sess_02181,user_082,3,save_quotation
sess_02181,user_082,4,send_quotation
sess_02181,user_082,5,create_order
sess_02182,user_083,0,view_monitor
sess_02182,user_083,1,purchase_monitor
sess_02182,user_083,2,purchase_mouse
sess_02183,user_084,0,open_products
sess_02183,user_084,1,search_laptop
sess_02183,user_084,2,view_laptop
sess_02183,user_084,3,purchase_laptop
sess_02183,user_084,4,purchase_headphones
sess_02183,user_084,5,open_purchases
sess_02184,user_085,0,view_monitor
sess_02184,user_085,1,purchase_monitor
sess_02184,user_085,2,purchase_keyboard
sess_02185,user_086,0,view_customer
sess_02185,user_086,1,view_customer_quotations
sess_02185,user_086,2,create_quotation
sess_02186,user_087,0,create_quotation
sess_02186,user_087,1,add_product
sess_02186,user_087,2,save_quotation
sess_02186,user_087,3,open_quotations
sess_02187,user_088,0,open_quotations
sess_02187,user_088,1,create_quotation
sess_02187,user_088,2,add_product
sess_02187,user_088,3,set_discount
sess_02187,user_088,4,save_quotation
sess_02187,user_088,5,send_quotation
sess_02187,user_088,6,create_order
sess_02188,user_089,0,login
sess_02188,user_089,1,open_products
sess_02188,user_089,2,search_phone
sess_02188,user_089,3,view_phone
sess_02188,user_089,4,purchase_phone
sess_02188,user_089,5,purchase_phone_case
sess_02188,user_089,6,open_purchases
sess_02189,user_090,0,open_products
sess_02189,user_090,1,search_monitor
sess_02189,user_090,2,view_monitor
sess_02189,user_090,3,purchase_monitor
sess_02189,user_090,4,purchase_keyboard
sess_02190,user_091,0,open_products
sess_02190,user_091,1,search_phone
sess_02190,user_091,2,view_phone
sess_02190,user_091,3,purchase_phone
sess_02190,user_091,4,purchase_phone_case
sess_02190,user_091,5,open_purchases
sess_02191,user_092,0,open_products
sess_02191,user_092,1,search_laptop
sess_02191,user_092,2,view_laptop
sess_02191,user_092,3,purchase_laptop
sess_02191,user_092,4,purchase_headphones
sess_02192,user_093,0,open_customers
sess_02192,user_093,1,view_customer
sess_02192,user_093,2,view_customer_orders
sess_02193,user_094,0,create_quotation
sess_02193,user_094,1,add_product
sess_02193,user_094,2,set_discount
sess_02193,user_094,3,save_quotation
sess_02193,user_094,4,send_quotation
sess_02193,user_094,5,create_order
sess_02194,user_095,0,view_phone
sess_02194,user_095,1,purchase_phone
sess_02194,user_095,2,purchase_headphones
sess_02195,user_096,0,open_products
sess_02195,user_096,1,search_phone
sess_02195,user_096,2,view_phone
sess_02195,user_096,3,purchase_phone
sess_02195,user_096,4,purchase_warranty
sess_02195,user_096,5,open_purchases
sess_02196,user_097,0,open_products
sess_02196,user_097,1,search_laptop
sess_02196,user_097,2,view_laptop
sess_02196,user_097,3,purchase_laptop
sess_02196,user_097,4,purchase_headphones
sess_02197,user_098,0,view_customer
sess_02197,user_098,1,view_customer_quotations
sess_02198,user_099,0,open_orders
sess_02198,user_099,1,create_order
sess_02198,user_099,2,assign_delivery
sess_02199,user_100,0,login
sess_02199,user_100,1,open_products
sess_02199,user_100,2,search_laptop
sess_02199,user_100,3,view_laptop
sess_02199,user_100,4,purchase_laptop
sess_02199,user_100,5,purchase_mouse
sess_02199,user_100,6,open_purchases
sess_02200,user_101,0,login
sess_02200,user_101,1,open_products
sess_02200,user_101,2,search_laptop
sess_02200,user_101,3,view_laptop
sess_02200,user_101,4,purchase_laptop
sess_02200,user_101,5,purchase_headphones
sess_02201,user_102,0,open_products
sess_02201,user_102,1,search_monitor
sess_02201,user_102,2,view_monitor
sess_02201,user_102,3,purchase_monitor
sess_02201,user_102,4,purchase_keyboard
sess_02202,user_103,0,create_quotation
sess_02202,user_103,1,add_product
sess_02202,user_103,2,set_discount
sess_02202,user_103,3,save_quotation
sess_02202,user_103,4,send_quotation
sess_02203,user_104,0,open_quotations
sess_02203,user_104,1,create_quotation
sess_02203,user_104,2,add_product
sess_02203,user_104,3,set_discount
sess_02203,user_104,4,save_quotation
sess_02203,user_104,5,open_quotations
sess_02204,user_105,0,open_products
sess_02204,user_105,1,search_laptop
sess_02204,user_105,2,view_laptop
sess_02204,user_105,3,purchase_laptop
sess_02204,user_105,4,purchase_headphones
sess_02204,user_105,5,open_purchases
sess_02205,user_106,0,open_products
sess_02205,user_106,1,search_monitor
sess_02205,user_106,2,view_monitor
sess_02205,user_106,3,purchase_monitor
sess_02205,user_106,4,purchase_mouse
sess_02206,user_107,0,open_orders
sess_02206,user_107,1,create_order
sess_02206,user_107,2,generate_invoice
sess_02206,user_107,3,confirm_payment
sess_02207,user_108,0,open_products
sess_02207,user_108,1,search_laptop
sess_02207,user_108,2,view_laptop
sess_02207,user_108,3,purchase_laptop
sess_02207,user_108,4,purchase_headphones
sess_02207,user_108,5,open_purchases
sess_02208,user_109,0,view_laptop
sess_02208,user_109,1,purchase_laptop
sess_02208,user_109,2,purchase_headphones
sess_02208,user_109,3,open_purchases
sess_02209,user_110,0,create_quotation
sess_02209,user_110,1,add_product
sess_02209,user_110,2,save_quotation
sess_02209,user_110,3,send_quotation
sess_02209,user_110,4,create_order
sess_02210,user_111,0,create_order
sess_02210,user_111,1,generate_invoice
sess_02210,user_111,2,confirm_payment
sess_02211,user_112,0,open_products
sess_02211,user_112,1,search_laptop
sess_02211,user_112,2,view_laptop
sess_02211,user_112,3,purchase_laptop
sess_02211,user_112,4,purchase_headphones
sess_02211,user_112,5,open_purchases
sess_02212,user_113,0,view_phone
sess_02212,user_113,1,purchase_phone
sess_02212,user_113,2,purchase_phone_case
sess_02212,user_113,3,open_purchases
sess_02213,user_114,0,open_customers
sess_02213,user_114,1,view_customer
sess_02213,user_114,2,view_customer_quotations
sess_02213,user_114,3,create_quotation
sess_02214,user_115,0,view_laptop
sess_02214,user_115,1,purchase_laptop
sess_02214,user_115,2,purchase_mouse
sess_02214,user_115,3,open_purchases
sess_02215,user_116,0,login
sess_02215,user_116,1,open_products
sess_02215,user_116,2,search_phone
sess_02215,user_116,3,view_phone
sess_02215,user_116,4,purchase_phone
sess_02215,user_116,5,purchase_phone_case
sess_02215,user_116,6,open_purchases
sess_02216,user_117,0,view_laptop
sess_02216,user_117,1,purchase_laptop
sess_02216,user_117,2,purchase_headphones
sess_02217,user_118,0,open_orders
sess_02217,user_118,1,create_order
sess_02217,user_118,2,generate_invoice
sess_02217,user_118,3,confirm_payment
sess_02218,user_119,0,login
sess_02218,user_119,1,open_products
sess_02218,user_119,2,search_laptop
sess_02218,user_119,3,view_laptop
sess_02218,user_119,4,purchase_laptop
sess_02218,user_119,5,purchase_headphones
sess_02218,user_119,6,open_purchases
sess_02219,user_120,0,view_laptop
sess_02219,user_120,1,purchase_laptop
sess_02219,user_120,2,purchase_laptop_bag
sess_02219,user_120,3,open_purchases
sess_02220,user_121,0,open_products
sess_02220,user_121,1,search_laptop
sess_02220,user_121,2,view_laptop
sess_02220,user_121,3,purchase_laptop
sess_02220,user_121,4,purchase_headphones
sess_02221,user_122,0,open_orders
sess_02221,user_122,1,create_order
sess_02221,user_122,2,generate_invoice
sess_02222,user_123,0,view_phone
sess_02222,user_123,1,purchase_phone
sess_02222,user_123,2,purchase_headphones
sess_02222,user_123,3,open_purchases
sess_02223,user_124,0,open_products
sess_02223,user_124,1,search_monitor
sess_02223,user_124,2,view_monitor
sess_02223,user_124,3,purchase_monitor
sess_02223,user_124,4,purchase_keyboard
sess_02224,user_125,0,login
sess_02224,user_125,1,open_products
sess_02224,user_125,2,search_laptop
sess_02224,user_125,3,view_laptop
sess_02224,user_125,4,purchase_laptop
sess_02224,user_125,5,purchase_headphones
sess_02224,user_125,6,open_purchases
sess_02225,user_126,0,view_monitor
sess_02225,user_126,1,purchase_monitor
sess_02225,user_126,2,purchase_keyboard
sess_02226,user_127,0,create_quotation
sess_02226,user_127,1,add_product
sess_02226,user_127,2,set_discount
sess_02226,user_127,3,save_quotation
sess_02226,user_127,4,open_quotations
sess_02227,user_128,0,login
sess_02227,user_128,1,open_products
sess_02227,user_128,2,search_phone
sess_02227,user_128,3,view_phone
sess_02227,user_128,4,purchase_phone
sess_02227,user_128,5,purchase_phone_case
sess_02227,user_128,6,open_purchases
sess_02228,user_129,0,view_phone
sess_02228,user_129,1,purchase_phone
sess_02228,user_129,2,purchase_phone_case
sess_02228,user_129,3,open_purchases
sess_02229,user_130,0,open_products
sess_02229,user_130,1,search_laptop
sess_02229,user_130,2,view_laptop
sess_02229,user_130,3,purchase_laptop
sess_02229,user_130,4,purchase_headphones
sess_02229,user_130,5,open_purchases
sess_02230,user_131,0,view_phone
sess_02230,user_131,1,purchase_phone
sess_02230,user_131,2,purchase_warranty
sess_02230,user_131,3,open_purchases
sess_02231,user_132,0,open_products
sess_02231,user_132,1,search_laptop
sess_02231,user_132,2,view_laptop
sess_02231,user_132,3,purchase_laptop
sess_02231,user_132,4,purchase_headphones
sess_02232,user_133,0,open_products
sess_02232,user_133,1,search_phone
sess_02232,user_133,2,view_phone
sess_02232,user_133,3,purchase_phone
sess_02232,user_133,4,purchase_phone_case
sess_02232,user_133,5,open_purchases
sess_02233,user_134,0,open_quotations
sess_02233,user_134,1,create_quotation
sess_02233,user_134,2,add_product
sess_02233,user_134,3,set_discount
sess_02233,user_134,4,save_quotation
sess_02233,user_134,5,send_quotation
sess_02233,user_134,6,create_order
sess_02234,user_135,0,login
sess_02234,user_135,1,open_products
sess_02234,user_135,2,search_phone
sess_02234,user_135,3,view_phone
sess_02234,user_135,4,purchase_phone
sess_02234,user_135,5,purchase_phone_case
sess_02234,user_135,6,open_purchases
sess_02235,user_136,0,view_monitor
sess_02235,user_136,1,purchase_monitor
sess_02235,user_136,2,purchase_keyboard
sess_02236,user_137,0,login
sess_02236,user_137,1,open_products
sess_02236,user_137,2,search_laptop
sess_02236,user_137,3,view_laptop
sess_02236,user_137,4,purchase_laptop
sess_02236,user_137,5,purchase_laptop_bag
sess_02236,user_137,6,open_purchases
sess_02237,user_138,0,open_customers
sess_02237,user_138,1,view_customer
sess_02237,user_138,2,view_customer_orders
sess_02238,user_139,0,open_products
sess_02238,user_139,1,search_phone
sess_02238,user_139,2,view_phone
sess_02238,user_139,3,purchase_phone
sess_02238,user_139,4,purchase_phone_case
sess_02239,user_140,0,view_phone
sess_02239,user_140,1,purchase_phone
sess_02239,user_140,2,purchase_phone_case
sess_02239,user_140,3,open_purchases
sess_02240,user_141,0,open_products
sess_02240,user_141,1,search_phone
sess_02240,user_141,2,view_phone
sess_02240,user_141,3,purchase_phone
sess_02240,user_141,4,purchase_phone_case
sess_02240,user_141,5,open_purchases
sess_02241,user_142,0,create_quotation
sess_02241,user_142,1,add_product
sess_02241,user_142,2,save_quotation
sess_02241,user_142,3,open_quotations
sess_02242,user_143,0,view_phone
sess_02242,user_143,1,purchase_phone
sess_02242,user_143,2,purchase_warranty
sess_02243,user_144,0,view_laptop
sess_02243,user_144,1,purchase_laptop
sess_02243,user_144,2,purchase_headphones
sess_02244,user_145,0,open_quotations
sess_02244,user_145,1,create_quotation
sess_02244,user_145,2,add_product
sess_02244,user_145,3,save_quotation
sess_02244,user_145,4,send_quotation
sess_02244,user_145,5,create_order
sess_02245,user_146,0,view_phone
sess_02245,user_146,1,purchase_phone
sess_02245,user_146,2,purchase_headphones
sess_02245,user_146,3,open_purchases
sess_02246,user_147,0,view_customer
sess_02246,user_147,1,view_customer_quotations
sess_02246,user_147,2,create_quotation
sess_02247,user_148,0,open_products
sess_02247,user_148,1,search_monitor
sess_02247,user_148,2,view_monitor
sess_02247,user_148,3,purchase_monitor
sess_02247,user_148,4,purchase_keyboard
sess_02248,user_149,0,open_products
sess_02248,user_149,1,search_laptop
sess_02248,user_149,2,view_laptop
sess_02248,user_149,3,purchase_laptop
sess_02248,user_149,4,purchase_headphones
sess_02248,user_149,5,open_purchases
sess_02249,user_150,0,open_products
sess_02249,user_150,1,search_phone
sess_02249,user_150,2,view_phone
sess_02249,user_150,3,purchase_phone
sess_02249,user_150,4,purchase_phone_case
sess_02250,user_001,0,login
sess_02250,user_001,1,open_products
sess_02250,user_001,2,search_phone
sess_02250,user_001,3,view_phone
sess_02250,user_001,4,purchase_phone
sess_02250,user_001,5,purchase_warranty
sess_02251,user_002,0,view_laptop
sess_02251,user_002,1,purchase_laptop
sess_02251,user_002,2,purchase_laptop_bag
sess_02251,user_002,3,open_purchases
sess_02252,user_003,0,login
sess_02252,user_003,1,open_products
sess_02252,user_003,2,search_phone
sess_02252,user_003,3,view_phone
sess_02252,user_003,4,purchase_phone
sess_02252,user_003,5,purchase_phone_case
sess_02252,user_003,6,open_purchases
sess_02253,user_004,0,open_products
sess_02253,user_004,1,search_laptop
sess_02253,user_004,2,view_laptop
sess_02253,user_004,3,purchase_laptop
sess_02253,user_004,4,purchase_headphones
sess_02254,user_005,0,create_quotation
sess_02254,user_005,1,add_product
sess_02254,user_005,2,save_quotation
sess_02254,user_005,3,send_quotation
sess_02254,user_005,4,create_order
sess_02255,user_006,0,view_laptop
sess_02255,user_006,1,purchase_laptop
sess_02255,user_006,2,purchase_mouse
sess_02256,user_007,0,view_phone
sess_02256,user_007,1,purchase_phone
sess_02256,user_007,2,purchase_phone_case
sess_02256,user_007,3,open_purchases
sess_02257,user_008,0,login
sess_02257,user_008,1,open_products
sess_02257,user_008,2,search_laptop
sess_02257,user_008,3,view_laptop
sess_02257,user_008,4,purchase_laptop
sess_02257,user_008,5,purchase_mouse
sess_02258,user_009,0,open_products
sess_02258,user_009,1,search_laptop
sess_02258,user_009,2,view_laptop
sess_02258,user_009,3,purchase_laptop
sess_02258,user_009,4,purchase_warranty
sess_02258,user_009,5,open_purchases
sess_02259,user_010,0,open_products
sess_02259,user_010,1,search_laptop
sess_02259,user_010,2,view_laptop
sess_02259,user_010,3,purchase_laptop
sess_02259,user_010,4,purchase_mouse
sess_02259,user_010,5,open_purchases
sess_02260,user_011,0,open_products
sess_02260,user_011,1,search_laptop
sess_02260,user_011,2,view_laptop
sess_02260,user_011,3,purchase_laptop
sess_02260,user_011,4,purchase_headphones
sess_02260,user_011,5,open_purchases
sess_02261,user_012,0,view_customer
sess_02261,user_012,1,view_customer_quotations
sess_02261,user_012,2,create_quotation
sess_02262,user_013,0,login
sess_02262,user_013,1,open_products
sess_02262,user_013,2,search_laptop
sess_02262,user_013,3,view_laptop
sess_02262,user_013,4,purchase_laptop
sess_02262,user_013,5,purchase_headphones
sess_02262,user_013,6,open_purchases
sess_02263,user_014,0,create_order
sess_02263,user_014,1,generate_invoice
sess_02263,user_014,2,confirm_payment
sess_02264,user_015,0,open_products
sess_02264,user_015,1,search_laptop
sess_02264,user_015,2,view_laptop
sess_02264,user_015,3,purchase_laptop
sess_02264,user_015,4,purchase_headphones
sess_02264,user_015,5,open_purchases
sess_02265,user_016,0,view_customer
sess_02265,user_016,1,view_customer_quotations
sess_02266,user_017,0,open_quotations
sess_02266,user_017,1,create_quotation
sess_02266,user_017,2,add_product
sess_02266,user_017,3,save_quotation
sess_02266,user_017,4,send_quotation
sess_02266,user_017,5,create_order
sess_02267,user_018,0,open_quotations
sess_02267,user_018,1,create_quotation
sess_02267,user_018,2,add_product
sess_02267,user_018,3,set_discount
sess_02267,user_018,4,save_quotation
sess_02267,user_018,5,open_quotations
sess_02268,user_019,0,open_products
sess_02268,user_019,1,search_laptop
sess_02268,user_019,2,view_laptop
sess_02268,user_019,3,purchase_laptop
sess_02268,user_019,4,purchase_headphones
sess_02268,user_019,5,open_purchases
sess_02269,user_020,0,open_products
sess_02269,user_020,1,search_monitor
sess_02269,user_020,2,view_monitor
sess_02269,user_020,3,purchase_monitor
sess_02269,user_020,4,purchase_keyboard
sess_02270,user_021,0,view_laptop
sess_02270,user_021,1,purchase_laptop
sess_02270,user_021,2,purchase_headphones
sess_02270,user_021,3,open_purchases
sess_02271,user_022,0,view_phone
sess_02271,user_022,1,purchase_phone
sess_02271,user_022,2,purchase_phone_case
sess_02271,user_022,3,open_purchases
sess_02272,user_023,0,create_quotation
sess_02272,user_023,1,add_product
sess_02272,user_023,2,save_quotation
sess_02272,user_023,3,send_quotation
sess_02272,user_023,4,create_order
sess_02273,user_024,0,open_products
sess_02273,user_024,1,search_laptop
sess_02273,user_024,2,view_laptop
sess_02273,user_024,3,purchase_laptop
sess_02273,user_024,4,purchase_headphones
sess_02273,user_024,5,open_purchases
sess_02274,user_025,0,view_laptop
sess_02274,user_025,1,purchase_laptop
sess_02274,user_025,2,purchase_headphones
sess_02274,user_025,3,open_purchases
sess_02275,user_026,0,create_quotation
sess_02275,user_026,1,add_product
sess_02275,user_026,2,set_discount
sess_02275,user_026,3,save_quotation
sess_02275,user_026,4,send_quotation
sess_02276,user_027,0,open_products
sess_02276,user_027,1,search_phone
sess_02276,user_027,2,view_phone
sess_02276,user_027,3,purchase_phone
sess_02276,user_027,4,purchase_phone_case
sess_02277,user_028,0,view_laptop
sess_02277,user_028,1,purchase_laptop
sess_02277,user_028,2,purchase_headphones
sess_02277,user_028,3,open_purchases
sess_02278,user_029,0,open_customers
sess_02278,user_029,1,view_customer
sess_02278,user_029,2,view_customer_quotations
sess_02278,user_029,3,create_quotation
sess_02279,user_030,0,view_laptop
sess_02279,user_030,1,purchase_laptop
sess_02279,user_030,2,purchase_headphones
sess_02279,user_030,3,open_purchases
sess_02280,user_031,0,open_products
sess_02280,user_031,1,search_phone
sess_02280,user_031,2,view_phone
sess_02280,user_031,3,purchase_phone
sess_02280,user_031,4,purchase_phone_case
sess_02280,user_031,5,open_purchases
sess_02281,user_032,0,create_quotation
sess_02281,user_032,1,add_product
sess_02281,user_032,2,set_discount
sess_02281,user_032,3,save_quotation
sess_02281,user_032,4,open_quotations
sess_02282,user_033,0,open_products
sess_02282,user_033,1,search_monitor
sess_02282,user_033,2,view_monitor
sess_02282,user_033,3,purchase_monitor
sess_02282,user_033,4,purchase_keyboard
sess_02283,user_034,0,view_laptop
sess_02283,user_034,1,purchase_laptop
sess_02283,user_034,2,purchase_warranty
sess_02284,user_035,0,open_products
sess_02284,user_035,1,search_monitor
sess_02284,user_035,2,view_monitor
sess_02284,user_035,3,purchase_monitor
sess_02284,user_035,4,purchase_keyboard
sess_02285,user_036,0,open_products
sess_02285,user_036,1,search_laptop
sess_02285,user_036,2,view_laptop
sess_02285,user_036,3,purchase_laptop
sess_02285,user_036,4,purchase_mouse
sess_02285,user_036,5,open_purchases
sess_02286,user_037,0,create_quotation
sess_02286,user_037,1,add_product
sess_02286,user_037,2,set_discount
sess_02286,user_037,3,save_quotation
sess_02286,user_037,4,send_quotation
sess_02286,user_037,5,create_order
sess_02287,user_038,0,open_products
sess_02287,user_038,1,search_laptop
sess_02287,user_038,2,view_laptop
sess_02287,user_038,3,purchase_laptop
sess_02287,user_038,4,purchase_mouse
sess_02288,user_039,0,create_quotation
sess_02288,user_039,1,add_product
sess_02288,user_039,2,save_quotation
sess_02288,user_039,3,send_quotation
sess_02288,user_039,4,create_order
sess_02289,user_040,0,create_quotation
sess_02289,user_040,1,add_product
sess_02289,user_040,2,set_discount
sess_02289,user_040,3,save_quotation
sess_02289,user_040,4,open_quotations
sess_02290,user_041,0,view_customer
sess_02290,user_041,1,view_customer_quotations
sess_02290,user_041,2,create_quotation
sess_02291,user_042,0,login
sess_02291,user_042,1,open_products
sess_02291,user_042,2,search_laptop
sess_02291,user_042,3,view_laptop
sess_02291,user_042,4,purchase_laptop
sess_02291,user_042,5,purchase_headphones
sess_02292,user_043,0,view_laptop
sess_02292,user_043,1,purchase_laptop
sess_02292,user_043,2,purchase_warranty
sess_02293,user_044,0,create_quotation
sess_02293,user_044,1,add_product
sess_02293,user_044,2,set_discount
sess_02293,user_044,3,save_quotation
sess_02293,user_044,4,open_quotations
sess_02294,user_045,0,open_products
sess_02294,user_045,1,search_monitor
sess_02294,user_045,2,view_monitor
sess_02294,user_045,3,purchase_monitor
sess_02294,user_045,4,purchase_mouse
sess_02295,user_046,0,open_customers
sess_02295,user_046,1,view_customer
sess_02295,user_046,2,view_customer_quotations
sess_02296,user_047,0,open_products
sess_02296,user_047,1,search_phone
sess_02296,user_047,2,view_phone
sess_02296,user_047,3,purchase_phone
sess_02296,user_047,4,purchase_phone_case
sess_02296,user_047,5,open_purchases
sess_02297,user_048,0,open_products
sess_02297,user_048,1,search_monitor
sess_02297,user_048,2,view_monitor
sess_02297,user_048,3,purchase_monitor
sess_02297,user_048,4,purchase_keyboard
sess_02298,user_049,0,create_order
sess_02298,user_049,1,generate_invoice
sess_02299,user_050,0,view_phone
sess_02299,user_050,1,purchase_phone
sess_02299,user_050,2,purchase_phone_case
sess_02300,user_051,0,create_quotation
sess_02300,user_051,1,add_product
sess_02300,user_051,2,set_discount
sess_02300,user_051,3,save_quotation
sess_02300,user_051,4,send_quotation
sess_02301,user_052,0,open_products
sess_02301,user_052,1,search_laptop
sess_02301,user_052,2,view_laptop
sess_02301,user_052,3,purchase_laptop
sess_02301,user_052,4,purchase_headphones
sess_02301,user_052,5,open_purchases
sess_02302,user_053,0,open_products
sess_02302,user_053,1,search_laptop
sess_02302,user_053,2,view_laptop
sess_02302,user_053,3,purchase_laptop
sess_02302,user_053,4,purchase_headphones
sess_02302,user_053,5,open_purchases
sess_02303,user_054,0,open_products
sess_02303,user_054,1,search_laptop
sess_02303,user_054,2,view_laptop
sess_02303,user_054,3,purchase_laptop
sess_02303,user_054,4,purchase_headphones
sess_02303,user_054,5,open_purchases
sess_02304,user_055,0,view_customer
sess_02304,user_055,1,view_customer_orders
sess_02305,user_056,0,open_products
sess_02305,user_056,1,search_laptop
sess_02305,user_056,2,view_laptop
sess_02305,user_056,3,purchase_laptop
sess_02305,user_056,4,purchase_headphones
sess_02306,user_057,0,view_laptop
sess_02306,user_057,1,purchase_laptop
sess_02306,user_057,2,purchase_headphones
sess_02306,user_057,3,open_purchases
sess_02307,user_058,0,view_phone
sess_02307,user_058,1,purchase_phone
sess_02307,user_058,2,purchase_phone_case
sess_02308,user_059,0,open_products
sess_02308,user_059,1,search_laptop
sess_02308,user_059,2,view_laptop
sess_02308,user_059,3,purchase_laptop
sess_02308,user_059,4,purchase_headphones
sess_02308,user_059,5,open_purchases
sess_02309,user_060,0,view_monitor
sess_02309,user_060,1,purchase_monitor
sess_02309,user_060,2,purchase_keyboard
sess_02310,user_061,0,view_monitor
sess_02310,user_061,1,purchase_monitor
sess_02310,user_061,2,purchase_keyboard
sess_02311,user_062,0,view_laptop
sess_02311,user_062,1,purchase_laptop
sess_02311,user_062,2,purchase_headphones
sess_02311,user_062,3,open_purchases
sess_02312,user_063,0,create_quotation
sess_02312,user_063,1,add_product
sess_02312,user_063,2,set_discount
sess_02312,user_063,3,save_quotation
sess_02312,user_063,4,open_quotations
sess_02313,user_064,0,open_products
sess_02313,user_064,1,search_phone
sess_02313,user_064,2,view_phone
sess_02313,user_064,3,purchase_phone
sess_02313,user_064,4,purchase_phone_case
sess_02313,user_064,5,open_purchases
sess_02314,user_065,0,create_order
sess_02314,user_065,1,generate_invoice
sess_02314,user_065,2,confirm_payment
sess_02315,user_066,0,open_products
sess_02315,user_066,1,search_phone
sess_02315,user_066,2,view_phone
sess_02315,user_066,3,purchase_phone
sess_02315,user_066,4,purchase_phone_case
sess_02315,user_066,5,open_purchases
sess_02316,user_067,0,open_orders
sess_02316,user_067,1,create_order
sess_02316,user_067,2,generate_invoice
sess_02316,user_067,3,confirm_payment
sess_02317,user_068,0,open_products
sess_02317,user_068,1,search_phone
sess_02317,user_068,2,view_phone
sess_02317,user_068,3,purchase_phone
sess_02317,user_068,4,purchase_phone_case
sess_02317,user_068,5,open_purchases
sess_02318,user_069,0,view_monitor
sess_02318,user_069,1,purchase_monitor
sess_02318,user_069,2,purchase_keyboard
sess_02319,user_070,0,open_quotations
sess_02319,user_070,1,create_quotation
sess_02319,user_070,2,add_product
sess_02319,user_070,3,set_discount
sess_02319,user_070,4,save_quotation
sess_02319,user_070,5,send_quotation
sess_02320,user_071,0,open_customers
sess_02320,user_071,1,view_customer
sess_02320,user_071,2,view_customer_quotations
sess_02320,user_071,3,create_quotation
sess_02321,user_072,0,view_customer
sess_02321,user_072,1,view_customer_quotations
sess_02321,user_072,2,create_quotation
sess_02322,user_073,0,open_products
sess_02322,user_073,1,search_phone
sess_02322,user_073,2,view_phone
sess_02322,user_073,3,purchase_phone
sess_02322,user_073,4,purchase_phone_case
sess_02322,user_073,5,open_purchases
sess_02323,user_074,0,create_quotation
sess_02323,user_074,1,add_product
sess_02323,user_074,2,save_quotation
sess_02323,user_074,3,send_quotation
sess_02323,user_074,4,create_order
sess_02324,user_075,0,view_laptop
sess_02324,user_075,1,purchase_laptop
sess_02324,user_075,2,purchase_headphones
sess_02324,user_075,3,open_purchases
sess_02325,user_076,0,open_customers
sess_02325,user_076,1,view_customer
sess_02325,user_076,2,view_customer_quotations
sess_02326,user_077,0,open_products
sess_02326,user_077,1,search_laptop
sess_02326,user_077,2,view_laptop
sess_02326,user_077,3,purchase_laptop
sess_02326,user_077,4,purchase_mouse
sess_02326,user_077,5,open_purchases
sess_02327,user_078,0,view_laptop
sess_02327,user_078,1,purchase_laptop
sess_02327,user_078,2,purchase_headphones
sess_02327,user_078,3,open_purchases
sess_02328,user_079,0,view_phone
sess_02328,user_079,1,purchase_phone
sess_02328,user_079,2,purchase_phone_case
sess_02328,user_079,3,open_purchases
sess_02329,user_080,0,login
sess_02329,user_080,1,open_products
sess_02329,user_080,2,search_phone
sess_02329,user_080,3,view_phone
sess_02329,user_080,4,purchase_phone
sess_02329,user_080,5,purchase_headphones
sess_02329,user_080,6,open_purchases
sess_02330,user_081,0,view_customer
sess_02330,user_081,1,view_customer_orders
sess_02331,user_082,0,open_products
sess_02331,user_082,1,search_monitor
sess_02331,user_082,2,view_monitor
sess_02331,user_082,3,purchase_monitor
sess_02331,user_082,4,purchase_mouse
sess_02332,user_083,0,view_laptop
sess_02332,user_083,1,purchase_laptop
sess_02332,user_083,2,purchase_headphones
sess_02333,user_084,0,open_products
sess_02333,user_084,1,search_monitor
sess_02333,user_084,2,view_monitor
sess_02333,user_084,3,purchase_monitor
sess_02333,user_084,4,purchase_keyboard
sess_02334,user_085,0,create_quotation
sess_02334,user_085,1,add_product
sess_02334,user_085,2,set_discount
sess_02334,user_085,3,save_quotation
sess_02334,user_085,4,send_quotation
sess_02334,user_085,5,create_order
sess_02335,user_086,0,open_quotations
sess_02335,user_086,1,create_quotation
sess_02335,user_086,2,add_product
sess_02335,user_086,3,set_discount
sess_02335,user_086,4,save_quotation
sess_02335,user_086,5,send_quotation
sess_02335,user_086,6,create_order
sess_02336,user_087,0,view_phone
sess_02336,user_087,1,purchase_phone
sess_02336,user_087,2,purchase_phone_case
sess_02336,user_087,3,open_purchases
sess_02337,user_088,0,view_customer
sess_02337,user_088,1,view_customer_quotations
sess_02338,user_089,0,open_orders
sess_02338,user_089,1,create_order
sess_02338,user_089,2,generate_invoice
sess_02338,user_089,3,confirm_payment
sess_02339,user_090,0,open_orders
sess_02339,user_090,1,create_order
sess_02339,user_090,2,assign_delivery
sess_02340,user_091,0,open_products
sess_02340,user_091,1,search_monitor
sess_02340,user_091,2,view_monitor
sess_02340,user_091,3,purchase_monitor
sess_02340,user_091,4,purchase_mouse
sess_02341,user_092,0,open_products
sess_02341,user_092,1,search_phone
sess_02341,user_092,2,view_phone
sess_02341,user_092,3,purchase_phone
sess_02341,user_092,4,purchase_phone_case
sess_02341,user_092,5,open_purchases
sess_02342,user_093,0,open_quotations
sess_02342,user_093,1,create_quotation
sess_02342,user_093,2,add_product
sess_02342,user_093,3,save_quotation
sess_02342,user_093,4,send_quotation
sess_02342,user_093,5,create_order
sess_02343,user_094,0,open_quotations
sess_02343,user_094,1,create_quotation
sess_02343,user_094,2,add_product
sess_02343,user_094,3,set_discount
sess_02343,user_094,4,save_quotation
sess_02343,user_094,5,open_quotations
sess_02344,user_095,0,open_quotations
sess_02344,user_095,1,create_quotation
sess_02344,user_095,2,add_product
sess_02344,user_095,3,set_discount
sess_02344,user_095,4,save_quotation
sess_02344,user_095,5,send_quotation
sess_02344,user_095,6,create_order
sess_02345,user_096,0,create_order
sess_02345,user_096,1,generate_invoice
sess_02345,user_096,2,confirm_payment
sess_02346,user_097,0,view_phone
sess_02346,user_097,1,purchase_phone
sess_02346,user_097,2,purchase_phone_case
sess_02346,user_097,3,open_purchases
sess_02347,user_098,0,view_laptop
sess_02347,user_098,1,purchase_laptop
sess_02347,user_098,2,purchase_headphones
sess_02347,user_098,3,open_purchases
sess_02348,user_099,0,open_orders
sess_02348,user_099,1,create_order
sess_02348,user_099,2,generate_invoice
sess_02349,user_100,0,create_quotation
sess_02349,user_100,1,add_product
sess_02349,user_100,2,set_discount
sess_02349,user_100,3,save_quotation
sess_02349,user_100,4,open_quotations
sess_02350,user_101,0,view_laptop
sess_02350,user_101,1,purchase_laptop
sess_02350,user_101,2,purchase_headphones
sess_02350,user_101,3,open_purchases
sess_02351,user_102,0,open_products
sess_02351,user_102,1,search_monitor
sess_02351,user_102,2,view_monitor
sess_02351,user_102,3,purchase_monitor
sess_02351,user_102,4,purchase_mouse
sess_02352,user_103,0,view_laptop
sess_02352,user_103,1,purchase_laptop
sess_02352,user_103,2,purchase_laptop_bag
sess_02353,user_104,0,view_phone
sess_02353,user_104,1,purchase_phone
sess_02353,user_104,2,purchase_warranty
sess_02353,user_104,3,open_purchases
sess_02354,user_105,0,open_products
sess_02354,user_105,1,search_laptop
sess_02354,user_105,2,view_laptop
sess_02354,user_105,3,purchase_laptop
sess_02354,user_105,4,purchase_headphones
sess_02354,user_105,5,open_purchases
sess_02355,user_106,0,open_products
sess_02355,user_106,1,search_laptop
sess_02355,user_106,2,view_laptop
sess_02355,user_106,3,purchase_laptop
sess_02355,user_106,4,purchase_mouse
sess_02356,user_107,0,view_laptop
sess_02356,user_107,1,purchase_laptop
sess_02356,user_107,2,purchase_mouse
sess_02356,user_107,3,open_purchases
sess_02357,user_108,0,create_quotation
sess_02357,user_108,1,add_product
sess_02357,user_108,2,set_discount
sess_02357,user_108,3,save_quotation
sess_02357,user_108,4,send_quotation
sess_02357,user_108,5,create_order
sess_02358,user_109,0,open_products
sess_02358,user_109,1,search_laptop
sess_02358,user_109,2,view_laptop
sess_02358,user_109,3,purchase_laptop
sess_02358,user_109,4,purchase_mouse
sess_02359,user_110,0,open_quotations
sess_02359,user_110,1,create_quotation
sess_02359,user_110,2,add_product
sess_02359,user_110,3,save_quotation
sess_02359,user_110,4,send_quotation
sess_02359,user_110,5,create_order
sess_02360,user_111,0,view_phone
sess_02360,user_111,1,purchase_phone
sess_02360,user_111,2,purchase_phone_case
sess_02360,user_111,3,open_purchases
sess_02361,user_112,0,open_products
sess_02361,user_112,1,search_phone
sess_02361,user_112,2,view_phone
sess_02361,user_112,3,purchase_phone
sess_02361,user_112,4,purchase_phone_case
sess_02361,user_112,5,open_purchases
sess_02362,user_113,0,open_quotations
sess_02362,user_113,1,create_quotation
sess_02362,user_113,2,add_product
sess_02362,user_113,3,set_discount
sess_02362,user_113,4,save_quotation
sess_02362,user_113,5,send_quotation
sess_02362,user_113,6,create_order
sess_02363,user_114,0,open_products
sess_02363,user_114,1,search_phone
sess_02363,user_114,2,view_phone
sess_02363,user_114,3,purchase_phone
sess_02363,user_114,4,purchase_warranty
sess_02364,user_115,0,view_laptop
sess_02364,user_115,1,purchase_laptop
sess_02364,user_115,2,purchase_laptop_bag
sess_02365,user_116,0,login
sess_02365,user_116,1,open_products
sess_02365,user_116,2,search_laptop
sess_02365,user_116,3,view_laptop
sess_02365,user_116,4,purchase_laptop
sess_02365,user_116,5,purchase_laptop_bag
sess_02365,user_116,6,open_purchases
sess_02366,user_117,0,open_products
sess_02366,user_117,1,search_phone
sess_02366,user_117,2,view_phone
sess_02366,user_117,3,purchase_phone
sess_02366,user_117,4,purchase_headphones
sess_02366,user_117,5,open_purchases
sess_02367,user_118,0,view_phone
sess_02367,user_118,1,purchase_phone
sess_02367,user_118,2,purchase_phone_case
sess_02367,user_118,3,open_purchases
sess_02368,user_119,0,open_products
sess_02368,user_119,1,search_laptop
sess_02368,user_119,2,view_laptop
sess_02368,user_119,3,purchase_laptop
sess_02368,user_119,4,purchase_mouse
sess_02368,user_119,5,open_purchases
sess_02369,user_120,0,view_monitor
sess_02369,user_120,1,purchase_monitor
sess_02369,user_120,2,purchase_headphones
sess_02370,user_121,0,create_quotation
sess_02370,user_121,1,add_product
sess_02370,user_121,2,set_discount
sess_02370,user_121,3,save_quotation
sess_02370,user_121,4,send_quotation
sess_02371,user_122,0,view_customer
sess_02371,user_122,1,view_customer_orders
sess_02372,user_123,0,login
sess_02372,user_123,1,open_products
sess_02372,user_123,2,search_laptop
sess_02372,user_123,3,view_laptop
sess_02372,user_123,4,purchase_laptop
sess_02372,user_123,5,purchase_headphones
sess_02372,user_123,6,open_purchases
sess_02373,user_124,0,login
sess_02373,user_124,1,open_products
sess_02373,user_124,2,search_laptop
sess_02373,user_124,3,view_laptop
sess_02373,user_124,4,purchase_laptop
sess_02373,user_124,5,purchase_headphones
sess_02373,user_124,6,open_purchases
sess_02374,user_125,0,view_laptop
sess_02374,user_125,1,purchase_laptop
sess_02374,user_125,2,purchase_headphones
sess_02374,user_125,3,open_purchases
sess_02375,user_126,0,view_customer
sess_02375,user_126,1,view_customer_quotations
sess_02375,user_126,2,create_quotation
sess_02376,user_127,0,create_quotation
sess_02376,user_127,1,add_product
sess_02376,user_127,2,set_discount
sess_02376,user_127,3,save_quotation
sess_02376,user_127,4,open_quotations
sess_02377,user_128,0,create_quotation
sess_02377,user_128,1,add_product
sess_02377,user_128,2,set_discount
sess_02377,user_128,3,save_quotation
sess_02377,user_128,4,send_quotation
sess_02378,user_129,0,open_quotations
sess_02378,user_129,1,create_quotation
sess_02378,user_129,2,add_product
sess_02378,user_129,3,set_discount
sess_02378,user_129,4,save_quotation
sess_02378,user_129,5,send_quotation
sess_02378,user_129,6,create_order
sess_02379,user_130,0,view_customer
sess_02379,user_130,1,view_customer_quotations
sess_02379,user_130,2,create_quotation
sess_02380,user_131,0,open_products
sess_02380,user_131,1,search_phone
sess_02380,user_131,2,view_phone
sess_02380,user_131,3,purchase_phone
sess_02380,user_131,4,purchase_phone_case
sess_02380,user_131,5,open_purchases
sess_02381,user_132,0,login
sess_02381,user_132,1,open_products
sess_02381,user_132,2,search_laptop
sess_02381,user_132,3,view_laptop
sess_02381,user_132,4,purchase_laptop
sess_02381,user_132,5,purchase_mouse
sess_02381,user_132,6,open_purchases
sess_02382,user_133,0,open_orders
sess_02382,user_133,1,create_order
sess_02382,user_133,2,generate_invoice
sess_02383,user_134,0,open_products
sess_02383,user_134,1,search_laptop
sess_02383,user_134,2,view_laptop
sess_02383,user_134,3,purchase_laptop
sess_02383,user_134,4,purchase_headphones
sess_02383,user_134,5,open_purchases
sess_02384,user_135,0,view_phone
sess_02384,user_135,1,purchase_phone
sess_02384,user_135,2,purchase_phone_case
sess_02384,user_135,3,open_purchases
sess_02385,user_136,0,open_products
sess_02385,user_136,1,search_phone
sess_02385,user_136,2,view_phone
sess_02385,user_136,3,purchase_phone
sess_02385,user_136,4,purchase_phone_case
sess_02385,user_136,5,open_purchases
sess_02386,user_137,0,open_products
sess_02386,user_137,1,search_monitor
sess_02386,user_137,2,view_monitor
sess_02386,user_137,3,purchase_monitor
sess_02386,user_137,4,purchase_mouse
sess_02387,user_138,0,view_phone
sess_02387,user_138,1,purchase_phone
sess_02387,user_138,2,purchase_headphones
sess_02388,user_139,0,open_quotations
sess_02388,user_139,1,create_quotation
sess_02388,user_139,2,add_product
sess_02388,user_139,3,set_discount
sess_02388,user_139,4,save_quotation
sess_02388,user_139,5,send_quotation
sess_02388,user_139,6,create_order
sess_02389,user_140,0,create_quotation
sess_02389,user_140,1,add_product
sess_02389,user_140,2,set_discount
sess_02389,user_140,3,save_quotation
sess_02389,user_140,4,open_quotations
sess_02390,user_141,0,create_quotation
sess_02390,user_141,1,add_product
sess_02390,user_141,2,set_discount
sess_02390,user_141,3,save_quotation
sess_02390,user_141,4,send_quotation
sess_02390,user_141,5,create_order
sess_02391,user_142,0,open_orders
sess_02391,user_142,1,create_order
sess_02391,user_142,2,generate_invoice
sess_02391,user_142,3,confirm_payment
sess_02392,user_143,0,view_phone
sess_02392,user_143,1,purchase_phone
sess_02392,user_143,2,purchase_warranty
sess_02392,user_143,3,open_purchases
sess_02393,user_144,0,open_quotations
sess_02393,user_144,1,create_quotation
sess_02393,user_144,2,add_product
sess_02393,user_144,3,set_discount
sess_02393,user_144,4,save_quotation
sess_02393,user_144,5,send_quotation
sess_02393,user_144,6,create_order
sess_02394,user_145,0,open_products
sess_02394,user_145,1,search_laptop
sess_02394,user_145,2,view_laptop
sess_02394,user_145,3,purchase_laptop
sess_02394,user_145,4,purchase_mouse
sess_02394,user_145,5,open_purchases
sess_02395,user_146,0,view_laptop
sess_02395,user_146,1,purchase_laptop
sess_02395,user_146,2,purchase_laptop_bag
sess_02395,user_146,3,open_purchases
sess_02396,user_147,0,open_products
sess_02396,user_147,1,search_laptop
sess_02396,user_147,2,view_laptop
sess_02396,user_147,3,purchase_laptop
sess_02396,user_147,4,purchase_headphones
sess_02396,user_147,5,open_purchases
sess_02397,user_148,0,open_products
sess_02397,user_148,1,search_laptop
sess_02397,user_148,2,view_laptop
sess_02397,user_148,3,purchase_laptop
sess_02397,user_148,4,purchase_headphones
sess_02397,user_148,5,open_purchases
sess_02398,user_149,0,login
sess_02398,user_149,1,open_products
sess_02398,user_149,2,search_laptop
sess_02398,user_149,3,view_laptop
sess_02398,user_149,4,purchase_laptop
sess_02398,user_149,5,purchase_laptop_bag
sess_02399,user_150,0,create_quotation
sess_02399,user_150,1,add_product
sess_02399,user_150,2,save_quotation
sess_02399,user_150,3,send_quotation
sess_02400,user_001,0,open_products
sess_02400,user_001,1,search_phone
sess_02400,user_001,2,view_phone
sess_02400,user_001,3,purchase_phone
sess_02400,user_001,4,purchase_headphones
sess_02401,user_002,0,open_products
sess_02401,user_002,1,search_laptop
sess_02401,user_002,2,view_laptop
sess_02401,user_002,3,purchase_laptop
sess_02401,user_002,4,purchase_headphones
sess_02402,user_003,0,create_quotation
sess_02402,user_003,1,add_product
sess_02402,user_003,2,save_quotation
sess_02402,user_003,3,send_quotation
sess_02402,user_003,4,create_order
sess_02403,user_004,0,view_monitor
sess_02403,user_004,1,purchase_monitor
sess_02403,user_004,2,purchase_keyboard
sess_02404,user_005,0,login
sess_02404,user_005,1,open_products
sess_02404,user_005,2,search_phone
sess_02404,user_005,3,view_phone
sess_02404,user_005,4,purchase_phone
sess_02404,user_005,5,purchase_phone_case
sess_02404,user_005,6,open_purchases
sess_02405,user_006,0,create_quotation
sess_02405,user_006,1,add_product
sess_02405,user_006,2,set_discount
sess_02405,user_006,3,save_quotation
sess_02405,user_006,4,send_quotation
sess_02405,user_006,5,create_order
sess_02406,user_007,0,open_products
sess_02406,user_007,1,search_phone
sess_02406,user_007,2,view_phone
sess_02406,user_007,3,purchase_phone
sess_02406,user_007,4,purchase_phone_case
sess_02406,user_007,5,open_purchases
sess_02407,user_008,0,create_quotation
sess_02407,user_008,1,add_product
sess_02407,user_008,2,save_quotation
sess_02407,user_008,3,send_quotation
sess_02407,user_008,4,create_order
sess_02408,user_009,0,open_products
sess_02408,user_009,1,search_monitor
sess_02408,user_009,2,view_monitor
sess_02408,user_009,3,purchase_monitor
sess_02408,user_009,4,purchase_keyboard
sess_02409,user_010,0,open_products
sess_02409,user_010,1,search_laptop
sess_02409,user_010,2,view_laptop
sess_02409,user_010,3,purchase_laptop
sess_02409,user_010,4,purchase_headphones
sess_02409,user_010,5,open_purchases
sess_02410,user_011,0,open_orders
sess_02410,user_011,1,create_order
sess_02410,user_011,2,assign_delivery
sess_02411,user_012,0,open_products
sess_02411,user_012,1,search_laptop
sess_02411,user_012,2,view_laptop
sess_02411,user_012,3,purchase_laptop
sess_02411,user_012,4,purchase_laptop_bag
sess_02411,user_012,5,open_purchases
sess_02412,user_013,0,open_products
sess_02412,user_013,1,search_monitor
sess_02412,user_013,2,view_monitor
sess_02412,user_013,3,purchase_monitor
sess_02412,user_013,4,purchase_keyboard
sess_02413,user_014,0,view_laptop
sess_02413,user_014,1,purchase_laptop
sess_02413,user_014,2,purchase_laptop_bag
sess_02413,user_014,3,open_purchases
sess_02414,user_015,0,open_quotations
sess_02414,user_015,1,create_quotation
sess_02414,user_015,2,add_product
sess_02414,user_015,3,set_discount
sess_02414,user_015,4,save_quotation
sess_02414,user_015,5,send_quotation
sess_02414,user_015,6,create_order
sess_02415,user_016,0,login
sess_02415,user_016,1,open_products
sess_02415,user_016,2,search_laptop
sess_02415,user_016,3,view_laptop
sess_02415,user_016,4,purchase_laptop
sess_02415,user_016,5,purchase_headphones
sess_02415,user_016,6,open_purchases
sess_02416,user_017,0,open_quotations
sess_02416,user_017,1,create_quotation
sess_02416,user_017,2,add_product
sess_02416,user_017,3,save_quotation
sess_02416,user_017,4,send_quotation
sess_02416,user_017,5,create_order
sess_02417,user_018,0,create_quotation
sess_02417,user_018,1,add_product
sess_02417,user_018,2,set_discount
sess_02417,user_018,3,save_quotation
sess_02417,user_018,4,send_quotation
sess_02417,user_018,5,create_order
sess_02418,user_019,0,open_products
sess_02418,user_019,1,search_phone
sess_02418,user_019,2,view_phone
sess_02418,user_019,3,purchase_phone
sess_02418,user_019,4,purchase_phone_case
sess_02418,user_019,5,open_purchases
sess_02419,user_020,0,open_products
sess_02419,user_020,1,search_laptop
sess_02419,user_020,2,view_laptop
sess_02419,user_020,3,purchase_laptop
sess_02419,user_020,4,purchase_headphones
sess_02420,user_021,0,login
sess_02420,user_021,1,open_products
sess_02420,user_021,2,search_phone
sess_02420,user_021,3,view_phone
sess_02420,user_021,4,purchase_phone
sess_02420,user_021,5,purchase_phone_case
sess_02420,user_021,6,open_purchases
sess_02421,user_022,0,open_quotations
sess_02421,user_022,1,create_quotation
sess_02421,user_022,2,add_product
sess_02421,user_022,3,set_discount
sess_02421,user_022,4,save_quotation
sess_02421,user_022,5,send_quotation
sess_02421,user_022,6,create_order
sess_02422,user_023,0,create_order
sess_02422,user_023,1,generate_invoice
sess_02422,user_023,2,confirm_payment
sess_02423,user_024,0,create_order
sess_02423,user_024,1,generate_invoice
sess_02423,user_024,2,confirm_payment
sess_02424,user_025,0,create_quotation
sess_02424,user_025,1,add_product
sess_02424,user_025,2,save_quotation
sess_02424,user_025,3,send_quotation
sess_02424,user_025,4,create_order
sess_02425,user_026,0,open_products
sess_02425,user_026,1,search_phone
sess_02425,user_026,2,view_phone
sess_02425,user_026,3,purchase_phone
sess_02425,user_026,4,purchase_headphones
sess_02425,user_026,5,open_purchases
sess_02426,user_027,0,open_quotations
sess_02426,user_027,1,create_quotation
sess_02426,user_027,2,add_product
sess_02426,user_027,3,save_quotation
sess_02426,user_027,4,send_quotation
sess_02426,user_027,5,create_order
sess_02427,user_028,0,open_orders
sess_02427,user_028,1,create_order
sess_02427,user_028,2,generate_invoice
sess_02427,user_028,3,confirm_payment
sess_02428,user_029,0,open_products
sess_02428,user_029,1,search_monitor
sess_02428,user_029,2,view_monitor
sess_02428,user_029,3,purchase_monitor
sess_02428,user_029,4,purchase_mouse
sess_02429,user_030,0,view_customer
sess_02429,user_030,1,view_customer_quotations
sess_02429,user_030,2,create_quotation
sess_02430,user_031,0,open_products
sess_02430,user_031,1,search_monitor
sess_02430,user_031,2,view_monitor
sess_02430,user_031,3,purchase_monitor
sess_02430,user_031,4,purchase_keyboard
sess_02431,user_032,0,open_customers
sess_02431,user_032,1,view_customer
sess_02431,user_032,2,view_customer_quotations
sess_02431,user_032,3,create_quotation
sess_02432,user_033,0,open_quotations
sess_02432,user_033,1,create_quotation
sess_02432,user_033,2,add_product
sess_02432,user_033,3,set_discount
sess_02432,user_033,4,save_quotation
sess_02432,user_033,5,send_quotation
sess_02432,user_033,6,create_order
sess_02433,user_034,0,login
sess_02433,user_034,1,open_products
sess_02433,user_034,2,search_laptop
sess_02433,user_034,3,view_laptop
sess_02433,user_034,4,purchase_laptop
sess_02433,user_034,5,purchase_headphones
sess_02433,user_034,6,open_purchases
sess_02434,user_035,0,view_monitor
sess_02434,user_035,1,purchase_monitor
sess_02434,user_035,2,purchase_mouse
sess_02435,user_036,0,open_products
sess_02435,user_036,1,search_monitor
sess_02435,user_036,2,view_monitor
sess_02435,user_036,3,purchase_monitor
sess_02435,user_036,4,purchase_keyboard
sess_02436,user_037,0,view_monitor
sess_02436,user_037,1,purchase_monitor
sess_02436,user_037,2,purchase_keyboard
sess_02437,user_038,0,view_monitor
sess_02437,user_038,1,purchase_monitor
sess_02437,user_038,2,purchase_keyboard
sess_02438,user_039,0,open_products
sess_02438,user_039,1,search_monitor
sess_02438,user_039,2,view_monitor
sess_02438,user_039,3,purchase_monitor
sess_02438,user_039,4,purchase_keyboard
sess_02439,user_040,0,open_products
sess_02439,user_040,1,search_phone
sess_02439,user_040,2,view_phone
sess_02439,user_040,3,purchase_phone
sess_02439,user_040,4,purchase_phone_case
sess_02439,user_040,5,open_purchases
sess_02440,user_041,0,create_order
sess_02440,user_041,1,generate_invoice
sess_02440,user_041,2,confirm_payment
sess_02441,user_042,0,view_customer
sess_02441,user_042,1,view_customer_quotations
sess_02441,user_042,2,create_quotation
sess_02442,user_043,0,login
sess_02442,user_043,1,open_products
sess_02442,user_043,2,search_laptop
sess_02442,user_043,3,view_laptop
sess_02442,user_043,4,purchase_laptop
sess_02442,user_043,5,purchase_mouse
sess_02442,user_043,6,open_purchases
sess_02443,user_044,0,open_products
sess_02443,user_044,1,search_laptop
sess_02443,user_044,2,view_laptop
sess_02443,user_044,3,purchase_laptop
sess_02443,user_044,4,purchase_mouse
sess_02444,user_045,0,login
sess_02444,user_045,1,open_products
sess_02444,user_045,2,search_laptop
sess_02444,user_045,3,view_laptop
sess_02444,user_045,4,purchase_laptop
sess_02444,user_045,5,purchase_laptop_bag
sess_02444,user_045,6,open_purchases
sess_02445,user_046,0,view_phone
sess_02445,user_046,1,purchase_phone
sess_02445,user_046,2,purchase_phone_case
sess_02446,user_047,0,view_customer
sess_02446,user_047,1,view_customer_quotations
sess_02447,user_048,0,view_laptop
sess_02447,user_048,1,purchase_laptop
sess_02447,user_048,2,purchase_headphones
sess_02447,user_048,3,open_purchases
sess_02448,user_049,0,view_phone
sess_02448,user_049,1,purchase_phone
sess_02448,user_049,2,purchase_phone_case
sess_02448,user_049,3,open_purchases
sess_02449,user_050,0,login
sess_02449,user_050,1,open_products
sess_02449,user_050,2,search_laptop
sess_02449,user_050,3,view_laptop
sess_02449,user_050,4,purchase_laptop
sess_02449,user_050,5,purchase_laptop_bag
sess_02449,user_050,6,open_purchases
sess_02450,user_051,0,view_customer
sess_02450,user_051,1,view_customer_quotations
sess_02450,user_051,2,create_quotation
sess_02451,user_052,0,open_products
sess_02451,user_052,1,search_phone
sess_02451,user_052,2,view_phone
sess_02451,user_052,3,purchase_phone
sess_02451,user_052,4,purchase_phone_case
sess_02451,user_052,5,open_purchases
sess_02452,user_053,0,open_orders
sess_02452,user_053,1,create_order
sess_02452,user_053,2,generate_invoice
sess_02452,user_053,3,confirm_payment
sess_02453,user_054,0,view_monitor
sess_02453,user_054,1,purchase_monitor
sess_02453,user_054,2,purchase_keyboard
sess_02454,user_055,0,open_customers
sess_02454,user_055,1,view_customer
sess_02454,user_055,2,view_customer_quotations
sess_02454,user_055,3,create_quotation
sess_02455,user_056,0,open_products
sess_02455,user_056,1,search_laptop
sess_02455,user_056,2,view_laptop
sess_02455,user_056,3,purchase_laptop
sess_02455,user_056,4,purchase_mouse
sess_02456,user_057,0,open_orders
sess_02456,user_057,1,create_order
sess_02456,user_057,2,generate_invoice
sess_02456,user_057,3,confirm_payment
sess_02457,user_058,0,open_products
sess_02457,user_058,1,search_monitor
sess_02457,user_058,2,view_monitor
sess_02457,user_058,3,purchase_monitor
sess_02457,user_058,4,purchase_keyboard
sess_02458,user_059,0,open_products
sess_02458,user_059,1,search_laptop
sess_02458,user_059,2,view_laptop
sess_02458,user_059,3,purchase_laptop
sess_02458,user_059,4,purchase_headphones
sess_02459,user_060,0,login
sess_02459,user_060,1,open_products
sess_02459,user_060,2,search_phone
sess_02459,user_060,3,view_phone
sess_02459,user_060,4,purchase_phone
sess_02459,user_060,5,purchase_headphones
sess_02460,user_061,0,open_quotations
sess_02460,user_061,1,create_quotation
sess_02460,user_061,2,add_product
sess_02460,user_061,3,set_discount
sess_02460,user_061,4,save_quotation
sess_02460,user_061,5,open_quotations
sess_02461,user_062,0,open_quotations
sess_02461,user_062,1,create_quotation
sess_02461,user_062,2,add_product
sess_02461,user_062,3,save_quotation
sess_02461,user_062,4,open_quotations
sess_02462,user_063,0,view_monitor
sess_02462,user_063,1,purchase_monitor
sess_02462,user_063,2,purchase_keyboard
sess_02463,user_064,0,open_customers
sess_02463,user_064,1,view_customer
sess_02463,user_064,2,view_customer_quotations
sess_02464,user_065,0,view_monitor
sess_02464,user_065,1,purchase_monitor
sess_02464,user_065,2,purchase_keyboard
sess_02465,user_066,0,open_customers
sess_02465,user_066,1,view_customer
sess_02465,user_066,2,view_customer_quotations
sess_02466,user_067,0,open_customers
sess_02466,user_067,1,view_customer
sess_02466,user_067,2,view_customer_quotations
sess_02466,user_067,3,create_quotation
sess_02467,user_068,0,view_customer
sess_02467,user_068,1,view_customer_orders
sess_02468,user_069,0,open_products
sess_02468,user_069,1,search_laptop
sess_02468,user_069,2,view_laptop
sess_02468,user_069,3,purchase_laptop
sess_02468,user_069,4,purchase_headphones
sess_02469,user_070,0,open_quotations
sess_02469,user_070,1,create_quotation
sess_02469,user_070,2,add_product
sess_02469,user_070,3,set_discount
sess_02469,user_070,4,save_quotation
sess_02469,user_070,5,send_quotation
sess_02469,user_070,6,create_order
sess_02470,user_071,0,view_monitor
sess_02470,user_071,1,purchase_monitor
sess_02470,user_071,2,purchase_mouse
sess_02471,user_072,0,view_phone
sess_02471,user_072,1,purchase_phone
sess_02471,user_072,2,purchase_warranty
sess_02472,user_073,0,view_phone
sess_02472,user_073,1,purchase_phone
sess_02472,user_073,2,purchase_headphones
sess_02472,user_073,3,open_purchases
sess_02473,user_074,0,open_quotations
sess_02473,user_074,1,create_quotation
sess_02473,user_074,2,add_product
sess_02473,user_074,3,set_discount
sess_02473,user_074,4,save_quotation
sess_02473,user_074,5,send_quotation
sess_02474,user_075,0,open_quotations
sess_02474,user_075,1,create_quotation
sess_02474,user_075,2,add_product
sess_02474,user_075,3,set_discount
sess_02474,user_075,4,save_quotation
sess_02474,user_075,5,open_quotations
sess_02475,user_076,0,open_quotations
sess_02475,user_076,1,create_quotation
sess_02475,user_076,2,add_product
sess_02475,user_076,3,set_discount
sess_02475,user_076,4,save_quotation
sess_02475,user_076,5,open_quotations
sess_02476,user_077,0,create_order
sess_02476,user_077,1,generate_invoice
sess_02476,user_077,2,confirm_payment
sess_02477,user_078,0,view_laptop
sess_02477,user_078,1,purchase_laptop
sess_02477,user_078,2,purchase_headphones
sess_02477,user_078,3,open_purchases
sess_02478,user_079,0,open_products
sess_02478,user_079,1,search_laptop
sess_02478,user_079,2,view_laptop
sess_02478,user_079,3,purchase_laptop
sess_02478,user_079,4,purchase_headphones
sess_02478,user_079,5,open_purchases
sess_02479,user_080,0,view_phone
sess_02479,user_080,1,purchase_phone
sess_02479,user_080,2,purchase_phone_case
sess_02479,user_080,3,open_purchases
sess_02480,user_081,0,open_products
sess_02480,user_081,1,search_phone
sess_02480,user_081,2,view_phone
sess_02480,user_081,3,purchase_phone
sess_02480,user_081,4,purchase_headphones
sess_02480,user_081,5,open_purchases
sess_02481,user_082,0,open_products
sess_02481,user_082,1,search_phone
sess_02481,user_082,2,view_phone
sess_02481,user_082,3,purchase_phone
sess_02481,user_082,4,purchase_phone_case
sess_02481,user_082,5,open_purchases
sess_02482,user_083,0,view_customer
sess_02482,user_083,1,view_customer_quotations
sess_02483,user_084,0,view_phone
sess_02483,user_084,1,purchase_phone
sess_02483,user_084,2,purchase_phone_case
sess_02483,user_084,3,open_purchases
sess_02484,user_085,0,view_laptop
sess_02484,user_085,1,purchase_laptop
sess_02484,user_085,2,purchase_mouse
sess_02484,user_085,3,open_purchases
sess_02485,user_086,0,open_quotations
sess_02485,user_086,1,create_quotation
sess_02485,user_086,2,add_product
sess_02485,user_086,3,set_discount
sess_02485,user_086,4,save_quotation
sess_02485,user_086,5,send_quotation
sess_02485,user_086,6,create_order
sess_02486,user_087,0,view_monitor
sess_02486,user_087,1,purchase_monitor
sess_02486,user_087,2,purchase_mouse
sess_02487,user_088,0,view_laptop
sess_02487,user_088,1,purchase_laptop
sess_02487,user_088,2,purchase_headphones
sess_02487,user_088,3,open_purchases
sess_02488,user_089,0,open_products
sess_02488,user_089,1,search_phone
sess_02488,user_089,2,view_phone
sess_02488,user_089,3,purchase_phone
sess_02488,user_089,4,purchase_warranty
sess_02488,user_089,5,open_purchases
sess_02489,user_090,0,open_quotations
sess_02489,user_090,1,create_quotation
sess_02489,user_090,2,add_product
sess_02489,user_090,3,save_quotation
sess_02489,user_090,4,send_quotation
sess_02489,user_090,5,create_order
sess_02490,user_091,0,open_products
sess_02490,user_091,1,search_monitor
sess_02490,user_091,2,view_monitor
sess_02490,user_091,3,purchase_monitor
sess_02490,user_091,4,purchase_keyboard
sess_02491,user_092,0,create_quotation
sess_02491,user_092,1,add_product
sess_02491,user_092,2,set_discount
sess_02491,user_092,3,save_quotation
sess_02491,user_092,4,send_quotation
sess_02491,user_092,5,create_order
sess_02492,user_093,0,login
sess_02492,user_093,1,open_products
sess_02492,user_093,2,search_laptop
sess_02492,user_093,3,view_laptop
sess_02492,user_093,4,purchase_laptop
sess_02492,user_093,5,purchase_headphones
sess_02493,user_094,0,view_customer
sess_02493,user_094,1,view_customer_quotations
sess_02494,user_095,0,open_products
sess_02494,user_095,1,search_monitor
sess_02494,user_095,2,view_monitor
sess_02494,user_095,3,purchase_monitor
sess_02494,user_095,4,purchase_keyboard
sess_02495,user_096,0,login
sess_02495,user_096,1,open_products
sess_02495,user_096,2,search_laptop
sess_02495,user_096,3,view_laptop
sess_02495,user_096,4,purchase_laptop
sess_02495,user_096,5,purchase_headphones
sess_02496,user_097,0,open_customers
sess_02496,user_097,1,view_customer
sess_02496,user_097,2,view_customer_quotations
sess_02497,user_098,0,open_orders
sess_02497,user_098,1,create_order
sess_02497,user_098,2,generate_invoice
sess_02498,user_099,0,open_products
sess_02498,user_099,1,search_laptop
sess_02498,user_099,2,view_laptop
sess_02498,user_099,3,purchase_laptop
sess_02498,user_099,4,purchase_headphones
sess_02498,user_099,5,open_purchases
sess_02499,user_100,0,open_products
sess_02499,user_100,1,search_phone
sess_02499,user_100,2,view_phone
sess_02499,user_100,3,purchase_phone
sess_02499,user_100,4,purchase_headphones
sess_02499,user_100,5,open_purchases
sess_02500,user_101,0,open_products
sess_02500,user_101,1,search_laptop
sess_02500,user_101,2,view_laptop
sess_02500,user_101,3,purchase_laptop
sess_02500,user_101,4,purchase_mouse
sess_02500,user_101,5,open_purchases
sess_02501,user_102,0,view_laptop
sess_02501,user_102,1,purchase_laptop
sess_02501,user_102,2,purchase_headphones
sess_02501,user_102,3,open_purchases
sess_02502,user_103,0,create_quotation
sess_02502,user_103,1,add_product
sess_02502,user_103,2,set_discount
sess_02502,user_103,3,save_quotation
sess_02502,user_103,4,send_quotation
sess_02503,user_104,0,open_products
sess_02503,user_104,1,search_monitor
sess_02503,user_104,2,view_monitor
sess_02503,user_104,3,purchase_monitor
sess_02503,user_104,4,purchase_mouse
sess_02504,user_105,0,open_quotations
sess_02504,user_105,1,create_quotation
sess_02504,user_105,2,add_product
sess_02504,user_105,3,set_discount
sess_02504,user_105,4,save_quotation
sess_02504,user_105,5,send_quotation
sess_02504,user_105,6,create_order
sess_02505,user_106,0,open_products
sess_02505,user_106,1,search_monitor
sess_02505,user_106,2,view_monitor
sess_02505,user_106,3,purchase_monitor
sess_02505,user_106,4,purchase_keyboard
sess_02506,user_107,0,open_products
sess_02506,user_107,1,search_laptop
sess_02506,user_107,2,view_laptop
sess_02506,user_107,3,purchase_laptop
sess_02506,user_107,4,purchase_mouse
sess_02506,user_107,5,open_purchases
sess_02507,user_108,0,open_products
sess_02507,user_108,1,search_phone
sess_02507,user_108,2,view_phone
sess_02507,user_108,3,purchase_phone
sess_02507,user_108,4,purchase_warranty
sess_02507,user_108,5,open_purchases
sess_02508,user_109,0,view_phone
sess_02508,user_109,1,purchase_phone
sess_02508,user_109,2,purchase_phone_case
sess_02508,user_109,3,open_purchases
sess_02509,user_110,0,open_products
sess_02509,user_110,1,search_phone
sess_02509,user_110,2,view_phone
sess_02509,user_110,3,purchase_phone
sess_02509,user_110,4,purchase_phone_case
sess_02509,user_110,5,open_purchases
sess_02510,user_111,0,open_products
sess_02510,user_111,1,search_laptop
sess_02510,user_111,2,view_laptop
sess_02510,user_111,3,purchase_laptop
sess_02510,user_111,4,purchase_warranty
sess_02510,user_111,5,open_purchases
sess_02511,user_112,0,open_products
sess_02511,user_112,1,search_laptop
sess_02511,user_112,2,view_laptop
sess_02511,user_112,3,purchase_laptop
sess_02511,user_112,4,purchase_headphones
sess_02511,user_112,5,open_purchases
sess_02512,user_113,0,login
sess_02512,user_113,1,open_products
sess_02512,user_113,2,search_phone
sess_02512,user_113,3,view_phone
sess_02512,user_113,4,purchase_phone
sess_02512,user_113,5,purchase_phone_case
sess_02512,user_113,6,open_purchases
sess_02513,user_114,0,open_customers
sess_02513,user_114,1,view_customer
sess_02513,user_114,2,view_customer_quotations
sess_02513,user_114,3,create_quotation
sess_02514,user_115,0,open_products
sess_02514,user_115,1,search_monitor
sess_02514,user_115,2,view_monitor
sess_02514,user_115,3,purchase_monitor
sess_02514,user_115,4,purchase_mouse
sess_02515,user_116,0,open_products
sess_02515,user_116,1,search_monitor
sess_02515,user_116,2,view_monitor
sess_02515,user_116,3,purchase_monitor
sess_02515,user_116,4,purchase_mouse
sess_02516,user_117,0,open_products
sess_02516,user_117,1,search_laptop
sess_02516,user_117,2,view_laptop
sess_02516,user_117,3,purchase_laptop
sess_02516,user_117,4,purchase_headphones
sess_02516,user_117,5,open_purchases
sess_02517,user_118,0,view_phone
sess_02517,user_118,1,purchase_phone
sess_02517,user_118,2,purchase_phone_case
sess_02517,user_118,3,open_purchases
sess_02518,user_119,0,create_quotation
sess_02518,user_119,1,add_product
sess_02518,user_119,2,set_discount
sess_02518,user_119,3,save_quotation
sess_02518,user_119,4,send_quotation
sess_02518,user_119,5,create_order
sess_02519,user_120,0,view_phone
sess_02519,user_120,1,purchase_phone
sess_02519,user_120,2,purchase_headphones
sess_02520,user_121,0,open_products
sess_02520,user_121,1,search_laptop
sess_02520,user_121,2,view_laptop
sess_02520,user_121,3,purchase_laptop
sess_02520,user_121,4,purchase_mouse
sess_02520,user_121,5,open_purchases
sess_02521,user_122,0,open_quotations
sess_02521,user_122,1,create_quotation
sess_02521,user_122,2,add_product
sess_02521,user_122,3,save_quotation
sess_02521,user_122,4,send_quotation
sess_02521,user_122,5,create_order
sess_02522,user_123,0,open_orders
sess_02522,user_123,1,create_order
sess_02522,user_123,2,generate_invoice
sess_02522,user_123,3,confirm_payment
sess_02523,user_124,0,open_quotations
sess_02523,user_124,1,create_quotation
sess_02523,user_124,2,add_product
sess_02523,user_124,3,save_quotation
sess_02523,user_124,4,send_quotation
sess_02523,user_124,5,create_order
sess_02524,user_125,0,open_products
sess_02524,user_125,1,search_phone
sess_02524,user_125,2,view_phone
sess_02524,user_125,3,purchase_phone
sess_02524,user_125,4,purchase_phone_case
sess_02525,user_126,0,create_quotation
sess_02525,user_126,1,add_product
sess_02525,user_126,2,set_discount
sess_02525,user_126,3,save_quotation
sess_02525,user_126,4,send_quotation
sess_02525,user_126,5,create_order
sess_02526,user_127,0,view_laptop
sess_02526,user_127,1,purchase_laptop
sess_02526,user_127,2,purchase_headphones
sess_02527,user_128,0,open_products
sess_02527,user_128,1,search_monitor
sess_02527,user_128,2,view_monitor
sess_02527,user_128,3,purchase_monitor
sess_02527,user_128,4,purchase_keyboard
sess_02528,user_129,0,create_order
sess_02528,user_129,1,generate_invoice
sess_02529,user_130,0,login
sess_02529,user_130,1,open_products
sess_02529,user_130,2,search_laptop
sess_02529,user_130,3,view_laptop
sess_02529,user_130,4,purchase_laptop
sess_02529,user_130,5,purchase_headphones
sess_02529,user_130,6,open_purchases
sess_02530,user_131,0,open_products
sess_02530,user_131,1,search_laptop
sess_02530,user_131,2,view_laptop
sess_02530,user_131,3,purchase_laptop
sess_02530,user_131,4,purchase_warranty
sess_02530,user_131,5,open_purchases
sess_02531,user_132,0,view_laptop
sess_02531,user_132,1,purchase_laptop
sess_02531,user_132,2,purchase_headphones
sess_02531,user_132,3,open_purchases
sess_02532,user_133,0,open_products
sess_02532,user_133,1,search_phone
sess_02532,user_133,2,view_phone
sess_02532,user_133,3,purchase_phone
sess_02532,user_133,4,purchase_phone_case
sess_02532,user_133,5,open_purchases
sess_02533,user_134,0,login
sess_02533,user_134,1,open_products
sess_02533,user_134,2,search_laptop
sess_02533,user_134,3,view_laptop
sess_02533,user_134,4,purchase_laptop
sess_02533,user_134,5,purchase_headphones
sess_02534,user_135,0,view_customer
sess_02534,user_135,1,view_customer_quotations
sess_02534,user_135,2,create_quotation
sess_02535,user_136,0,open_products
sess_02535,user_136,1,search_phone
sess_02535,user_136,2,view_phone
sess_02535,user_136,3,purchase_phone
sess_02535,user_136,4,purchase_phone_case
sess_02535,user_136,5,open_purchases
sess_02536,user_137,0,open_products
sess_02536,user_137,1,search_laptop
sess_02536,user_137,2,view_laptop
sess_02536,user_137,3,purchase_laptop
sess_02536,user_137,4,purchase_mouse
sess_02536,user_137,5,open_purchases
sess_02537,user_138,0,open_products
sess_02537,user_138,1,search_laptop
sess_02537,user_138,2,view_laptop
sess_02537,user_138,3,purchase_laptop
sess_02537,user_138,4,purchase_mouse
sess_02537,user_138,5,open_purchases
sess_02538,user_139,0,open_quotations
sess_02538,user_139,1,create_quotation
sess_02538,user_139,2,add_product
sess_02538,user_139,3,save_quotation
sess_02538,user_139,4,send_quotation
sess_02538,user_139,5,create_order
sess_02539,user_140,0,create_quotation
sess_02539,user_140,1,add_product
sess_02539,user_140,2,set_discount
sess_02539,user_140,3,save_quotation
sess_02539,user_140,4,send_quotation
sess_02539,user_140,5,create_order
sess_02540,user_141,0,create_quotation
sess_02540,user_141,1,add_product
sess_02540,user_141,2,set_discount
sess_02540,user_141,3,save_quotation
sess_02540,user_141,4,open_quotations
sess_02541,user_142,0,open_products
sess_02541,user_142,1,search_laptop
sess_02541,user_142,2,view_laptop
sess_02541,user_142,3,purchase_laptop
sess_02541,user_142,4,purchase_laptop_bag
sess_02541,user_142,5,open_purchases
sess_02542,user_143,0,open_customers
sess_02542,user_143,1,view_customer
sess_02542,user_143,2,view_customer_quotations
sess_02542,user_143,3,create_quotation
sess_02543,user_144,0,open_quotations
sess_02543,user_144,1,create_quotation
sess_02543,user_144,2,add_product
sess_02543,user_144,3,set_discount
sess_02543,user_144,4,save_quotation
sess_02543,user_144,5,send_quotation
sess_02543,user_144,6,create_order
sess_02544,user_145,0,open_products
sess_02544,user_145,1,search_phone
sess_02544,user_145,2,view_phone
sess_02544,user_145,3,purchase_phone
sess_02544,user_145,4,purchase_phone_case
sess_02544,user_145,5,open_purchases
sess_02545,user_146,0,view_monitor
sess_02545,user_146,1,purchase_monitor
sess_02545,user_146,2,purchase_headphones
sess_02546,user_147,0,view_customer
sess_02546,user_147,1,update_customer
sess_02547,user_148,0,view_customer
sess_02547,user_148,1,view_customer_orders
sess_02548,user_149,0,open_products
sess_02548,user_149,1,search_monitor
sess_02548,user_149,2,view_monitor
sess_02548,user_149,3,purchase_monitor
sess_02548,user_149,4,purchase_mouse
sess_02549,user_150,0,create_quotation
sess_02549,user_150,1,add_product
sess_02549,user_150,2,set_discount
sess_02549,user_150,3,save_quotation
sess_02549,user_150,4,send_quotation
sess_02549,user_150,5,create_order
sess_02550,user_001,0,open_products
sess_02550,user_001,1,search_phone
sess_02550,user_001,2,view_phone
sess_02550,user_001,3,purchase_phone
sess_02550,user_001,4,purchase_phone_case
sess_02551,user_002,0,login
sess_02551,user_002,1,open_products
sess_02551,user_002,2,search_laptop
sess_02551,user_002,3,view_laptop
sess_02551,user_002,4,purchase_laptop
sess_02551,user_002,5,purchase_laptop_bag
sess_02551,user_002,6,open_purchases
sess_02552,user_003,0,view_laptop
sess_02552,user_003,1,purchase_laptop
sess_02552,user_003,2,purchase_headphones
sess_02552,user_003,3,open_purchases
sess_02553,user_004,0,open_products
sess_02553,user_004,1,search_laptop
sess_02553,user_004,2,view_laptop
sess_02553,user_004,3,purchase_laptop
sess_02553,user_004,4,purchase_headphones
sess_02553,user_004,5,open_purchases
sess_02554,user_005,0,view_laptop
sess_02554,user_005,1,purchase_laptop
sess_02554,user_005,2,purchase_headphones
sess_02554,user_005,3,open_purchases
sess_02555,user_006,0,open_products
sess_02555,user_006,1,search_phone
sess_02555,user_006,2,view_phone
sess_02555,user_006,3,purchase_phone
sess_02555,user_006,4,purchase_headphones
sess_02555,user_006,5,open_purchases
sess_02556,user_007,0,create_quotation
sess_02556,user_007,1,add_product
sess_02556,user_007,2,save_quotation
sess_02556,user_007,3,open_quotations
sess_02557,user_008,0,create_order
sess_02557,user_008,1,generate_invoice
sess_02557,user_008,2,confirm_payment
sess_02558,user_009,0,view_phone
sess_02558,user_009,1,purchase_phone
sess_02558,user_009,2,purchase_headphones
sess_02558,user_009,3,open_purchases
sess_02559,user_010,0,view_laptop
sess_02559,user_010,1,purchase_laptop
sess_02559,user_010,2,purchase_mouse
sess_02560,user_011,0,open_products
sess_02560,user_011,1,search_laptop
sess_02560,user_011,2,view_laptop
sess_02560,user_011,3,purchase_laptop
sess_02560,user_011,4,purchase_laptop_bag
sess_02560,user_011,5,open_purchases
sess_02561,user_012,0,open_quotations
sess_02561,user_012,1,create_quotation
sess_02561,user_012,2,add_product
sess_02561,user_012,3,set_discount
sess_02561,user_012,4,save_quotation
sess_02561,user_012,5,send_quotation
sess_02562,user_013,0,view_laptop
sess_02562,user_013,1,purchase_laptop
sess_02562,user_013,2,purchase_mouse
sess_02563,user_014,0,login
sess_02563,user_014,1,open_products
sess_02563,user_014,2,search_phone
sess_02563,user_014,3,view_phone
sess_02563,user_014,4,purchase_phone
sess_02563,user_014,5,purchase_phone_case
sess_02564,user_015,0,view_monitor
sess_02564,user_015,1,purchase_monitor
sess_02564,user_015,2,purchase_keyboard
sess_02565,user_016,0,view_customer
sess_02565,user_016,1,view_customer_quotations
sess_02566,user_017,0,view_monitor
sess_02566,user_017,1,purchase_monitor
sess_02566,user_017,2,purchase_keyboard
sess_02567,user_018,0,open_products
sess_02567,user_018,1,search_phone
sess_02567,user_018,2,view_phone
sess_02567,user_018,3,purchase_phone
sess_02567,user_018,4,purchase_phone_case
sess_02567,user_018,5,open_purchases
sess_02568,user_019,0,login
sess_02568,user_019,1,open_products
sess_02568,user_019,2,search_laptop
sess_02568,user_019,3,view_laptop
sess_02568,user_019,4,purchase_laptop
sess_02568,user_019,5,purchase_headphones
sess_02568,user_019,6,open_purchases
sess_02569,user_020,0,open_products
sess_02569,user_020,1,search_phone
sess_02569,user_020,2,view_phone
sess_02569,user_020,3,purchase_phone
sess_02569,user_020,4,purchase_phone_case
sess_02569,user_020,5,open_purchases
sess_02570,user_021,0,open_products
sess_02570,user_021,1,search_monitor
sess_02570,user_021,2,view_monitor
sess_02570,user_021,3,purchase_monitor
sess_02570,user_021,4,purchase_keyboard
sess_02571,user_022,0,view_laptop
sess_02571,user_022,1,purchase_laptop
sess_02571,user_022,2,purchase_headphones
sess_02572,user_023,0,create_quotation
sess_02572,user_023,1,add_product
sess_02572,user_023,2,set_discount
sess_02572,user_023,3,save_quotation
sess_02572,user_023,4,send_quotation
sess_02572,user_023,5,create_order
sess_02573,user_024,0,open_quotations
sess_02573,user_024,1,create_quotation
sess_02573,user_024,2,add_product
sess_02573,user_024,3,save_quotation
sess_02573,user_024,4,send_quotation
sess_02574,user_025,0,view_laptop
sess_02574,user_025,1,purchase_laptop
sess_02574,user_025,2,purchase_headphones
sess_02575,user_026,0,open_products
sess_02575,user_026,1,search_laptop
sess_02575,user_026,2,view_laptop
sess_02575,user_026,3,purchase_laptop
sess_02575,user_026,4,purchase_headphones
sess_02575,user_026,5,open_purchases
sess_02576,user_027,0,view_laptop
sess_02576,user_027,1,purchase_laptop
sess_02576,user_027,2,purchase_headphones
sess_02576,user_027,3,open_purchases
sess_02577,user_028,0,open_products
sess_02577,user_028,1,search_laptop
sess_02577,user_028,2,view_laptop
sess_02577,user_028,3,purchase_laptop
sess_02577,user_028,4,purchase_headphones
sess_02577,user_028,5,open_purchases
sess_02578,user_029,0,open_quotations
sess_02578,user_029,1,create_quotation
sess_02578,user_029,2,add_product
sess_02578,user_029,3,set_discount
sess_02578,user_029,4,save_quotation
sess_02578,user_029,5,open_quotations
sess_02579,user_030,0,view_laptop
sess_02579,user_030,1,purchase_laptop
sess_02579,user_030,2,purchase_headphones
sess_02579,user_030,3,open_purchases
sess_02580,user_031,0,open_quotations
sess_02580,user_031,1,create_quotation
sess_02580,user_031,2,add_product
sess_02580,user_031,3,save_quotation
sess_02580,user_031,4,send_quotation
sess_02580,user_031,5,create_order
sess_02581,user_032,0,create_quotation
sess_02581,user_032,1,add_product
sess_02581,user_032,2,save_quotation
sess_02581,user_032,3,send_quotation
sess_02581,user_032,4,create_order
sess_02582,user_033,0,open_quotations
sess_02582,user_033,1,create_quotation
sess_02582,user_033,2,add_product
sess_02582,user_033,3,set_discount
sess_02582,user_033,4,save_quotation
sess_02582,user_033,5,send_quotation
sess_02582,user_033,6,create_order
sess_02583,user_034,0,open_quotations
sess_02583,user_034,1,create_quotation
sess_02583,user_034,2,add_product
sess_02583,user_034,3,set_discount
sess_02583,user_034,4,save_quotation
sess_02583,user_034,5,send_quotation
sess_02583,user_034,6,create_order
sess_02584,user_035,0,view_phone
sess_02584,user_035,1,purchase_phone
sess_02584,user_035,2,purchase_headphones
sess_02584,user_035,3,open_purchases
sess_02585,user_036,0,open_customers
sess_02585,user_036,1,view_customer
sess_02585,user_036,2,view_customer_quotations
sess_02585,user_036,3,create_quotation
sess_02586,user_037,0,open_quotations
sess_02586,user_037,1,create_quotation
sess_02586,user_037,2,add_product
sess_02586,user_037,3,save_quotation
sess_02586,user_037,4,send_quotation
sess_02586,user_037,5,create_order
sess_02587,user_038,0,open_products
sess_02587,user_038,1,search_laptop
sess_02587,user_038,2,view_laptop
sess_02587,user_038,3,purchase_laptop
sess_02587,user_038,4,purchase_mouse
sess_02587,user_038,5,open_purchases
sess_02588,user_039,0,open_products
sess_02588,user_039,1,search_monitor
sess_02588,user_039,2,view_monitor
sess_02588,user_039,3,purchase_monitor
sess_02588,user_039,4,purchase_keyboard
sess_02589,user_040,0,open_customers
sess_02589,user_040,1,view_customer
sess_02589,user_040,2,view_customer_quotations
sess_02589,user_040,3,create_quotation
sess_02590,user_041,0,open_quotations
sess_02590,user_041,1,create_quotation
sess_02590,user_041,2,add_product
sess_02590,user_041,3,save_quotation
sess_02590,user_041,4,open_quotations
sess_02591,user_042,0,create_quotation
sess_02591,user_042,1,add_product
sess_02591,user_042,2,set_discount
sess_02591,user_042,3,save_quotation
sess_02591,user_042,4,send_quotation
sess_02592,user_043,0,open_orders
sess_02592,user_043,1,create_order
sess_02592,user_043,2,generate_invoice
sess_02592,user_043,3,confirm_payment
sess_02593,user_044,0,create_order
sess_02593,user_044,1,assign_delivery
sess_02594,user_045,0,open_orders
sess_02594,user_045,1,create_order
sess_02594,user_045,2,assign_delivery
sess_02595,user_046,0,open_quotations
sess_02595,user_046,1,create_quotation
sess_02595,user_046,2,add_product
sess_02595,user_046,3,set_discount
sess_02595,user_046,4,save_quotation
sess_02595,user_046,5,open_quotations
sess_02596,user_047,0,open_orders
sess_02596,user_047,1,create_order
sess_02596,user_047,2,generate_invoice
sess_02597,user_048,0,open_products
sess_02597,user_048,1,search_phone
sess_02597,user_048,2,view_phone
sess_02597,user_048,3,purchase_phone
sess_02597,user_048,4,purchase_phone_case
sess_02597,user_048,5,open_purchases
sess_02598,user_049,0,open_customers
sess_02598,user_049,1,view_customer
sess_02598,user_049,2,view_customer_quotations
sess_02598,user_049,3,create_quotation
sess_02599,user_050,0,open_products
sess_02599,user_050,1,search_laptop
sess_02599,user_050,2,view_laptop
sess_02599,user_050,3,purchase_laptop
sess_02599,user_050,4,purchase_headphones
sess_02599,user_050,5,open_purchases
sess_02600,user_051,0,open_customers
sess_02600,user_051,1,view_customer
sess_02600,user_051,2,view_customer_quotations
sess_02600,user_051,3,create_quotation
sess_02601,user_052,0,view_phone
sess_02601,user_052,1,purchase_phone
sess_02601,user_052,2,purchase_warranty
sess_02601,user_052,3,open_purchases
sess_02602,user_053,0,view_customer
sess_02602,user_053,1,view_customer_orders
sess_02603,user_054,0,open_products
sess_02603,user_054,1,search_laptop
sess_02603,user_054,2,view_laptop
sess_02603,user_054,3,purchase_laptop
sess_02603,user_054,4,purchase_mouse
sess_02603,user_054,5,open_purchases
sess_02604,user_055,0,create_quotation
sess_02604,user_055,1,add_product
sess_02604,user_055,2,save_quotation
sess_02604,user_055,3,send_quotation
sess_02604,user_055,4,create_order
sess_02605,user_056,0,open_products
sess_02605,user_056,1,search_phone
sess_02605,user_056,2,view_phone
sess_02605,user_056,3,purchase_phone
sess_02605,user_056,4,purchase_phone_case
sess_02606,user_057,0,open_products
sess_02606,user_057,1,search_monitor
sess_02606,user_057,2,view_monitor
sess_02606,user_057,3,purchase_monitor
sess_02606,user_057,4,purchase_keyboard
sess_02607,user_058,0,open_quotations
sess_02607,user_058,1,create_quotation
sess_02607,user_058,2,add_product
sess_02607,user_058,3,set_discount
sess_02607,user_058,4,save_quotation
sess_02607,user_058,5,open_quotations
sess_02608,user_059,0,view_monitor
sess_02608,user_059,1,purchase_monitor
sess_02608,user_059,2,purchase_headphones
sess_02609,user_060,0,open_quotations
sess_02609,user_060,1,create_quotation
sess_02609,user_060,2,add_product
sess_02609,user_060,3,set_discount
sess_02609,user_060,4,save_quotation
sess_02609,user_060,5,send_quotation
sess_02609,user_060,6,create_order
sess_02610,user_061,0,view_phone
sess_02610,user_061,1,purchase_phone
sess_02610,user_061,2,purchase_phone_case
sess_02610,user_061,3,open_purchases
sess_02611,user_062,0,open_customers
sess_02611,user_062,1,view_customer
sess_02611,user_062,2,update_customer
sess_02612,user_063,0,open_products
sess_02612,user_063,1,search_phone
sess_02612,user_063,2,view_phone
sess_02612,user_063,3,purchase_phone
sess_02612,user_063,4,purchase_headphones
sess_02613,user_064,0,open_products
sess_02613,user_064,1,search_phone
sess_02613,user_064,2,view_phone
sess_02613,user_064,3,purchase_phone
sess_02613,user_064,4,purchase_headphones
sess_02613,user_064,5,open_purchases
sess_02614,user_065,0,view_customer
sess_02614,user_065,1,view_customer_quotations
sess_02614,user_065,2,create_quotation
sess_02615,user_066,0,open_products
sess_02615,user_066,1,search_monitor
sess_02615,user_066,2,view_monitor
sess_02615,user_066,3,purchase_monitor
sess_02615,user_066,4,purchase_keyboard
sess_02616,user_067,0,view_phone
sess_02616,user_067,1,purchase_phone
sess_02616,user_067,2,purchase_headphones
sess_02616,user_067,3,open_purchases
sess_02617,user_068,0,view_laptop
sess_02617,user_068,1,purchase_laptop
sess_02617,user_068,2,purchase_mouse
sess_02617,user_068,3,open_purchases
sess_02618,user_069,0,open_products
sess_02618,user_069,1,search_phone
sess_02618,user_069,2,view_phone
sess_02618,user_069,3,purchase_phone
sess_02618,user_069,4,purchase_phone_case
sess_02618,user_069,5,open_purchases
sess_02619,user_070,0,login
sess_02619,user_070,1,open_products
sess_02619,user_070,2,search_phone
sess_02619,user_070,3,view_phone
sess_02619,user_070,4,purchase_phone
sess_02619,user_070,5,purchase_phone_case
sess_02619,user_070,6,open_purchases
sess_02620,user_071,0,open_quotations
sess_02620,user_071,1,create_quotation
sess_02620,user_071,2,add_product
sess_02620,user_071,3,set_discount
sess_02620,user_071,4,save_quotation
sess_02620,user_071,5,open_quotations
sess_02621,user_072,0,open_products
sess_02621,user_072,1,search_monitor
sess_02621,user_072,2,view_monitor
sess_02621,user_072,3,purchase_monitor
sess_02621,user_072,4,purchase_mouse
sess_02622,user_073,0,open_quotations
sess_02622,user_073,1,create_quotation
sess_02622,user_073,2,add_product
sess_02622,user_073,3,set_discount
sess_02622,user_073,4,save_quotation
sess_02622,user_073,5,send_quotation
sess_02622,user_073,6,create_order
sess_02623,user_074,0,open_products
sess_02623,user_074,1,search_phone
sess_02623,user_074,2,view_phone
sess_02623,user_074,3,purchase_phone
sess_02623,user_074,4,purchase_warranty
sess_02623,user_074,5,open_purchases
sess_02624,user_075,0,open_products
sess_02624,user_075,1,search_laptop
sess_02624,user_075,2,view_laptop
sess_02624,user_075,3,purchase_laptop
sess_02624,user_075,4,purchase_headphones
sess_02625,user_076,0,open_products
sess_02625,user_076,1,search_monitor
sess_02625,user_076,2,view_monitor
sess_02625,user_076,3,purchase_monitor
sess_02625,user_076,4,purchase_keyboard
sess_02626,user_077,0,open_products
sess_02626,user_077,1,search_laptop
sess_02626,user_077,2,view_laptop
sess_02626,user_077,3,purchase_laptop
sess_02626,user_077,4,purchase_headphones
sess_02626,user_077,5,open_purchases
sess_02627,user_078,0,open_products
sess_02627,user_078,1,search_phone
sess_02627,user_078,2,view_phone
sess_02627,user_078,3,purchase_phone
sess_02627,user_078,4,purchase_headphones
sess_02627,user_078,5,open_purchases
sess_02628,user_079,0,open_products
sess_02628,user_079,1,search_laptop
sess_02628,user_079,2,view_laptop
sess_02628,user_079,3,purchase_laptop
sess_02628,user_079,4,purchase_mouse
sess_02628,user_079,5,open_purchases
sess_02629,user_080,0,open_products
sess_02629,user_080,1,search_phone
sess_02629,user_080,2,view_phone
sess_02629,user_080,3,purchase_phone
sess_02629,user_080,4,purchase_warranty
sess_02629,user_080,5,open_purchases
sess_02630,user_081,0,login
sess_02630,user_081,1,open_products
sess_02630,user_081,2,search_laptop
sess_02630,user_081,3,view_laptop
sess_02630,user_081,4,purchase_laptop
sess_02630,user_081,5,purchase_mouse
sess_02630,user_081,6,open_purchases
sess_02631,user_082,0,open_products
sess_02631,user_082,1,search_phone
sess_02631,user_082,2,view_phone
sess_02631,user_082,3,purchase_phone
sess_02631,user_082,4,purchase_phone_case
sess_02631,user_082,5,open_purchases
sess_02632,user_083,0,create_order
sess_02632,user_083,1,assign_delivery
sess_02633,user_084,0,view_phone
sess_02633,user_084,1,purchase_phone
sess_02633,user_084,2,purchase_warranty
sess_02634,user_085,0,open_products
sess_02634,user_085,1,search_phone
sess_02634,user_085,2,view_phone
sess_02634,user_085,3,purchase_phone
sess_02634,user_085,4,purchase_warranty
sess_02634,user_085,5,open_purchases
sess_02635,user_086,0,create_quotation
sess_02635,user_086,1,add_product
sess_02635,user_086,2,save_quotation
sess_02635,user_086,3,send_quotation
sess_02635,user_086,4,create_order
sess_02636,user_087,0,open_products
sess_02636,user_087,1,search_laptop
sess_02636,user_087,2,view_laptop
sess_02636,user_087,3,purchase_laptop
sess_02636,user_087,4,purchase_headphones
sess_02636,user_087,5,open_purchases
sess_02637,user_088,0,open_customers
sess_02637,user_088,1,view_customer
sess_02637,user_088,2,view_customer_orders
sess_02638,user_089,0,open_products
sess_02638,user_089,1,search_phone
sess_02638,user_089,2,view_phone
sess_02638,user_089,3,purchase_phone
sess_02638,user_089,4,purchase_headphones
sess_02638,user_089,5,open_purchases
sess_02639,user_090,0,create_quotation
sess_02639,user_090,1,add_product
sess_02639,user_090,2,set_discount
sess_02639,user_090,3,save_quotation
sess_02639,user_090,4,send_quotation
sess_02639,user_090,5,create_order
sess_02640,user_091,0,view_customer
sess_02640,user_091,1,view_customer_quotations
sess_02640,user_091,2,create_quotation
sess_02641,user_092,0,open_products
sess_02641,user_092,1,search_laptop
sess_02641,user_092,2,view_laptop
sess_02641,user_092,3,purchase_laptop
sess_02641,user_092,4,purchase_headphones
sess_02641,user_092,5,open_purchases
sess_02642,user_093,0,view_monitor
sess_02642,user_093,1,purchase_monitor
sess_02642,user_093,2,purchase_keyboard
sess_02643,user_094,0,open_products
sess_02643,user_094,1,search_laptop
sess_02643,user_094,2,view_laptop
sess_02643,user_094,3,purchase_laptop
sess_02643,user_094,4,purchase_headphones
sess_02643,user_094,5,open_purchases
sess_02644,user_095,0,login
sess_02644,user_095,1,open_products
sess_02644,user_095,2,search_phone
sess_02644,user_095,3,view_phone
sess_02644,user_095,4,purchase_phone
sess_02644,user_095,5,purchase_phone_case
sess_02644,user_095,6,open_purchases
sess_02645,user_096,0,open_products
sess_02645,user_096,1,search_phone
sess_02645,user_096,2,view_phone
sess_02645,user_096,3,purchase_phone
sess_02645,user_096,4,purchase_warranty
sess_02645,user_096,5,open_purchases
sess_02646,user_097,0,open_products
sess_02646,user_097,1,search_phone
sess_02646,user_097,2,view_phone
sess_02646,user_097,3,purchase_phone
sess_02646,user_097,4,purchase_phone_case
sess_02646,user_097,5,open_purchases
sess_02647,user_098,0,open_quotations
sess_02647,user_098,1,create_quotation
sess_02647,user_098,2,add_product
sess_02647,user_098,3,set_discount
sess_02647,user_098,4,save_quotation
sess_02647,user_098,5,send_quotation
sess_02647,user_098,6,create_order
sess_02648,user_099,0,login
sess_02648,user_099,1,open_products
sess_02648,user_099,2,search_laptop
sess_02648,user_099,3,view_laptop
sess_02648,user_099,4,purchase_laptop
sess_02648,user_099,5,purchase_headphones
sess_02648,user_099,6,open_purchases
sess_02649,user_100,0,open_products
sess_02649,user_100,1,search_phone
sess_02649,user_100,2,view_phone
sess_02649,user_100,3,purchase_phone
sess_02649,user_100,4,purchase_warranty
sess_02649,user_100,5,open_purchases
sess_02650,user_101,0,open_products
sess_02650,user_101,1,search_phone
sess_02650,user_101,2,view_phone
sess_02650,user_101,3,purchase_phone
sess_02650,user_101,4,purchase_phone_case
sess_02650,user_101,5,open_purchases
sess_02651,user_102,0,open_quotations
sess_02651,user_102,1,create_quotation
sess_02651,user_102,2,add_product
sess_02651,user_102,3,set_discount
sess_02651,user_102,4,save_quotation
sess_02651,user_102,5,send_quotation
sess_02652,user_103,0,view_laptop
sess_02652,user_103,1,purchase_laptop
sess_02652,user_103,2,purchase_headphones
sess_02652,user_103,3,open_purchases
sess_02653,user_104,0,open_orders
sess_02653,user_104,1,create_order
sess_02653,user_104,2,generate_invoice
sess_02654,user_105,0,open_products
sess_02654,user_105,1,search_laptop
sess_02654,user_105,2,view_laptop
sess_02654,user_105,3,purchase_laptop
sess_02654,user_105,4,purchase_warranty
sess_02654,user_105,5,open_purchases
sess_02655,user_106,0,open_products
sess_02655,user_106,1,search_laptop
sess_02655,user_106,2,view_laptop
sess_02655,user_106,3,purchase_laptop
sess_02655,user_106,4,purchase_mouse
sess_02656,user_107,0,open_products
sess_02656,user_107,1,search_phone
sess_02656,user_107,2,view_phone
sess_02656,user_107,3,purchase_phone
sess_02656,user_107,4,purchase_headphones
sess_02656,user_107,5,open_purchases
sess_02657,user_108,0,open_products
sess_02657,user_108,1,search_monitor
sess_02657,user_108,2,view_monitor
sess_02657,user_108,3,purchase_monitor
sess_02657,user_108,4,purchase_keyboard
sess_02658,user_109,0,login
sess_02658,user_109,1,open_products
sess_02658,user_109,2,search_laptop
sess_02658,user_109,3,view_laptop
sess_02658,user_109,4,purchase_laptop
sess_02658,user_109,5,purchase_mouse
sess_02658,user_109,6,open_purchases
sess_02659,user_110,0,open_products
sess_02659,user_110,1,search_monitor
sess_02659,user_110,2,view_monitor
sess_02659,user_110,3,purchase_monitor
sess_02659,user_110,4,purchase_mouse
sess_02660,user_111,0,open_products
sess_02660,user_111,1,search_phone
sess_02660,user_111,2,view_phone
sess_02660,user_111,3,purchase_phone
sess_02660,user_111,4,purchase_headphones
sess_02660,user_111,5,open_purchases
sess_02661,user_112,0,open_orders
sess_02661,user_112,1,create_order
sess_02661,user_112,2,generate_invoice
sess_02661,user_112,3,confirm_payment
sess_02662,user_113,0,open_products
sess_02662,user_113,1,search_phone
sess_02662,user_113,2,view_phone
sess_02662,user_113,3,purchase_phone
sess_02662,user_113,4,purchase_phone_case
sess_02663,user_114,0,login
sess_02663,user_114,1,open_products
sess_02663,user_114,2,search_phone
sess_02663,user_114,3,view_phone
sess_02663,user_114,4,purchase_phone
sess_02663,user_114,5,purchase_phone_case
sess_02663,user_114,6,open_purchases
sess_02664,user_115,0,open_products
sess_02664,user_115,1,search_monitor
sess_02664,user_115,2,view_monitor
sess_02664,user_115,3,purchase_monitor
sess_02664,user_115,4,purchase_keyboard
sess_02665,user_116,0,create_order
sess_02665,user_116,1,generate_invoice
sess_02666,user_117,0,open_products
sess_02666,user_117,1,search_phone
sess_02666,user_117,2,view_phone
sess_02666,user_117,3,purchase_phone
sess_02666,user_117,4,purchase_phone_case
sess_02666,user_117,5,open_purchases
sess_02667,user_118,0,open_products
sess_02667,user_118,1,search_laptop
sess_02667,user_118,2,view_laptop
sess_02667,user_118,3,purchase_laptop
sess_02667,user_118,4,purchase_mouse
sess_02668,user_119,0,create_quotation
sess_02668,user_119,1,add_product
sess_02668,user_119,2,save_quotation
sess_02668,user_119,3,open_quotations
sess_02669,user_120,0,open_products
sess_02669,user_120,1,search_laptop
sess_02669,user_120,2,view_laptop
sess_02669,user_120,3,purchase_laptop
sess_02669,user_120,4,purchase_laptop_bag
sess_02669,user_120,5,open_purchases
sess_02670,user_121,0,create_order
sess_02670,user_121,1,generate_invoice
sess_02670,user_121,2,confirm_payment
sess_02671,user_122,0,open_customers
sess_02671,user_122,1,view_customer
sess_02671,user_122,2,view_customer_quotations
sess_02671,user_122,3,create_quotation
sess_02672,user_123,0,view_monitor
sess_02672,user_123,1,purchase_monitor
sess_02672,user_123,2,purchase_mouse
sess_02673,user_124,0,create_order
sess_02673,user_124,1,generate_invoice
sess_02673,user_124,2,confirm_payment
sess_02674,user_125,0,view_phone
sess_02674,user_125,1,purchase_phone
sess_02674,user_125,2,purchase_phone_case
sess_02675,user_126,0,open_products
sess_02675,user_126,1,search_laptop
sess_02675,user_126,2,view_laptop
sess_02675,user_126,3,purchase_laptop
sess_02675,user_126,4,purchase_mouse
sess_02676,user_127,0,create_order
sess_02676,user_127,1,generate_invoice
sess_02676,user_127,2,confirm_payment
sess_02677,user_128,0,view_laptop
sess_02677,user_128,1,purchase_laptop
sess_02677,user_128,2,purchase_mouse
sess_02677,user_128,3,open_purchases
sess_02678,user_129,0,open_products
sess_02678,user_129,1,search_monitor
sess_02678,user_129,2,view_monitor
sess_02678,user_129,3,purchase_monitor
sess_02678,user_129,4,purchase_keyboard
sess_02679,user_130,0,open_quotations
sess_02679,user_130,1,create_quotation
sess_02679,user_130,2,add_product
sess_02679,user_130,3,set_discount
sess_02679,user_130,4,save_quotation
sess_02679,user_130,5,open_quotations
sess_02680,user_131,0,open_quotations
sess_02680,user_131,1,create_quotation
sess_02680,user_131,2,add_product
sess_02680,user_131,3,save_quotation
sess_02680,user_131,4,send_quotation
sess_02680,user_131,5,create_order
sess_02681,user_132,0,open_products
sess_02681,user_132,1,search_phone
sess_02681,user_132,2,view_phone
sess_02681,user_132,3,purchase_phone
sess_02681,user_132,4,purchase_phone_case
sess_02681,user_132,5,open_purchases
sess_02682,user_133,0,view_customer
sess_02682,user_133,1,view_customer_quotations
sess_02682,user_133,2,create_quotation
sess_02683,user_134,0,open_products
sess_02683,user_134,1,search_phone
sess_02683,user_134,2,view_phone
sess_02683,user_134,3,purchase_phone
sess_02683,user_134,4,purchase_warranty
sess_02684,user_135,0,open_products
sess_02684,user_135,1,search_laptop
sess_02684,user_135,2,view_laptop
sess_02684,user_135,3,purchase_laptop
sess_02684,user_135,4,purchase_mouse
sess_02684,user_135,5,open_purchases
sess_02685,user_136,0,open_customers
sess_02685,user_136,1,view_customer
sess_02685,user_136,2,view_customer_quotations
sess_02685,user_136,3,create_quotation
sess_02686,user_137,0,open_products
sess_02686,user_137,1,search_phone
sess_02686,user_137,2,view_phone
sess_02686,user_137,3,purchase_phone
sess_02686,user_137,4,purchase_headphones
sess_02686,user_137,5,open_purchases
sess_02687,user_138,0,view_monitor
sess_02687,user_138,1,purchase_monitor
sess_02687,user_138,2,purchase_mouse
sess_02688,user_139,0,open_products
sess_02688,user_139,1,search_laptop
sess_02688,user_139,2,view_laptop
sess_02688,user_139,3,purchase_laptop
sess_02688,user_139,4,purchase_headphones
sess_02688,user_139,5,open_purchases
sess_02689,user_140,0,open_products
sess_02689,user_140,1,search_phone
sess_02689,user_140,2,view_phone
sess_02689,user_140,3,purchase_phone
sess_02689,user_140,4,purchase_warranty
sess_02689,user_140,5,open_purchases
sess_02690,user_141,0,open_quotations
sess_02690,user_141,1,create_quotation
sess_02690,user_141,2,add_product
sess_02690,user_141,3,set_discount
sess_02690,user_141,4,save_quotation
sess_02690,user_141,5,send_quotation
sess_02691,user_142,0,open_quotations
sess_02691,user_142,1,create_quotation
sess_02691,user_142,2,add_product
sess_02691,user_142,3,set_discount
sess_02691,user_142,4,save_quotation
sess_02691,user_142,5,send_quotation
sess_02691,user_142,6,create_order
sess_02692,user_143,0,open_products
sess_02692,user_143,1,search_laptop
sess_02692,user_143,2,view_laptop
sess_02692,user_143,3,purchase_laptop
sess_02692,user_143,4,purchase_headphones
sess_02692,user_143,5,open_purchases
sess_02693,user_144,0,view_laptop
sess_02693,user_144,1,purchase_laptop
sess_02693,user_144,2,purchase_warranty
sess_02693,user_144,3,open_purchases
sess_02694,user_145,0,open_products
sess_02694,user_145,1,search_monitor
sess_02694,user_145,2,view_monitor
sess_02694,user_145,3,purchase_monitor
sess_02694,user_145,4,purchase_keyboard
sess_02695,user_146,0,view_laptop
sess_02695,user_146,1,purchase_laptop
sess_02695,user_146,2,purchase_headphones
sess_02696,user_147,0,open_products
sess_02696,user_147,1,search_phone
sess_02696,user_147,2,view_phone
sess_02696,user_147,3,purchase_phone
sess_02696,user_147,4,purchase_phone_case
sess_02696,user_147,5,open_purchases
sess_02697,user_148,0,open_customers
sess_02697,user_148,1,view_customer
sess_02697,user_148,2,update_customer
sess_02698,user_149,0,open_products
sess_02698,user_149,1,search_phone
sess_02698,user_149,2,view_phone
sess_02698,user_149,3,purchase_phone
sess_02698,user_149,4,purchase_phone_case
sess_02698,user_149,5,open_purchases
sess_02699,user_150,0,create_quotation
sess_02699,user_150,1,add_product
sess_02699,user_150,2,set_discount
sess_02699,user_150,3,save_quotation
sess_02699,user_150,4,send_quotation
sess_02699,user_150,5,create_order
sess_02700,user_001,0,view_customer
sess_02700,user_001,1,view_customer_orders
sess_02701,user_002,0,view_customer
sess_02701,user_002,1,view_customer_quotations
sess_02701,user_002,2,create_quotation
sess_02702,user_003,0,view_laptop
sess_02702,user_003,1,purchase_laptop
sess_02702,user_003,2,purchase_headphones
sess_02702,user_003,3,open_purchases
sess_02703,user_004,0,view_laptop
sess_02703,user_004,1,purchase_laptop
sess_02703,user_004,2,purchase_mouse
sess_02704,user_005,0,open_orders
sess_02704,user_005,1,create_order
sess_02704,user_005,2,generate_invoice
sess_02704,user_005,3,confirm_payment
sess_02705,user_006,0,view_laptop
sess_02705,user_006,1,purchase_laptop
sess_02705,user_006,2,purchase_mouse
sess_02705,user_006,3,open_purchases
sess_02706,user_007,0,open_quotations
sess_02706,user_007,1,create_quotation
sess_02706,user_007,2,add_product
sess_02706,user_007,3,set_discount
sess_02706,user_007,4,save_quotation
sess_02706,user_007,5,send_quotation
sess_02706,user_007,6,create_order
sess_02707,user_008,0,open_products
sess_02707,user_008,1,search_laptop
sess_02707,user_008,2,view_laptop
sess_02707,user_008,3,purchase_laptop
sess_02707,user_008,4,purchase_mouse
sess_02707,user_008,5,open_purchases
sess_02708,user_009,0,view_customer
sess_02708,user_009,1,view_customer_quotations
sess_02708,user_009,2,create_quotation
sess_02709,user_010,0,view_monitor
sess_02709,user_010,1,purchase_monitor
sess_02709,user_010,2,purchase_keyboard
sess_02710,user_011,0,view_monitor
sess_02710,user_011,1,purchase_monitor
sess_02710,user_011,2,purchase_keyboard
sess_02711,user_012,0,open_quotations
sess_02711,user_012,1,create_quotation
sess_02711,user_012,2,add_product
sess_02711,user_012,3,set_discount
sess_02711,user_012,4,save_quotation
sess_02711,user_012,5,send_quotation
sess_02711,user_012,6,create_order
sess_02712,user_013,0,open_products
sess_02712,user_013,1,search_monitor
sess_02712,user_013,2,view_monitor
sess_02712,user_013,3,purchase_monitor
sess_02712,user_013,4,purchase_keyboard
sess_02713,user_014,0,view_monitor
sess_02713,user_014,1,purchase_monitor
sess_02713,user_014,2,purchase_headphones
sess_02714,user_015,0,view_laptop
sess_02714,user_015,1,purchase_laptop
sess_02714,user_015,2,purchase_headphones
sess_02715,user_016,0,open_products
sess_02715,user_016,1,search_monitor
sess_02715,user_016,2,view_monitor
sess_02715,user_016,3,purchase_monitor
sess_02715,user_016,4,purchase_keyboard
sess_02716,user_017,0,create_quotation
sess_02716,user_017,1,add_product
sess_02716,user_017,2,set_discount
sess_02716,user_017,3,save_quotation
sess_02716,user_017,4,send_quotation
sess_02716,user_017,5,create_order
sess_02717,user_018,0,view_monitor
sess_02717,user_018,1,purchase_monitor
sess_02717,user_018,2,purchase_keyboard
sess_02718,user_019,0,open_customers
sess_02718,user_019,1,view_customer
sess_02718,user_019,2,view_customer_quotations
sess_02718,user_019,3,create_quotation
sess_02719,user_020,0,open_products
sess_02719,user_020,1,search_phone
sess_02719,user_020,2,view_phone
sess_02719,user_020,3,purchase_phone
sess_02719,user_020,4,purchase_warranty
sess_02720,user_021,0,open_products
sess_02720,user_021,1,search_phone
sess_02720,user_021,2,view_phone
sess_02720,user_021,3,purchase_phone
sess_02720,user_021,4,purchase_warranty
sess_02720,user_021,5,open_purchases
sess_02721,user_022,0,open_products
sess_02721,user_022,1,search_laptop
sess_02721,user_022,2,view_laptop
sess_02721,user_022,3,purchase_laptop
sess_02721,user_022,4,purchase_headphones
sess_02721,user_022,5,open_purchases
sess_02722,user_023,0,open_orders
sess_02722,user_023,1,create_order
sess_02722,user_023,2,generate_invoice
sess_02722,user_023,3,confirm_payment
sess_02723,user_024,0,view_laptop
sess_02723,user_024,1,purchase_laptop
sess_02723,user_024,2,purchase_headphones
sess_02723,user_024,3,open_purchases
sess_02724,user_025,0,view_phone
sess_02724,user_025,1,purchase_phone
sess_02724,user_025,2,purchase_phone_case
sess_02724,user_025,3,open_purchases
sess_02725,user_026,0,open_products
sess_02725,user_026,1,search_monitor
sess_02725,user_026,2,view_monitor
sess_02725,user_026,3,purchase_monitor
sess_02725,user_026,4,purchase_keyboard
sess_02726,user_027,0,create_quotation
sess_02726,user_027,1,add_product
sess_02726,user_027,2,save_quotation
sess_02726,user_027,3,send_quotation
sess_02726,user_027,4,create_order
sess_02727,user_028,0,create_order
sess_02727,user_028,1,generate_invoice
sess_02727,user_028,2,confirm_payment
sess_02728,user_029,0,open_quotations
sess_02728,user_029,1,create_quotation
sess_02728,user_029,2,add_product
sess_02728,user_029,3,save_quotation
sess_02728,user_029,4,send_quotation
sess_02729,user_030,0,open_products
sess_02729,user_030,1,search_phone
sess_02729,user_030,2,view_phone
sess_02729,user_030,3,purchase_phone
sess_02729,user_030,4,purchase_phone_case
sess_02729,user_030,5,open_purchases
sess_02730,user_031,0,open_quotations
sess_02730,user_031,1,create_quotation
sess_02730,user_031,2,add_product
sess_02730,user_031,3,set_discount
sess_02730,user_031,4,save_quotation
sess_02730,user_031,5,send_quotation
sess_02730,user_031,6,create_order
sess_02731,user_032,0,open_quotations
sess_02731,user_032,1,create_quotation
sess_02731,user_032,2,add_product
sess_02731,user_032,3,save_quotation
sess_02731,user_032,4,send_quotation
sess_02732,user_033,0,create_order
sess_02732,user_033,1,generate_invoice
sess_02732,user_033,2,confirm_payment
sess_02733,user_034,0,view_laptop
sess_02733,user_034,1,purchase_laptop
sess_02733,user_034,2,purchase_headphones
sess_02733,user_034,3,open_purchases
sess_02734,user_035,0,open_quotations
sess_02734,user_035,1,create_quotation
sess_02734,user_035,2,add_product
sess_02734,user_035,3,set_discount
sess_02734,user_035,4,save_quotation
sess_02734,user_035,5,send_quotation
sess_02734,user_035,6,create_order
sess_02735,user_036,0,view_monitor
sess_02735,user_036,1,purchase_monitor
sess_02735,user_036,2,purchase_keyboard
sess_02736,user_037,0,open_products
sess_02736,user_037,1,search_laptop
sess_02736,user_037,2,view_laptop
sess_02736,user_037,3,purchase_laptop
sess_02736,user_037,4,purchase_headphones
sess_02737,user_038,0,view_phone
sess_02737,user_038,1,purchase_phone
sess_02737,user_038,2,purchase_phone_case
sess_02737,user_038,3,open_purchases
sess_02738,user_039,0,open_customers
sess_02738,user_039,1,view_customer
sess_02738,user_039,2,view_customer_quotations
sess_02738,user_039,3,create_quotation
sess_02739,user_040,0,open_products
sess_02739,user_040,1,search_phone
sess_02739,user_040,2,view_phone
sess_02739,user_040,3,purchase_phone
sess_02739,user_040,4,purchase_phone_case
sess_02739,user_040,5,open_purchases
sess_02740,user_041,0,view_phone
sess_02740,user_041,1,purchase_phone
sess_02740,user_041,2,purchase_phone_case
sess_02741,user_042,0,view_phone
sess_02741,user_042,1,purchase_phone
sess_02741,user_042,2,purchase_phone_case
sess_02741,user_042,3,open_purchases
sess_02742,user_043,0,open_products
sess_02742,user_043,1,search_phone
sess_02742,user_043,2,view_phone
sess_02742,user_043,3,purchase_phone
sess_02742,user_043,4,purchase_phone_case
sess_02742,user_043,5,open_purchases
sess_02743,user_044,0,view_monitor
sess_02743,user_044,1,purchase_monitor
sess_02743,user_044,2,purchase_keyboard
sess_02744,user_045,0,open_products
sess_02744,user_045,1,search_monitor
sess_02744,user_045,2,view_monitor
sess_02744,user_045,3,purchase_monitor
sess_02744,user_045,4,purchase_keyboard
sess_02745,user_046,0,open_quotations
sess_02745,user_046,1,create_quotation
sess_02745,user_046,2,add_product
sess_02745,user_046,3,save_quotation
sess_02745,user_046,4,send_quotation
sess_02745,user_046,5,create_order
sess_02746,user_047,0,view_customer
sess_02746,user_047,1,view_customer_quotations
sess_02747,user_048,0,open_products
sess_02747,user_048,1,search_laptop
sess_02747,user_048,2,view_laptop
sess_02747,user_048,3,purchase_laptop
sess_02747,user_048,4,purchase_headphones
sess_02747,user_048,5,open_purchases
sess_02748,user_049,0,create_quotation
sess_02748,user_049,1,add_product
sess_02748,user_049,2,set_discount
sess_02748,user_049,3,save_quotation
sess_02748,user_049,4,send_quotation
sess_02748,user_049,5,create_order
sess_02749,user_050,0,open_products
sess_02749,user_050,1,search_laptop
sess_02749,user_050,2,view_laptop
sess_02749,user_050,3,purchase_laptop
sess_02749,user_050,4,purchase_headphones
sess_02749,user_050,5,open_purchases
sess_02750,user_051,0,login
sess_02750,user_051,1,open_products
sess_02750,user_051,2,search_laptop
sess_02750,user_051,3,view_laptop
sess_02750,user_051,4,purchase_laptop
sess_02750,user_051,5,purchase_headphones
sess_02750,user_051,6,open_purchases
sess_02751,user_052,0,open_products
sess_02751,user_052,1,search_phone
sess_02751,user_052,2,view_phone
sess_02751,user_052,3,purchase_phone
sess_02751,user_052,4,purchase_phone_case
sess_02752,user_053,0,open_quotations
sess_02752,user_053,1,create_quotation
sess_02752,user_053,2,add_product
sess_02752,user_053,3,set_discount
sess_02752,user_053,4,save_quotation
sess_02752,user_053,5,send_quotation
sess_02753,user_054,0,view_monitor
sess_02753,user_054,1,purchase_monitor
sess_02753,user_054,2,purchase_mouse
sess_02754,user_055,0,view_monitor
sess_02754,user_055,1,purchase_monitor
sess_02754,user_055,2,purchase_mouse
sess_02755,user_056,0,view_laptop
sess_02755,user_056,1,purchase_laptop
sess_02755,user_056,2,purchase_warranty
sess_02756,user_057,0,open_quotations
sess_02756,user_057,1,create_quotation
sess_02756,user_057,2,add_product
sess_02756,user_057,3,set_discount
sess_02756,user_057,4,save_quotation
sess_02756,user_057,5,send_quotation
sess_02757,user_058,0,create_quotation
sess_02757,user_058,1,add_product
sess_02757,user_058,2,set_discount
sess_02757,user_058,3,save_quotation
sess_02757,user_058,4,send_quotation
sess_02757,user_058,5,create_order
sess_02758,user_059,0,view_monitor
sess_02758,user_059,1,purchase_monitor
sess_02758,user_059,2,purchase_mouse
sess_02759,user_060,0,open_products
sess_02759,user_060,1,search_phone
sess_02759,user_060,2,view_phone
sess_02759,user_060,3,purchase_phone
sess_02759,user_060,4,purchase_phone_case
sess_02759,user_060,5,open_purchases
sess_02760,user_061,0,open_customers
sess_02760,user_061,1,view_customer
sess_02760,user_061,2,view_customer_quotations
sess_02760,user_061,3,create_quotation
sess_02761,user_062,0,open_products
sess_02761,user_062,1,search_laptop
sess_02761,user_062,2,view_laptop
sess_02761,user_062,3,purchase_laptop
sess_02761,user_062,4,purchase_mouse
sess_02761,user_062,5,open_purchases
sess_02762,user_063,0,view_phone
sess_02762,user_063,1,purchase_phone
sess_02762,user_063,2,purchase_phone_case
sess_02762,user_063,3,open_purchases
sess_02763,user_064,0,view_customer
sess_02763,user_064,1,view_customer_quotations
sess_02764,user_065,0,open_products
sess_02764,user_065,1,search_laptop
sess_02764,user_065,2,view_laptop
sess_02764,user_065,3,purchase_laptop
sess_02764,user_065,4,purchase_headphones
sess_02764,user_065,5,open_purchases
sess_02765,user_066,0,view_customer
sess_02765,user_066,1,view_customer_quotations
sess_02766,user_067,0,open_products
sess_02766,user_067,1,search_phone
sess_02766,user_067,2,view_phone
sess_02766,user_067,3,purchase_phone
sess_02766,user_067,4,purchase_phone_case
sess_02766,user_067,5,open_purchases
sess_02767,user_068,0,open_products
sess_02767,user_068,1,search_phone
sess_02767,user_068,2,view_phone
sess_02767,user_068,3,purchase_phone
sess_02767,user_068,4,purchase_phone_case
sess_02768,user_069,0,open_products
sess_02768,user_069,1,search_laptop
sess_02768,user_069,2,view_laptop
sess_02768,user_069,3,purchase_laptop
sess_02768,user_069,4,purchase_headphones
sess_02769,user_070,0,view_phone
sess_02769,user_070,1,purchase_phone
sess_02769,user_070,2,purchase_phone_case
sess_02770,user_071,0,open_quotations
sess_02770,user_071,1,create_quotation
sess_02770,user_071,2,add_product
sess_02770,user_071,3,set_discount
sess_02770,user_071,4,save_quotation
sess_02770,user_071,5,send_quotation
sess_02770,user_071,6,create_order
sess_02771,user_072,0,view_phone
sess_02771,user_072,1,purchase_phone
sess_02771,user_072,2,purchase_phone_case
sess_02772,user_073,0,open_quotations
sess_02772,user_073,1,create_quotation
sess_02772,user_073,2,add_product
sess_02772,user_073,3,save_quotation
sess_02772,user_073,4,send_quotation
sess_02772,user_073,5,create_order
sess_02773,user_074,0,view_monitor
sess_02773,user_074,1,purchase_monitor
sess_02773,user_074,2,purchase_keyboard
sess_02774,user_075,0,view_laptop
sess_02774,user_075,1,purchase_laptop
sess_02774,user_075,2,purchase_headphones
sess_02774,user_075,3,open_purchases
sess_02775,user_076,0,open_products
sess_02775,user_076,1,search_laptop
sess_02775,user_076,2,view_laptop
sess_02775,user_076,3,purchase_laptop
sess_02775,user_076,4,purchase_headphones
sess_02776,user_077,0,view_phone
sess_02776,user_077,1,purchase_phone
sess_02776,user_077,2,purchase_warranty
sess_02777,user_078,0,view_phone
sess_02777,user_078,1,purchase_phone
sess_02777,user_078,2,purchase_warranty
sess_02777,user_078,3,open_purchases
sess_02778,user_079,0,open_quotations
sess_02778,user_079,1,create_quotation
sess_02778,user_079,2,add_product
sess_02778,user_079,3,set_discount
sess_02778,user_079,4,save_quotation
sess_02778,user_079,5,open_quotations
sess_02779,user_080,0,view_laptop
sess_02779,user_080,1,purchase_laptop
sess_02779,user_080,2,purchase_headphones
sess_02779,user_080,3,open_purchases
sess_02780,user_081,0,open_products
sess_02780,user_081,1,search_monitor
sess_02780,user_081,2,view_monitor
sess_02780,user_081,3,purchase_monitor
sess_02780,user_081,4,purchase_keyboard
sess_02781,user_082,0,create_quotation
sess_02781,user_082,1,add_product
sess_02781,user_082,2,set_discount
sess_02781,user_082,3,save_quotation
sess_02781,user_082,4,open_quotations
sess_02782,user_083,0,view_customer
sess_02782,user_083,1,view_customer_quotations
sess_02782,user_083,2,create_quotation
sess_02783,user_084,0,open_products
sess_02783,user_084,1,search_laptop
sess_02783,user_084,2,view_laptop
sess_02783,user_084,3,purchase_laptop
sess_02783,user_084,4,purchase_laptop_bag
sess_02784,user_085,0,create_quotation
sess_02784,user_085,1,add_product
sess_02784,user_085,2,set_discount
sess_02784,user_085,3,save_quotation
sess_02784,user_085,4,open_quotations
sess_02785,user_086,0,open_products
sess_02785,user_086,1,search_laptop
sess_02785,user_086,2,view_laptop
sess_02785,user_086,3,purchase_laptop
sess_02785,user_086,4,purchase_headphones
sess_02785,user_086,5,open_purchases
sess_02786,user_087,0,create_quotation
sess_02786,user_087,1,add_product
sess_02786,user_087,2,set_discount
sess_02786,user_087,3,save_quotation
sess_02786,user_087,4,send_quotation
sess_02787,user_088,0,view_phone
sess_02787,user_088,1,purchase_phone
sess_02787,user_088,2,purchase_headphones
sess_02788,user_089,0,open_products
sess_02788,user_089,1,search_laptop
sess_02788,user_089,2,view_laptop
sess_02788,user_089,3,purchase_laptop
sess_02788,user_089,4,purchase_headphones
sess_02788,user_089,5,open_purchases
sess_02789,user_090,0,open_products
sess_02789,user_090,1,search_laptop
sess_02789,user_090,2,view_laptop
sess_02789,user_090,3,purchase_laptop
sess_02789,user_090,4,purchase_laptop_bag
sess_02789,user_090,5,open_purchases
sess_02790,user_091,0,open_orders
sess_02790,user_091,1,create_order
sess_02790,user_091,2,generate_invoice
sess_02791,user_092,0,view_customer
sess_02791,user_092,1,view_customer_quotations
sess_02791,user_092,2,create_quotation
sess_02792,user_093,0,open_quotations
sess_02792,user_093,1,create_quotation
sess_02792,user_093,2,add_product
sess_02792,user_093,3,set_discount
sess_02792,user_093,4,save_quotation
sess_02792,user_093,5,open_quotations
sess_02793,user_094,0,view_laptop
sess_02793,user_094,1,purchase_laptop
sess_02793,user_094,2,purchase_headphones
sess_02794,user_095,0,login
sess_02794,user_095,1,open_products
sess_02794,user_095,2,search_phone
sess_02794,user_095,3,view_phone
sess_02794,user_095,4,purchase_phone
sess_02794,user_095,5,purchase_phone_case
sess_02794,user_095,6,open_purchases
sess_02795,user_096,0,view_laptop
sess_02795,user_096,1,purchase_laptop
sess_02795,user_096,2,purchase_headphones
sess_02795,user_096,3,open_purchases
sess_02796,user_097,0,view_phone
sess_02796,user_097,1,purchase_phone
sess_02796,user_097,2,purchase_phone_case
sess_02796,user_097,3,open_purchases
sess_02797,user_098,0,open_quotations
sess_02797,user_098,1,create_quotation
sess_02797,user_098,2,add_product
sess_02797,user_098,3,save_quotation
sess_02797,user_098,4,send_quotation
sess_02797,user_098,5,create_order
sess_02798,user_099,0,view_monitor
sess_02798,user_099,1,purchase_monitor
sess_02798,user_099,2,purchase_mouse
sess_02799,user_100,0,open_products
sess_02799,user_100,1,search_laptop
sess_02799,user_100,2,view_laptop
sess_02799,user_100,3,purchase_laptop
sess_02799,user_100,4,purchase_mouse
sess_02799,user_100,5,open_purchases
sess_02800,user_101,0,open_orders
sess_02800,user_101,1,create_order
sess_02800,user_101,2,assign_delivery
sess_02801,user_102,0,open_products
sess_02801,user_102,1,search_phone
sess_02801,user_102,2,view_phone
sess_02801,user_102,3,purchase_phone
sess_02801,user_102,4,purchase_phone_case
sess_02801,user_102,5,open_purchases
sess_02802,user_103,0,open_products
sess_02802,user_103,1,search_laptop
sess_02802,user_103,2,view_laptop
sess_02802,user_103,3,purchase_laptop
sess_02802,user_103,4,purchase_mouse
sess_02802,user_103,5,open_purchases
sess_02803,user_104,0,view_phone
sess_02803,user_104,1,purchase_phone
sess_02803,user_104,2,purchase_phone_case
sess_02803,user_104,3,open_purchases
sess_02804,user_105,0,create_quotation
sess_02804,user_105,1,add_product
sess_02804,user_105,2,set_discount
sess_02804,user_105,3,save_quotation
sess_02804,user_105,4,send_quotation
sess_02804,user_105,5,create_order
sess_02805,user_106,0,open_products
sess_02805,user_106,1,search_monitor
sess_02805,user_106,2,view_monitor
sess_02805,user_106,3,purchase_monitor
sess_02805,user_106,4,purchase_keyboard
sess_02806,user_107,0,create_quotation
sess_02806,user_107,1,add_product
sess_02806,user_107,2,set_discount
sess_02806,user_107,3,save_quotation
sess_02806,user_107,4,open_quotations
sess_02807,user_108,0,view_laptop
sess_02807,user_108,1,purchase_laptop
sess_02807,user_108,2,purchase_headphones
sess_02807,user_108,3,open_purchases
sess_02808,user_109,0,open_quotations
sess_02808,user_109,1,create_quotation
sess_02808,user_109,2,add_product
sess_02808,user_109,3,set_discount
sess_02808,user_109,4,save_quotation
sess_02808,user_109,5,send_quotation
sess_02808,user_109,6,create_order
sess_02809,user_110,0,create_quotation
sess_02809,user_110,1,add_product
sess_02809,user_110,2,set_discount
sess_02809,user_110,3,save_quotation
sess_02809,user_110,4,send_quotation
sess_02809,user_110,5,create_order
sess_02810,user_111,0,view_laptop
sess_02810,user_111,1,purchase_laptop
sess_02810,user_111,2,purchase_laptop_bag
sess_02810,user_111,3,open_purchases
sess_02811,user_112,0,view_phone
sess_02811,user_112,1,purchase_phone
sess_02811,user_112,2,purchase_headphones
sess_02811,user_112,3,open_purchases
sess_02812,user_113,0,login
sess_02812,user_113,1,open_products
sess_02812,user_113,2,search_phone
sess_02812,user_113,3,view_phone
sess_02812,user_113,4,purchase_phone
sess_02812,user_113,5,purchase_phone_case
sess_02813,user_114,0,open_products
sess_02813,user_114,1,search_laptop
sess_02813,user_114,2,view_laptop
sess_02813,user_114,3,purchase_laptop
sess_02813,user_114,4,purchase_mouse
sess_02813,user_114,5,open_purchases
sess_02814,user_115,0,open_products
sess_02814,user_115,1,search_monitor
sess_02814,user_115,2,view_monitor
sess_02814,user_115,3,purchase_monitor
sess_02814,user_115,4,purchase_mouse
sess_02815,user_116,0,view_monitor
sess_02815,user_116,1,purchase_monitor
sess_02815,user_116,2,purchase_keyboard
sess_02816,user_117,0,view_laptop
sess_02816,user_117,1,purchase_laptop
sess_02816,user_117,2,purchase_headphones
sess_02816,user_117,3,open_purchases
sess_02817,user_118,0,view_laptop
sess_02817,user_118,1,purchase_laptop
sess_02817,user_118,2,purchase_laptop_bag
sess_02818,user_119,0,view_laptop
sess_02818,user_119,1,purchase_laptop
sess_02818,user_119,2,purchase_laptop_bag
sess_02818,user_119,3,open_purchases
sess_02819,user_120,0,create_order
sess_02819,user_120,1,generate_invoice
sess_02820,user_121,0,create_order
sess_02820,user_121,1,generate_invoice
sess_02820,user_121,2,confirm_payment
sess_02821,user_122,0,open_orders
sess_02821,user_122,1,create_order
sess_02821,user_122,2,generate_invoice
sess_02821,user_122,3,confirm_payment
sess_02822,user_123,0,view_phone
sess_02822,user_123,1,purchase_phone
sess_02822,user_123,2,purchase_warranty
sess_02822,user_123,3,open_purchases
sess_02823,user_124,0,open_products
sess_02823,user_124,1,search_phone
sess_02823,user_124,2,view_phone
sess_02823,user_124,3,purchase_phone
sess_02823,user_124,4,purchase_headphones
sess_02824,user_125,0,create_quotation
sess_02824,user_125,1,add_product
sess_02824,user_125,2,set_discount
sess_02824,user_125,3,save_quotation
sess_02824,user_125,4,send_quotation
sess_02824,user_125,5,create_order
sess_02825,user_126,0,open_products
sess_02825,user_126,1,search_phone
sess_02825,user_126,2,view_phone
sess_02825,user_126,3,purchase_phone
sess_02825,user_126,4,purchase_headphones
sess_02825,user_126,5,open_purchases
sess_02826,user_127,0,open_orders
sess_02826,user_127,1,create_order
sess_02826,user_127,2,assign_delivery
sess_02827,user_128,0,login
sess_02827,user_128,1,open_products
sess_02827,user_128,2,search_laptop
sess_02827,user_128,3,view_laptop
sess_02827,user_128,4,purchase_laptop
sess_02827,user_128,5,purchase_headphones
sess_02827,user_128,6,open_purchases
sess_02828,user_129,0,create_quotation
sess_02828,user_129,1,add_product
sess_02828,user_129,2,set_discount
sess_02828,user_129,3,save_quotation
sess_02828,user_129,4,send_quotation
sess_02828,user_129,5,create_order
sess_02829,user_130,0,view_laptop
sess_02829,user_130,1,purchase_laptop
sess_02829,user_130,2,purchase_mouse
sess_02829,user_130,3,open_purchases
sess_02830,user_131,0,view_laptop
sess_02830,user_131,1,purchase_laptop
sess_02830,user_131,2,purchase_headphones
sess_02831,user_132,0,open_customers
sess_02831,user_132,1,view_customer
sess_02831,user_132,2,view_customer_quotations
sess_02832,user_133,0,view_phone
sess_02832,user_133,1,purchase_phone
sess_02832,user_133,2,purchase_phone_case
sess_02832,user_133,3,open_purchases
sess_02833,user_134,0,view_customer
sess_02833,user_134,1,view_customer_orders
sess_02834,user_135,0,open_quotations
sess_02834,user_135,1,create_quotation
sess_02834,user_135,2,add_product
sess_02834,user_135,3,set_discount
sess_02834,user_135,4,save_quotation
sess_02834,user_135,5,open_quotations
sess_02835,user_136,0,view_monitor
sess_02835,user_136,1,purchase_monitor
sess_02835,user_136,2,purchase_keyboard
sess_02836,user_137,0,view_customer
sess_02836,user_137,1,view_customer_orders
sess_02837,user_138,0,open_orders
sess_02837,user_138,1,create_order
sess_02837,user_138,2,generate_invoice
sess_02838,user_139,0,view_phone
sess_02838,user_139,1,purchase_phone
sess_02838,user_139,2,purchase_phone_case
sess_02838,user_139,3,open_purchases
sess_02839,user_140,0,login
sess_02839,user_140,1,open_products
sess_02839,user_140,2,search_phone
sess_02839,user_140,3,view_phone
sess_02839,user_140,4,purchase_phone
sess_02839,user_140,5,purchase_phone_case
sess_02839,user_140,6,open_purchases
sess_02840,user_141,0,open_quotations
sess_02840,user_141,1,create_quotation
sess_02840,user_141,2,add_product
sess_02840,user_141,3,set_discount
sess_02840,user_141,4,save_quotation
sess_02840,user_141,5,send_quotation
sess_02840,user_141,6,create_order
sess_02841,user_142,0,view_laptop
sess_02841,user_142,1,purchase_laptop
sess_02841,user_142,2,purchase_headphones
sess_02842,user_143,0,login
sess_02842,user_143,1,open_products
sess_02842,user_143,2,search_phone
sess_02842,user_143,3,view_phone
sess_02842,user_143,4,purchase_phone
sess_02842,user_143,5,purchase_phone_case
sess_02842,user_143,6,open_purchases
sess_02843,user_144,0,view_monitor
sess_02843,user_144,1,purchase_monitor
sess_02843,user_144,2,purchase_headphones
sess_02844,user_145,0,open_products
sess_02844,user_145,1,search_monitor
sess_02844,user_145,2,view_monitor
sess_02844,user_145,3,purchase_monitor
sess_02844,user_145,4,purchase_mouse
sess_02845,user_146,0,login
sess_02845,user_146,1,open_products
sess_02845,user_146,2,search_phone
sess_02845,user_146,3,view_phone
sess_02845,user_146,4,purchase_phone
sess_02845,user_146,5,purchase_phone_case
sess_02845,user_146,6,open_purchases
sess_02846,user_147,0,open_quotations
sess_02846,user_147,1,create_quotation
sess_02846,user_147,2,add_product
sess_02846,user_147,3,save_quotation
sess_02846,user_147,4,open_quotations
sess_02847,user_148,0,view_monitor
sess_02847,user_148,1,purchase_monitor
sess_02847,user_148,2,purchase_headphones
sess_02848,user_149,0,create_quotation
sess_02848,user_149,1,add_product
sess_02848,user_149,2,save_quotation
sess_02848,user_149,3,send_quotation
sess_02848,user_149,4,create_order
sess_02849,user_150,0,open_products
sess_02849,user_150,1,search_monitor
sess_02849,user_150,2,view_monitor
sess_02849,user_150,3,purchase_monitor
sess_02849,user_150,4,purchase_headphones
sess_02850,user_001,0,login
sess_02850,user_001,1,open_products
sess_02850,user_001,2,search_laptop
sess_02850,user_001,3,view_laptop
sess_02850,user_001,4,purchase_laptop
sess_02850,user_001,5,purchase_mouse
sess_02851,user_002,0,view_laptop
sess_02851,user_002,1,purchase_laptop
sess_02851,user_002,2,purchase_warranty
sess_02851,user_002,3,open_purchases
sess_02852,user_003,0,open_products
sess_02852,user_003,1,search_phone
sess_02852,user_003,2,view_phone
sess_02852,user_003,3,purchase_phone
sess_02852,user_003,4,purchase_phone_case
sess_02853,user_004,0,view_laptop
sess_02853,user_004,1,purchase_laptop
sess_02853,user_004,2,purchase_mouse
sess_02853,user_004,3,open_purchases
sess_02854,user_005,0,open_products
sess_02854,user_005,1,search_phone
sess_02854,user_005,2,view_phone
sess_02854,user_005,3,purchase_phone
sess_02854,user_005,4,purchase_phone_case
sess_02855,user_006,0,view_customer
sess_02855,user_006,1,view_customer_quotations
sess_02855,user_006,2,create_quotation
sess_02856,user_007,0,create_quotation
sess_02856,user_007,1,add_product
sess_02856,user_007,2,set_discount
sess_02856,user_007,3,save_quotation
sess_02856,user_007,4,open_quotations
sess_02857,user_008,0,view_laptop
sess_02857,user_008,1,purchase_laptop
sess_02857,user_008,2,purchase_headphones
sess_02857,user_008,3,open_purchases
sess_02858,user_009,0,open_products
sess_02858,user_009,1,search_laptop
sess_02858,user_009,2,view_laptop
sess_02858,user_009,3,purchase_laptop
sess_02858,user_009,4,purchase_headphones
sess_02859,user_010,0,login
sess_02859,user_010,1,open_products
sess_02859,user_010,2,search_phone
sess_02859,user_010,3,view_phone
sess_02859,user_010,4,purchase_phone
sess_02859,user_010,5,purchase_headphones
sess_02860,user_011,0,open_products
sess_02860,user_011,1,search_phone
sess_02860,user_011,2,view_phone
sess_02860,user_011,3,purchase_phone
sess_02860,user_011,4,purchase_phone_case
sess_02861,user_012,0,create_quotation
sess_02861,user_012,1,add_product
sess_02861,user_012,2,save_quotation
sess_02861,user_012,3,send_quotation
sess_02861,user_012,4,create_order
sess_02862,user_013,0,open_quotations
sess_02862,user_013,1,create_quotation
sess_02862,user_013,2,add_product
sess_02862,user_013,3,set_discount
sess_02862,user_013,4,save_quotation
sess_02862,user_013,5,send_quotation
sess_02863,user_014,0,open_products
sess_02863,user_014,1,search_phone
sess_02863,user_014,2,view_phone
sess_02863,user_014,3,purchase_phone
sess_02863,user_014,4,purchase_headphones
sess_02863,user_014,5,open_purchases
sess_02864,user_015,0,view_phone
sess_02864,user_015,1,purchase_phone
sess_02864,user_015,2,purchase_warranty
sess_02865,user_016,0,open_customers
sess_02865,user_016,1,view_customer
sess_02865,user_016,2,view_customer_quotations
sess_02865,user_016,3,create_quotation
sess_02866,user_017,0,open_orders
sess_02866,user_017,1,create_order
sess_02866,user_017,2,generate_invoice
sess_02866,user_017,3,confirm_payment
sess_02867,user_018,0,open_quotations
sess_02867,user_018,1,create_quotation
sess_02867,user_018,2,add_product
sess_02867,user_018,3,set_discount
sess_02867,user_018,4,save_quotation
sess_02867,user_018,5,open_quotations
sess_02868,user_019,0,open_orders
sess_02868,user_019,1,create_order
sess_02868,user_019,2,generate_invoice
sess_02868,user_019,3,confirm_payment
sess_02869,user_020,0,open_products
sess_02869,user_020,1,search_laptop
sess_02869,user_020,2,view_laptop
sess_02869,user_020,3,purchase_laptop
sess_02869,user_020,4,purchase_headphones
sess_02869,user_020,5,open_purchases
sess_02870,user_021,0,view_monitor
sess_02870,user_021,1,purchase_monitor
sess_02870,user_021,2,purchase_keyboard
sess_02871,user_022,0,view_monitor
sess_02871,user_022,1,purchase_monitor
sess_02871,user_022,2,purchase_keyboard
sess_02872,user_023,0,view_customer
sess_02872,user_023,1,view_customer_quotations
sess_02873,user_024,0,create_order
sess_02873,user_024,1,generate_invoice
sess_02874,user_025,0,open_quotations
sess_02874,user_025,1,create_quotation
sess_02874,user_025,2,add_product
sess_02874,user_025,3,set_discount
sess_02874,user_025,4,save_quotation
sess_02874,user_025,5,open_quotations
sess_02875,user_026,0,open_orders
sess_02875,user_026,1,create_order
sess_02875,user_026,2,generate_invoice
sess_02876,user_027,0,login
sess_02876,user_027,1,open_products
sess_02876,user_027,2,search_laptop
sess_02876,user_027,3,view_laptop
sess_02876,user_027,4,purchase_laptop
sess_02876,user_027,5,purchase_headphones
sess_02876,user_027,6,open_purchases
sess_02877,user_028,0,view_laptop
sess_02877,user_028,1,purchase_laptop
sess_02877,user_028,2,purchase_headphones
sess_02877,user_028,3,open_purchases
sess_02878,user_029,0,view_phone
sess_02878,user_029,1,purchase_phone
sess_02878,user_029,2,purchase_headphones
sess_02879,user_030,0,create_quotation
sess_02879,user_030,1,add_product
sess_02879,user_030,2,save_quotation
sess_02879,user_030,3,send_quotation
sess_02879,user_030,4,create_order
sess_02880,user_031,0,view_laptop
sess_02880,user_031,1,purchase_laptop
sess_02880,user_031,2,purchase_headphones
sess_02881,user_032,0,view_laptop
sess_02881,user_032,1,purchase_laptop
sess_02881,user_032,2,purchase_headphones
sess_02881,user_032,3,open_purchases
sess_02882,user_033,0,open_customers
sess_02882,user_033,1,view_customer
sess_02882,user_033,2,view_customer_quotations
sess_02882,user_033,3,create_quotation
sess_02883,user_034,0,create_quotation
sess_02883,user_034,1,add_product
sess_02883,user_034,2,save_quotation
sess_02883,user_034,3,send_quotation
sess_02884,user_035,0,login
sess_02884,user_035,1,open_products
sess_02884,user_035,2,search_phone
sess_02884,user_035,3,view_phone
sess_02884,user_035,4,purchase_phone
sess_02884,user_035,5,purchase_warranty
sess_02884,user_035,6,open_purchases
sess_02885,user_036,0,view_phone
sess_02885,user_036,1,purchase_phone
sess_02885,user_036,2,purchase_phone_case
sess_02885,user_036,3,open_purchases
sess_02886,user_037,0,view_customer
sess_02886,user_037,1,view_customer_quotations
sess_02886,user_037,2,create_quotation
sess_02887,user_038,0,open_quotations
sess_02887,user_038,1,create_quotation
sess_02887,user_038,2,add_product
sess_02887,user_038,3,set_discount
sess_02887,user_038,4,save_quotation
sess_02887,user_038,5,send_quotation
sess_02888,user_039,0,open_products
sess_02888,user_039,1,search_phone
sess_02888,user_039,2,view_phone
sess_02888,user_039,3,purchase_phone
sess_02888,user_039,4,purchase_warranty
sess_02888,user_039,5,open_purchases
sess_02889,user_040,0,view_monitor
sess_02889,user_040,1,purchase_monitor
sess_02889,user_040,2,purchase_mouse
sess_02890,user_041,0,view_laptop
sess_02890,user_041,1,purchase_laptop
sess_02890,user_041,2,purchase_headphones
sess_02890,user_041,3,open_purchases
sess_02891,user_042,0,open_quotations
sess_02891,user_042,1,create_quotation
sess_02891,user_042,2,add_product
sess_02891,user_042,3,set_discount
sess_02891,user_042,4,save_quotation
sess_02891,user_042,5,send_quotation
sess_02892,user_043,0,view_monitor
sess_02892,user_043,1,purchase_monitor
sess_02892,user_043,2,purchase_keyboard
sess_02893,user_044,0,view_phone
sess_02893,user_044,1,purchase_phone
sess_02893,user_044,2,purchase_phone_case
sess_02893,user_044,3,open_purchases
sess_02894,user_045,0,login
sess_02894,user_045,1,open_products
sess_02894,user_045,2,search_phone
sess_02894,user_045,3,view_phone
sess_02894,user_045,4,purchase_phone
sess_02894,user_045,5,purchase_phone_case
sess_02894,user_045,6,open_purchases
sess_02895,user_046,0,open_products
sess_02895,user_046,1,search_phone
sess_02895,user_046,2,view_phone
sess_02895,user_046,3,purchase_phone
sess_02895,user_046,4,purchase_warranty
sess_02895,user_046,5,open_purchases
sess_02896,user_047,0,view_phone
sess_02896,user_047,1,purchase_phone
sess_02896,user_047,2,purchase_phone_case
sess_02896,user_047,3,open_purchases
sess_02897,user_048,0,open_orders
sess_02897,user_048,1,create_order
sess_02897,user_048,2,generate_invoice
sess_02897,user_048,3,confirm_payment
sess_02898,user_049,0,create_order
sess_02898,user_049,1,generate_invoice
sess_02898,user_049,2,confirm_payment
sess_02899,user_050,0,view_laptop
sess_02899,user_050,1,purchase_laptop
sess_02899,user_050,2,purchase_laptop_bag
sess_02900,user_051,0,view_laptop
sess_02900,user_051,1,purchase_laptop
sess_02900,user_051,2,purchase_headphones
sess_02900,user_051,3,open_purchases
sess_02901,user_052,0,view_customer
sess_02901,user_052,1,view_customer_quotations
sess_02901,user_052,2,create_quotation
sess_02902,user_053,0,view_customer
sess_02902,user_053,1,view_customer_orders
sess_02903,user_054,0,open_products
sess_02903,user_054,1,search_laptop
sess_02903,user_054,2,view_laptop
sess_02903,user_054,3,purchase_laptop
sess_02903,user_054,4,purchase_mouse
sess_02903,user_054,5,open_purchases
sess_02904,user_055,0,login
sess_02904,user_055,1,open_products
sess_02904,user_055,2,search_laptop
sess_02904,user_055,3,view_laptop
sess_02904,user_055,4,purchase_laptop
sess_02904,user_055,5,purchase_laptop_bag
sess_02905,user_056,0,open_products
sess_02905,user_056,1,search_phone
sess_02905,user_056,2,view_phone
sess_02905,user_056,3,purchase_phone
sess_02905,user_056,4,purchase_phone_case
sess_02905,user_056,5,open_purchases
sess_02906,user_057,0,view_monitor
sess_02906,user_057,1,purchase_monitor
sess_02906,user_057,2,purchase_keyboard
sess_02907,user_058,0,view_monitor
sess_02907,user_058,1,purchase_monitor
sess_02907,user_058,2,purchase_headphones
sess_02908,user_059,0,create_order
sess_02908,user_059,1,generate_invoice
sess_02908,user_059,2,confirm_payment
sess_02909,user_060,0,open_products
sess_02909,user_060,1,search_phone
sess_02909,user_060,2,view_phone
sess_02909,user_060,3,purchase_phone
sess_02909,user_060,4,purchase_phone_case
sess_02909,user_060,5,open_purchases
sess_02910,user_061,0,open_products
sess_02910,user_061,1,search_phone
sess_02910,user_061,2,view_phone
sess_02910,user_061,3,purchase_phone
sess_02910,user_061,4,purchase_headphones
sess_02910,user_061,5,open_purchases
sess_02911,user_062,0,open_products
sess_02911,user_062,1,search_phone
sess_02911,user_062,2,view_phone
sess_02911,user_062,3,purchase_phone
sess_02911,user_062,4,purchase_warranty
sess_02912,user_063,0,create_quotation
sess_02912,user_063,1,add_product
sess_02912,user_063,2,save_quotation
sess_02912,user_063,3,open_quotations
sess_02913,user_064,0,view_laptop
sess_02913,user_064,1,purchase_laptop
sess_02913,user_064,2,purchase_headphones
sess_02913,user_064,3,open_purchases
sess_02914,user_065,0,view_monitor
sess_02914,user_065,1,purchase_monitor
sess_02914,user_065,2,purchase_keyboard
sess_02915,user_066,0,open_products
sess_02915,user_066,1,search_monitor
sess_02915,user_066,2,view_monitor
sess_02915,user_066,3,purchase_monitor
sess_02915,user_066,4,purchase_keyboard
sess_02916,user_067,0,open_products
sess_02916,user_067,1,search_phone
sess_02916,user_067,2,view_phone
sess_02916,user_067,3,purchase_phone
sess_02916,user_067,4,purchase_warranty
sess_02916,user_067,5,open_purchases
sess_02917,user_068,0,open_products
sess_02917,user_068,1,search_phone
sess_02917,user_068,2,view_phone
sess_02917,user_068,3,purchase_phone
sess_02917,user_068,4,purchase_phone_case
sess_02917,user_068,5,open_purchases
sess_02918,user_069,0,view_monitor
sess_02918,user_069,1,purchase_monitor
sess_02918,user_069,2,purchase_keyboard
sess_02919,user_070,0,create_order
sess_02919,user_070,1,generate_invoice
sess_02919,user_070,2,confirm_payment
sess_02920,user_071,0,open_products
sess_02920,user_071,1,search_monitor
sess_02920,user_071,2,view_monitor
sess_02920,user_071,3,purchase_monitor
sess_02920,user_071,4,purchase_headphones
sess_02921,user_072,0,login
sess_02921,user_072,1,open_products
sess_02921,user_072,2,search_phone
sess_02921,user_072,3,view_phone
sess_02921,user_072,4,purchase_phone
sess_02921,user_072,5,purchase_phone_case
sess_02921,user_072,6,open_purchases
sess_02922,user_073,0,create_quotation
sess_02922,user_073,1,add_product
sess_02922,user_073,2,set_discount
sess_02922,user_073,3,save_quotation
sess_02922,user_073,4,send_quotation
sess_02922,user_073,5,create_order
sess_02923,user_074,0,open_orders
sess_02923,user_074,1,create_order
sess_02923,user_074,2,assign_delivery
sess_02924,user_075,0,view_customer
sess_02924,user_075,1,view_customer_quotations
sess_02924,user_075,2,create_quotation
sess_02925,user_076,0,login
sess_02925,user_076,1,open_products
sess_02925,user_076,2,search_phone
sess_02925,user_076,3,view_phone
sess_02925,user_076,4,purchase_phone
sess_02925,user_076,5,purchase_phone_case
sess_02926,user_077,0,view_customer
sess_02926,user_077,1,view_customer_quotations
sess_02926,user_077,2,create_quotation
sess_02927,user_078,0,view_laptop
sess_02927,user_078,1,purchase_laptop
sess_02927,user_078,2,purchase_laptop_bag
sess_02927,user_078,3,open_purchases
sess_02928,user_079,0,create_quotation
sess_02928,user_079,1,add_product
sess_02928,user_079,2,set_discount
sess_02928,user_079,3,save_quotation
sess_02928,user_079,4,send_quotation
sess_02929,user_080,0,view_customer
sess_02929,user_080,1,update_customer
sess_02930,user_081,0,open_customers
sess_02930,user_081,1,view_customer
sess_02930,user_081,2,view_customer_orders
sess_02931,user_082,0,open_products
sess_02931,user_082,1,search_laptop
sess_02931,user_082,2,view_laptop
sess_02931,user_082,3,purchase_laptop
sess_02931,user_082,4,purchase_headphones
sess_02931,user_082,5,open_purchases
sess_02932,user_083,0,open_customers
sess_02932,user_083,1,view_customer
sess_02932,user_083,2,view_customer_quotations
sess_02933,user_084,0,open_quotations
sess_02933,user_084,1,create_quotation
sess_02933,user_084,2,add_product
sess_02933,user_084,3,save_quotation
sess_02933,user_084,4,send_quotation
sess_02933,user_084,5,create_order
sess_02934,user_085,0,open_quotations
sess_02934,user_085,1,create_quotation
sess_02934,user_085,2,add_product
sess_02934,user_085,3,set_discount
sess_02934,user_085,4,save_quotation
sess_02934,user_085,5,send_quotation
sess_02935,user_086,0,open_quotations
sess_02935,user_086,1,create_quotation
sess_02935,user_086,2,add_product
sess_02935,user_086,3,set_discount
sess_02935,user_086,4,save_quotation
sess_02935,user_086,5,send_quotation
sess_02935,user_086,6,create_order
sess_02936,user_087,0,open_quotations
sess_02936,user_087,1,create_quotation
sess_02936,user_087,2,add_product
sess_02936,user_087,3,set_discount
sess_02936,user_087,4,save_quotation
sess_02936,user_087,5,send_quotation
sess_02936,user_087,6,create_order
sess_02937,user_088,0,view_laptop
sess_02937,user_088,1,purchase_laptop
sess_02937,user_088,2,purchase_headphones
sess_02937,user_088,3,open_purchases
sess_02938,user_089,0,open_orders
sess_02938,user_089,1,create_order
sess_02938,user_089,2,generate_invoice
sess_02939,user_090,0,view_phone
sess_02939,user_090,1,purchase_phone
sess_02939,user_090,2,purchase_phone_case
sess_02939,user_090,3,open_purchases
sess_02940,user_091,0,login
sess_02940,user_091,1,open_products
sess_02940,user_091,2,search_laptop
sess_02940,user_091,3,view_laptop
sess_02940,user_091,4,purchase_laptop
sess_02940,user_091,5,purchase_warranty
sess_02940,user_091,6,open_purchases
sess_02941,user_092,0,open_products
sess_02941,user_092,1,search_phone
sess_02941,user_092,2,view_phone
sess_02941,user_092,3,purchase_phone
sess_02941,user_092,4,purchase_warranty
sess_02941,user_092,5,open_purchases
sess_02942,user_093,0,open_products
sess_02942,user_093,1,search_laptop
sess_02942,user_093,2,view_laptop
sess_02942,user_093,3,purchase_laptop
sess_02942,user_093,4,purchase_mouse
sess_02942,user_093,5,open_purchases
sess_02943,user_094,0,create_quotation
sess_02943,user_094,1,add_product
sess_02943,user_094,2,set_discount
sess_02943,user_094,3,save_quotation
sess_02943,user_094,4,send_quotation
sess_02943,user_094,5,create_order
sess_02944,user_095,0,view_laptop
sess_02944,user_095,1,purchase_laptop
sess_02944,user_095,2,purchase_laptop_bag
sess_02945,user_096,0,open_products
sess_02945,user_096,1,search_laptop
sess_02945,user_096,2,view_laptop
sess_02945,user_096,3,purchase_laptop
sess_02945,user_096,4,purchase_headphones
sess_02945,user_096,5,open_purchases
sess_02946,user_097,0,open_orders
sess_02946,user_097,1,create_order
sess_02946,user_097,2,assign_delivery
sess_02947,user_098,0,open_orders
sess_02947,user_098,1,create_order
sess_02947,user_098,2,generate_invoice
sess_02947,user_098,3,confirm_payment
sess_02948,user_099,0,open_products
sess_02948,user_099,1,search_phone
sess_02948,user_099,2,view_phone
sess_02948,user_099,3,purchase_phone
sess_02948,user_099,4,purchase_phone_case
sess_02948,user_099,5,open_purchases
sess_02949,user_100,0,open_products
sess_02949,user_100,1,search_laptop
sess_02949,user_100,2,view_laptop
sess_02949,user_100,3,purchase_laptop
sess_02949,user_100,4,purchase_mouse
sess_02949,user_100,5,open_purchases
sess_02950,user_101,0,open_customers
sess_02950,user_101,1,view_customer
sess_02950,user_101,2,view_customer_quotations
sess_02950,user_101,3,create_quotation
sess_02951,user_102,0,open_products
sess_02951,user_102,1,search_monitor
sess_02951,user_102,2,view_monitor
sess_02951,user_102,3,purchase_monitor
sess_02951,user_102,4,purchase_headphones
sess_02952,user_103,0,view_laptop
sess_02952,user_103,1,purchase_laptop
sess_02952,user_103,2,purchase_headphones
sess_02952,user_103,3,open_purchases
sess_02953,user_104,0,view_laptop
sess_02953,user_104,1,purchase_laptop
sess_02953,user_104,2,purchase_headphones
sess_02953,user_104,3,open_purchases
sess_02954,user_105,0,open_products
sess_02954,user_105,1,search_laptop
sess_02954,user_105,2,view_laptop
sess_02954,user_105,3,purchase_laptop
sess_02954,user_105,4,purchase_headphones
sess_02955,user_106,0,open_quotations
sess_02955,user_106,1,create_quotation
sess_02955,user_106,2,add_product
sess_02955,user_106,3,set_discount
sess_02955,user_106,4,save_quotation
sess_02955,user_106,5,send_quotation
sess_02955,user_106,6,create_order
sess_02956,user_107,0,login
sess_02956,user_107,1,open_products
sess_02956,user_107,2,search_laptop
sess_02956,user_107,3,view_laptop
sess_02956,user_107,4,purchase_laptop
sess_02956,user_107,5,purchase_laptop_bag
sess_02956,user_107,6,open_purchases
sess_02957,user_108,0,view_phone
sess_02957,user_108,1,purchase_phone
sess_02957,user_108,2,purchase_headphones
sess_02957,user_108,3,open_purchases
sess_02958,user_109,0,open_products
sess_02958,user_109,1,search_monitor
sess_02958,user_109,2,view_monitor
sess_02958,user_109,3,purchase_monitor
sess_02958,user_109,4,purchase_headphones
sess_02959,user_110,0,view_phone
sess_02959,user_110,1,purchase_phone
sess_02959,user_110,2,purchase_phone_case
sess_02959,user_110,3,open_purchases
sess_02960,user_111,0,view_laptop
sess_02960,user_111,1,purchase_laptop
sess_02960,user_111,2,purchase_warranty
sess_02961,user_112,0,open_customers
sess_02961,user_112,1,view_customer
sess_02961,user_112,2,view_customer_quotations
sess_02962,user_113,0,open_products
sess_02962,user_113,1,search_laptop
sess_02962,user_113,2,view_laptop
sess_02962,user_113,3,purchase_laptop
sess_02962,user_113,4,purchase_mouse
sess_02962,user_113,5,open_purchases
sess_02963,user_114,0,open_products
sess_02963,user_114,1,search_laptop
sess_02963,user_114,2,view_laptop
sess_02963,user_114,3,purchase_laptop
sess_02963,user_114,4,purchase_laptop_bag
sess_02963,user_114,5,open_purchases
sess_02964,user_115,0,open_orders
sess_02964,user_115,1,create_order
sess_02964,user_115,2,generate_invoice
sess_02964,user_115,3,confirm_payment
sess_02965,user_116,0,open_products
sess_02965,user_116,1,search_phone
sess_02965,user_116,2,view_phone
sess_02965,user_116,3,purchase_phone
sess_02965,user_116,4,purchase_phone_case
sess_02965,user_116,5,open_purchases
sess_02966,user_117,0,view_phone
sess_02966,user_117,1,purchase_phone
sess_02966,user_117,2,purchase_phone_case
sess_02966,user_117,3,open_purchases
sess_02967,user_118,0,view_laptop
sess_02967,user_118,1,purchase_laptop
sess_02967,user_118,2,purchase_headphones
sess_02968,user_119,0,view_monitor
sess_02968,user_119,1,purchase_monitor
sess_02968,user_119,2,purchase_keyboard
sess_02969,user_120,0,open_quotations
sess_02969,user_120,1,create_quotation
sess_02969,user_120,2,add_product
sess_02969,user_120,3,set_discount
sess_02969,user_120,4,save_quotation
sess_02969,user_120,5,send_quotation
sess_02969,user_120,6,create_order
sess_02970,user_121,0,view_phone
sess_02970,user_121,1,purchase_phone
sess_02970,user_121,2,purchase_phone_case
sess_02970,user_121,3,open_purchases
sess_02971,user_122,0,view_laptop
sess_02971,user_122,1,purchase_laptop
sess_02971,user_122,2,purchase_headphones
sess_02971,user_122,3,open_purchases
sess_02972,user_123,0,open_products
sess_02972,user_123,1,search_laptop
sess_02972,user_123,2,view_laptop
sess_02972,user_123,3,purchase_laptop
sess_02972,user_123,4,purchase_mouse
sess_02972,user_123,5,open_purchases
sess_02973,user_124,0,open_quotations
sess_02973,user_124,1,create_quotation
sess_02973,user_124,2,add_product
sess_02973,user_124,3,save_quotation
sess_02973,user_124,4,send_quotation
sess_02973,user_124,5,create_order
sess_02974,user_125,0,view_phone
sess_02974,user_125,1,purchase_phone
sess_02974,user_125,2,purchase_phone_case
sess_02974,user_125,3,open_purchases
sess_02975,user_126,0,open_customers
sess_02975,user_126,1,view_customer
sess_02975,user_126,2,update_customer
sess_02976,user_127,0,view_phone
sess_02976,user_127,1,purchase_phone
sess_02976,user_127,2,purchase_headphones
sess_02977,user_128,0,create_quotation
sess_02977,user_128,1,add_product
sess_02977,user_128,2,set_discount
sess_02977,user_128,3,save_quotation
sess_02977,user_128,4,send_quotation
sess_02978,user_129,0,view_laptop
sess_02978,user_129,1,purchase_laptop
sess_02978,user_129,2,purchase_laptop_bag
sess_02978,user_129,3,open_purchases
sess_02979,user_130,0,open_products
sess_02979,user_130,1,search_laptop
sess_02979,user_130,2,view_laptop
sess_02979,user_130,3,purchase_laptop
sess_02979,user_130,4,purchase_laptop_bag
sess_02979,user_130,5,open_purchases
sess_02980,user_131,0,view_customer
sess_02980,user_131,1,view_customer_orders
sess_02981,user_132,0,view_phone
sess_02981,user_132,1,purchase_phone
sess_02981,user_132,2,purchase_phone_case
sess_02981,user_132,3,open_purchases
sess_02982,user_133,0,open_customers
sess_02982,user_133,1,view_customer
sess_02982,user_133,2,view_customer_quotations
sess_02982,user_133,3,create_quotation
sess_02983,user_134,0,open_products
sess_02983,user_134,1,search_monitor
sess_02983,user_134,2,view_monitor
sess_02983,user_134,3,purchase_monitor
sess_02983,user_134,4,purchase_keyboard
sess_02984,user_135,0,view_phone
sess_02984,user_135,1,purchase_phone
sess_02984,user_135,2,purchase_warranty
sess_02985,user_136,0,open_quotations
sess_02985,user_136,1,create_quotation
sess_02985,user_136,2,add_product
sess_02985,user_136,3,set_discount
sess_02985,user_136,4,save_quotation
sess_02985,user_136,5,send_quotation
sess_02985,user_136,6,create_order
sess_02986,user_137,0,open_products
sess_02986,user_137,1,search_phone
sess_02986,user_137,2,view_phone
sess_02986,user_137,3,purchase_phone
sess_02986,user_137,4,purchase_phone_case
sess_02986,user_137,5,open_purchases
sess_02987,user_138,0,create_quotation
sess_02987,user_138,1,add_product
sess_02987,user_138,2,save_quotation
sess_02987,user_138,3,send_quotation
sess_02987,user_138,4,create_order
sess_02988,user_139,0,view_customer
sess_02988,user_139,1,update_customer
sess_02989,user_140,0,view_monitor
sess_02989,user_140,1,purchase_monitor
sess_02989,user_140,2,purchase_headphones
sess_02990,user_141,0,open_customers
sess_02990,user_141,1,view_customer
sess_02990,user_141,2,view_customer_quotations
sess_02990,user_141,3,create_quotation
sess_02991,user_142,0,open_products
sess_02991,user_142,1,search_phone
sess_02991,user_142,2,view_phone
sess_02991,user_142,3,purchase_phone
sess_02991,user_142,4,purchase_warranty
sess_02992,user_143,0,create_quotation
sess_02992,user_143,1,add_product
sess_02992,user_143,2,set_discount
sess_02992,user_143,3,save_quotation
sess_02992,user_143,4,send_quotation
sess_02993,user_144,0,view_laptop
sess_02993,user_144,1,purchase_laptop
sess_02993,user_144,2,purchase_headphones
sess_02994,user_145,0,open_products
sess_02994,user_145,1,search_phone
sess_02994,user_145,2,view_phone
sess_02994,user_145,3,purchase_phone
sess_02994,user_145,4,purchase_headphones
sess_02994,user_145,5,open_purchases
sess_02995,user_146,0,login
sess_02995,user_146,1,open_products
sess_02995,user_146,2,search_phone
sess_02995,user_146,3,view_phone
sess_02995,user_146,4,purchase_phone
sess_02995,user_146,5,purchase_phone_case
sess_02996,user_147,0,open_products
sess_02996,user_147,1,search_laptop
sess_02996,user_147,2,view_laptop
sess_02996,user_147,3,purchase_laptop
sess_02996,user_147,4,purchase_headphones
sess_02996,user_147,5,open_purchases
sess_02997,user_148,0,open_products
sess_02997,user_148,1,search_phone
sess_02997,user_148,2,view_phone
sess_02997,user_148,3,purchase_phone
sess_02997,user_148,4,purchase_headphones
sess_02998,user_149,0,open_products
sess_02998,user_149,1,search_phone
sess_02998,user_149,2,view_phone
sess_02998,user_149,3,purchase_phone
sess_02998,user_149,4,purchase_phone_case
sess_02998,user_149,5,open_purchases
sess_02999,user_150,0,create_order
sess_02999,user_150,1,generate_invoice
sess_02999,user_150,2,confirm_payment
sess_03000,user_001,0,view_phone
sess_03000,user_001,1,purchase_phone
sess_03000,user_001,2,purchase_phone_case
sess_03000,user_001,3,open_purchases
sess_03001,user_002,0,open_quotations
sess_03001,user_002,1,create_quotation
sess_03001,user_002,2,add_product
sess_03001,user_002,3,save_quotation
sess_03001,user_002,4,open_quotations
sess_03002,user_003,0,open_quotations
sess_03002,user_003,1,create_quotation
sess_03002,user_003,2,add_product
sess_03002,user_003,3,set_discount
sess_03002,user_003,4,save_quotation
sess_03002,user_003,5,open_quotations
sess_03003,user_004,0,create_quotation
sess_03003,user_004,1,add_product
sess_03003,user_004,2,set_discount
sess_03003,user_004,3,save_quotation
sess_03003,user_004,4,send_quotation
sess_03004,user_005,0,open_customers
sess_03004,user_005,1,view_customer
sess_03004,user_005,2,view_customer_quotations
sess_03004,user_005,3,create_quotation
sess_03005,user_006,0,open_products
sess_03005,user_006,1,search_monitor
sess_03005,user_006,2,view_monitor
sess_03005,user_006,3,purchase_monitor
sess_03005,user_006,4,purchase_mouse
sess_03006,user_007,0,open_quotations
sess_03006,user_007,1,create_quotation
sess_03006,user_007,2,add_product
sess_03006,user_007,3,set_discount
sess_03006,user_007,4,save_quotation
sess_03006,user_007,5,send_quotation
sess_03006,user_007,6,create_order
sess_03007,user_008,0,create_quotation
sess_03007,user_008,1,add_product
sess_03007,user_008,2,save_quotation
sess_03007,user_008,3,send_quotation
sess_03007,user_008,4,create_order
sess_03008,user_009,0,create_quotation
sess_03008,user_009,1,add_product
sess_03008,user_009,2,set_discount
sess_03008,user_009,3,save_quotation
sess_03008,user_009,4,send_quotation
sess_03008,user_009,5,create_order
sess_03009,user_010,0,open_customers
sess_03009,user_010,1,view_customer
sess_03009,user_010,2,view_customer_orders
sess_03010,user_011,0,open_quotations
sess_03010,user_011,1,create_quotation
sess_03010,user_011,2,add_product
sess_03010,user_011,3,set_discount
sess_03010,user_011,4,save_quotation
sess_03010,user_011,5,send_quotation
sess_03010,user_011,6,create_order
sess_03011,user_012,0,open_quotations
sess_03011,user_012,1,create_quotation
sess_03011,user_012,2,add_product
sess_03011,user_012,3,set_discount
sess_03011,user_012,4,save_quotation
sess_03011,user_012,5,open_quotations
sess_03012,user_013,0,view_laptop
sess_03012,user_013,1,purchase_laptop
sess_03012,user_013,2,purchase_headphones
sess_03012,user_013,3,open_purchases
sess_03013,user_014,0,view_phone
sess_03013,user_014,1,purchase_phone
sess_03013,user_014,2,purchase_phone_case
sess_03014,user_015,0,open_products
sess_03014,user_015,1,search_monitor
sess_03014,user_015,2,view_monitor
sess_03014,user_015,3,purchase_monitor
sess_03014,user_015,4,purchase_keyboard
sess_03015,user_016,0,create_quotation
sess_03015,user_016,1,add_product
sess_03015,user_016,2,set_discount
sess_03015,user_016,3,save_quotation
sess_03015,user_016,4,send_quotation
sess_03015,user_016,5,create_order
sess_03016,user_017,0,open_products
sess_03016,user_017,1,search_laptop
sess_03016,user_017,2,view_laptop
sess_03016,user_017,3,purchase_laptop
sess_03016,user_017,4,purchase_headphones
sess_03016,user_017,5,open_purchases
sess_03017,user_018,0,create_order
sess_03017,user_018,1,generate_invoice
sess_03017,user_018,2,confirm_payment
sess_03018,user_019,0,open_products
sess_03018,user_019,1,search_laptop
sess_03018,user_019,2,view_laptop
sess_03018,user_019,3,purchase_laptop
sess_03018,user_019,4,purchase_warranty
sess_03018,user_019,5,open_purchases
sess_03019,user_020,0,create_quotation
sess_03019,user_020,1,add_product
sess_03019,user_020,2,set_discount
sess_03019,user_020,3,save_quotation
sess_03019,user_020,4,send_quotation
sess_03019,user_020,5,create_order
sess_03020,user_021,0,view_phone
sess_03020,user_021,1,purchase_phone
sess_03020,user_021,2,purchase_phone_case
sess_03020,user_021,3,open_purchases
sess_03021,user_022,0,open_orders
sess_03021,user_022,1,create_order
sess_03021,user_022,2,generate_invoice
sess_03021,user_022,3,confirm_payment
sess_03022,user_023,0,open_products
sess_03022,user_023,1,search_laptop
sess_03022,user_023,2,view_laptop
sess_03022,user_023,3,purchase_laptop
sess_03022,user_023,4,purchase_mouse
sess_03022,user_023,5,open_purchases
sess_03023,user_024,0,open_quotations
sess_03023,user_024,1,create_quotation
sess_03023,user_024,2,add_product
sess_03023,user_024,3,save_quotation
sess_03023,user_024,4,send_quotation
sess_03023,user_024,5,create_order
sess_03024,user_025,0,open_quotations
sess_03024,user_025,1,create_quotation
sess_03024,user_025,2,add_product
sess_03024,user_025,3,set_discount
sess_03024,user_025,4,save_quotation
sess_03024,user_025,5,open_quotations
sess_03025,user_026,0,view_phone
sess_03025,user_026,1,purchase_phone
sess_03025,user_026,2,purchase_phone_case
sess_03025,user_026,3,open_purchases
sess_03026,user_027,0,open_customers
sess_03026,user_027,1,view_customer
sess_03026,user_027,2,view_customer_orders
sess_03027,user_028,0,open_products
sess_03027,user_028,1,search_phone
sess_03027,user_028,2,view_phone
sess_03027,user_028,3,purchase_phone
sess_03027,user_028,4,purchase_headphones
sess_03027,user_028,5,open_purchases
sess_03028,user_029,0,open_orders
sess_03028,user_029,1,create_order
sess_03028,user_029,2,generate_invoice
sess_03028,user_029,3,confirm_payment
sess_03029,user_030,0,open_products
sess_03029,user_030,1,search_phone
sess_03029,user_030,2,view_phone
sess_03029,user_030,3,purchase_phone
sess_03029,user_030,4,purchase_phone_case
sess_03030,user_031,0,view_customer
sess_03030,user_031,1,view_customer_quotations
sess_03031,user_032,0,open_products
sess_03031,user_032,1,search_phone
sess_03031,user_032,2,view_phone
sess_03031,user_032,3,purchase_phone
sess_03031,user_032,4,purchase_headphones
sess_03031,user_032,5,open_purchases
sess_03032,user_033,0,open_products
sess_03032,user_033,1,search_laptop
sess_03032,user_033,2,view_laptop
sess_03032,user_033,3,purchase_laptop
sess_03032,user_033,4,purchase_headphones
sess_03033,user_034,0,open_quotations
sess_03033,user_034,1,create_quotation
sess_03033,user_034,2,add_product
sess_03033,user_034,3,set_discount
sess_03033,user_034,4,save_quotation
sess_03033,user_034,5,send_quotation
sess_03033,user_034,6,create_order
sess_03034,user_035,0,view_laptop
sess_03034,user_035,1,purchase_laptop
sess_03034,user_035,2,purchase_headphones
sess_03034,user_035,3,open_purchases
sess_03035,user_036,0,open_products
sess_03035,user_036,1,search_laptop
sess_03035,user_036,2,view_laptop
sess_03035,user_036,3,purchase_laptop
sess_03035,user_036,4,purchase_headphones
sess_03035,user_036,5,open_purchases
sess_03036,user_037,0,view_phone
sess_03036,user_037,1,purchase_phone
sess_03036,user_037,2,purchase_phone_case
sess_03036,user_037,3,open_purchases
sess_03037,user_038,0,open_quotations
sess_03037,user_038,1,create_quotation
sess_03037,user_038,2,add_product
sess_03037,user_038,3,save_quotation
sess_03037,user_038,4,send_quotation
sess_03038,user_039,0,view_laptop
sess_03038,user_039,1,purchase_laptop
sess_03038,user_039,2,purchase_headphones
sess_03038,user_039,3,open_purchases
sess_03039,user_040,0,open_products
sess_03039,user_040,1,search_phone
sess_03039,user_040,2,view_phone
sess_03039,user_040,3,purchase_phone
sess_03039,user_040,4,purchase_warranty
sess_03040,user_041,0,open_products
sess_03040,user_041,1,search_phone
sess_03040,user_041,2,view_phone
sess_03040,user_041,3,purchase_phone
sess_03040,user_041,4,purchase_phone_case
sess_03040,user_041,5,open_purchases
sess_03041,user_042,0,create_quotation
sess_03041,user_042,1,add_product
sess_03041,user_042,2,set_discount
sess_03041,user_042,3,save_quotation
sess_03041,user_042,4,send_quotation
sess_03041,user_042,5,create_order
sess_03042,user_043,0,login
sess_03042,user_043,1,open_products
sess_03042,user_043,2,search_phone
sess_03042,user_043,3,view_phone
sess_03042,user_043,4,purchase_phone
sess_03042,user_043,5,purchase_headphones
sess_03042,user_043,6,open_purchases
sess_03043,user_044,0,open_orders
sess_03043,user_044,1,create_order
sess_03043,user_044,2,generate_invoice
sess_03043,user_044,3,confirm_payment
sess_03044,user_045,0,open_products
sess_03044,user_045,1,search_laptop
sess_03044,user_045,2,view_laptop
sess_03044,user_045,3,purchase_laptop
sess_03044,user_045,4,purchase_headphones
sess_03045,user_046,0,login
sess_03045,user_046,1,open_products
sess_03045,user_046,2,search_phone
sess_03045,user_046,3,view_phone
sess_03045,user_046,4,purchase_phone
sess_03045,user_046,5,purchase_headphones
sess_03045,user_046,6,open_purchases
sess_03046,user_047,0,open_products
sess_03046,user_047,1,search_monitor
sess_03046,user_047,2,view_monitor
sess_03046,user_047,3,purchase_monitor
sess_03046,user_047,4,purchase_keyboard
sess_03047,user_048,0,open_products
sess_03047,user_048,1,search_laptop
sess_03047,user_048,2,view_laptop
sess_03047,user_048,3,purchase_laptop
sess_03047,user_048,4,purchase_headphones
sess_03048,user_049,0,view_laptop
sess_03048,user_049,1,purchase_laptop
sess_03048,user_049,2,purchase_mouse
sess_03048,user_049,3,open_purchases
sess_03049,user_050,0,open_products
sess_03049,user_050,1,search_phone
sess_03049,user_050,2,view_phone
sess_03049,user_050,3,purchase_phone
sess_03049,user_050,4,purchase_phone_case
sess_03049,user_050,5,open_purchases
sess_03050,user_051,0,create_quotation
sess_03050,user_051,1,add_product
sess_03050,user_051,2,set_discount
sess_03050,user_051,3,save_quotation
sess_03050,user_051,4,send_quotation
sess_03050,user_051,5,create_order
sess_03051,user_052,0,view_customer
sess_03051,user_052,1,view_customer_quotations
sess_03051,user_052,2,create_quotation
sess_03052,user_053,0,create_quotation
sess_03052,user_053,1,add_product
sess_03052,user_053,2,set_discount
sess_03052,user_053,3,save_quotation
sess_03052,user_053,4,send_quotation
sess_03053,user_054,0,open_products
sess_03053,user_054,1,search_laptop
sess_03053,user_054,2,view_laptop
sess_03053,user_054,3,purchase_laptop
sess_03053,user_054,4,purchase_headphones
sess_03053,user_054,5,open_purchases
sess_03054,user_055,0,open_customers
sess_03054,user_055,1,view_customer
sess_03054,user_055,2,view_customer_quotations
sess_03054,user_055,3,create_quotation
sess_03055,user_056,0,view_phone
sess_03055,user_056,1,purchase_phone
sess_03055,user_056,2,purchase_phone_case
sess_03056,user_057,0,create_quotation
sess_03056,user_057,1,add_product
sess_03056,user_057,2,set_discount
sess_03056,user_057,3,save_quotation
sess_03056,user_057,4,send_quotation
sess_03057,user_058,0,open_quotations
sess_03057,user_058,1,create_quotation
sess_03057,user_058,2,add_product
sess_03057,user_058,3,save_quotation
sess_03057,user_058,4,send_quotation
sess_03058,user_059,0,view_phone
sess_03058,user_059,1,purchase_phone
sess_03058,user_059,2,purchase_phone_case
sess_03058,user_059,3,open_purchases
sess_03059,user_060,0,view_laptop
sess_03059,user_060,1,purchase_laptop
sess_03059,user_060,2,purchase_headphones
sess_03059,user_060,3,open_purchases
sess_03060,user_061,0,open_customers
sess_03060,user_061,1,view_customer
sess_03060,user_061,2,view_customer_quotations
sess_03060,user_061,3,create_quotation
sess_03061,user_062,0,view_monitor
sess_03061,user_062,1,purchase_monitor
sess_03061,user_062,2,purchase_keyboard
sess_03062,user_063,0,open_products
sess_03062,user_063,1,search_laptop
sess_03062,user_063,2,view_laptop
sess_03062,user_063,3,purchase_laptop
sess_03062,user_063,4,purchase_mouse
sess_03062,user_063,5,open_purchases
sess_03063,user_064,0,open_products
sess_03063,user_064,1,search_laptop
sess_03063,user_064,2,view_laptop
sess_03063,user_064,3,purchase_laptop
sess_03063,user_064,4,purchase_warranty
sess_03063,user_064,5,open_purchases
sess_03064,user_065,0,view_customer
sess_03064,user_065,1,view_customer_quotations
sess_03064,user_065,2,create_quotation
sess_03065,user_066,0,create_quotation
sess_03065,user_066,1,add_product
sess_03065,user_066,2,set_discount
sess_03065,user_066,3,save_quotation
sess_03065,user_066,4,send_quotation
sess_03065,user_066,5,create_order
sess_03066,user_067,0,view_phone
sess_03066,user_067,1,purchase_phone
sess_03066,user_067,2,purchase_phone_case
sess_03066,user_067,3,open_purchases
sess_03067,user_068,0,view_monitor
sess_03067,user_068,1,purchase_monitor
sess_03067,user_068,2,purchase_keyboard
sess_03068,user_069,0,open_quotations
sess_03068,user_069,1,create_quotation
sess_03068,user_069,2,add_product
sess_03068,user_069,3,set_discount
sess_03068,user_069,4,save_quotation
sess_03068,user_069,5,send_quotation
sess_03068,user_069,6,create_order
sess_03069,user_070,0,view_monitor
sess_03069,user_070,1,purchase_monitor
sess_03069,user_070,2,purchase_keyboard
sess_03070,user_071,0,create_quotation
sess_03070,user_071,1,add_product
sess_03070,user_071,2,set_discount
sess_03070,user_071,3,save_quotation
sess_03070,user_071,4,send_quotation
sess_03071,user_072,0,view_phone
sess_03071,user_072,1,purchase_phone
sess_03071,user_072,2,purchase_phone_case
sess_03071,user_072,3,open_purchases
sess_03072,user_073,0,login
sess_03072,user_073,1,open_products
sess_03072,user_073,2,search_laptop
sess_03072,user_073,3,view_laptop
sess_03072,user_073,4,purchase_laptop
sess_03072,user_073,5,purchase_headphones
sess_03072,user_073,6,open_purchases
sess_03073,user_074,0,open_customers
sess_03073,user_074,1,view_customer
sess_03073,user_074,2,view_customer_quotations
sess_03073,user_074,3,create_quotation
sess_03074,user_075,0,open_products
sess_03074,user_075,1,search_monitor
sess_03074,user_075,2,view_monitor
sess_03074,user_075,3,purchase_monitor
sess_03074,user_075,4,purchase_mouse
sess_03075,user_076,0,open_products
sess_03075,user_076,1,search_laptop
sess_03075,user_076,2,view_laptop
sess_03075,user_076,3,purchase_laptop
sess_03075,user_076,4,purchase_headphones
sess_03075,user_076,5,open_purchases
sess_03076,user_077,0,view_laptop
sess_03076,user_077,1,purchase_laptop
sess_03076,user_077,2,purchase_headphones
sess_03077,user_078,0,open_quotations
sess_03077,user_078,1,create_quotation
sess_03077,user_078,2,add_product
sess_03077,user_078,3,save_quotation
sess_03077,user_078,4,send_quotation
sess_03077,user_078,5,create_order
sess_03078,user_079,0,create_quotation
sess_03078,user_079,1,add_product
sess_03078,user_079,2,set_discount
sess_03078,user_079,3,save_quotation
sess_03078,user_079,4,send_quotation
sess_03078,user_079,5,create_order
sess_03079,user_080,0,open_products
sess_03079,user_080,1,search_monitor
sess_03079,user_080,2,view_monitor
sess_03079,user_080,3,purchase_monitor
sess_03079,user_080,4,purchase_mouse
sess_03080,user_081,0,open_products
sess_03080,user_081,1,search_monitor
sess_03080,user_081,2,view_monitor
sess_03080,user_081,3,purchase_monitor
sess_03080,user_081,4,purchase_headphones
sess_03081,user_082,0,open_products
sess_03081,user_082,1,search_laptop
sess_03081,user_082,2,view_laptop
sess_03081,user_082,3,purchase_laptop
sess_03081,user_082,4,purchase_headphones
sess_03082,user_083,0,open_quotations
sess_03082,user_083,1,create_quotation
sess_03082,user_083,2,add_product
sess_03082,user_083,3,set_discount
sess_03082,user_083,4,save_quotation
sess_03082,user_083,5,send_quotation
sess_03082,user_083,6,create_order
sess_03083,user_084,0,view_laptop
sess_03083,user_084,1,purchase_laptop
sess_03083,user_084,2,purchase_headphones
sess_03083,user_084,3,open_purchases
sess_03084,user_085,0,open_products
sess_03084,user_085,1,search_laptop
sess_03084,user_085,2,view_laptop
sess_03084,user_085,3,purchase_laptop
sess_03084,user_085,4,purchase_headphones
sess_03084,user_085,5,open_purchases
sess_03085,user_086,0,create_quotation
sess_03085,user_086,1,add_product
sess_03085,user_086,2,set_discount
sess_03085,user_086,3,save_quotation
sess_03085,user_086,4,send_quotation
sess_03085,user_086,5,create_order
sess_03086,user_087,0,create_quotation
sess_03086,user_087,1,add_product
sess_03086,user_087,2,save_quotation
sess_03086,user_087,3,send_quotation
sess_03086,user_087,4,create_order
sess_03087,user_088,0,create_quotation
sess_03087,user_088,1,add_product
sess_03087,user_088,2,set_discount
sess_03087,user_088,3,save_quotation
sess_03087,user_088,4,open_quotations
sess_03088,user_089,0,open_quotations
sess_03088,user_089,1,create_quotation
sess_03088,user_089,2,add_product
sess_03088,user_089,3,set_discount
sess_03088,user_089,4,save_quotation
sess_03088,user_089,5,send_quotation
sess_03088,user_089,6,create_order
sess_03089,user_090,0,open_customers
sess_03089,user_090,1,view_customer
sess_03089,user_090,2,view_customer_quotations
sess_03089,user_090,3,create_quotation
sess_03090,user_091,0,open_products
sess_03090,user_091,1,search_laptop
sess_03090,user_091,2,view_laptop
sess_03090,user_091,3,purchase_laptop
sess_03090,user_091,4,purchase_headphones
sess_03090,user_091,5,open_purchases
sess_03091,user_092,0,create_quotation
sess_03091,user_092,1,add_product
sess_03091,user_092,2,set_discount
sess_03091,user_092,3,save_quotation
sess_03091,user_092,4,send_quotation
sess_03092,user_093,0,open_orders
sess_03092,user_093,1,create_order
sess_03092,user_093,2,generate_invoice
sess_03092,user_093,3,confirm_payment
sess_03093,user_094,0,create_quotation
sess_03093,user_094,1,add_product
sess_03093,user_094,2,set_discount
sess_03093,user_094,3,save_quotation
sess_03093,user_094,4,send_quotation
sess_03093,user_094,5,create_order
sess_03094,user_095,0,open_products
sess_03094,user_095,1,search_laptop
sess_03094,user_095,2,view_laptop
sess_03094,user_095,3,purchase_laptop
sess_03094,user_095,4,purchase_headphones
sess_03094,user_095,5,open_purchases
sess_03095,user_096,0,open_products
sess_03095,user_096,1,search_laptop
sess_03095,user_096,2,view_laptop
sess_03095,user_096,3,purchase_laptop
sess_03095,user_096,4,purchase_mouse
sess_03096,user_097,0,open_products
sess_03096,user_097,1,search_laptop
sess_03096,user_097,2,view_laptop
sess_03096,user_097,3,purchase_laptop
sess_03096,user_097,4,purchase_mouse
sess_03097,user_098,0,open_quotations
sess_03097,user_098,1,create_quotation
sess_03097,user_098,2,add_product
sess_03097,user_098,3,set_discount
sess_03097,user_098,4,save_quotation
sess_03097,user_098,5,send_quotation
sess_03097,user_098,6,create_order
sess_03098,user_099,0,open_products
sess_03098,user_099,1,search_laptop
sess_03098,user_099,2,view_laptop
sess_03098,user_099,3,purchase_laptop
sess_03098,user_099,4,purchase_headphones
sess_03098,user_099,5,open_purchases
sess_03099,user_100,0,create_order
sess_03099,user_100,1,assign_delivery
sess_03100,user_101,0,login
sess_03100,user_101,1,open_products
sess_03100,user_101,2,search_laptop
sess_03100,user_101,3,view_laptop
sess_03100,user_101,4,purchase_laptop
sess_03100,user_101,5,purchase_mouse
sess_03101,user_102,0,open_orders
sess_03101,user_102,1,create_order
sess_03101,user_102,2,generate_invoice
sess_03101,user_102,3,confirm_payment
sess_03102,user_103,0,view_phone
sess_03102,user_103,1,purchase_phone
sess_03102,user_103,2,purchase_phone_case
sess_03102,user_103,3,open_purchases
sess_03103,user_104,0,open_products
sess_03103,user_104,1,search_monitor
sess_03103,user_104,2,view_monitor
sess_03103,user_104,3,purchase_monitor
sess_03103,user_104,4,purchase_mouse
sess_03104,user_105,0,open_products
sess_03104,user_105,1,search_laptop
sess_03104,user_105,2,view_laptop
sess_03104,user_105,3,purchase_laptop
sess_03104,user_105,4,purchase_headphones
sess_03104,user_105,5,open_purchases
sess_03105,user_106,0,open_products
sess_03105,user_106,1,search_phone
sess_03105,user_106,2,view_phone
sess_03105,user_106,3,purchase_phone
sess_03105,user_106,4,purchase_phone_case
sess_03105,user_106,5,open_purchases
sess_03106,user_107,0,view_customer
sess_03106,user_107,1,update_customer
sess_03107,user_108,0,view_customer
sess_03107,user_108,1,view_customer_orders
sess_03108,user_109,0,open_products
sess_03108,user_109,1,search_laptop
sess_03108,user_109,2,view_laptop
sess_03108,user_109,3,purchase_laptop
sess_03108,user_109,4,purchase_mouse
sess_03109,user_110,0,login
sess_03109,user_110,1,open_products
sess_03109,user_110,2,search_laptop
sess_03109,user_110,3,view_laptop
sess_03109,user_110,4,purchase_laptop
sess_03109,user_110,5,purchase_warranty
sess_03109,user_110,6,open_purchases
sess_03110,user_111,0,view_monitor
sess_03110,user_111,1,purchase_monitor
sess_03110,user_111,2,purchase_keyboard
sess_03111,user_112,0,create_quotation
sess_03111,user_112,1,add_product
sess_03111,user_112,2,save_quotation
sess_03111,user_112,3,send_quotation
sess_03111,user_112,4,create_order
sess_03112,user_113,0,open_products
sess_03112,user_113,1,search_laptop
sess_03112,user_113,2,view_laptop
sess_03112,user_113,3,purchase_laptop
sess_03112,user_113,4,purchase_mouse
sess_03112,user_113,5,open_purchases
sess_03113,user_114,0,view_phone
sess_03113,user_114,1,purchase_phone
sess_03113,user_114,2,purchase_phone_case
sess_03113,user_114,3,open_purchases
sess_03114,user_115,0,open_quotations
sess_03114,user_115,1,create_quotation
sess_03114,user_115,2,add_product
sess_03114,user_115,3,set_discount
sess_03114,user_115,4,save_quotation
sess_03114,user_115,5,send_quotation
sess_03115,user_116,0,open_quotations
sess_03115,user_116,1,create_quotation
sess_03115,user_116,2,add_product
sess_03115,user_116,3,set_discount
sess_03115,user_116,4,save_quotation
sess_03115,user_116,5,open_quotations
sess_03116,user_117,0,open_quotations
sess_03116,user_117,1,create_quotation
sess_03116,user_117,2,add_product
sess_03116,user_117,3,save_quotation
sess_03116,user_117,4,send_quotation
sess_03116,user_117,5,create_order
sess_03117,user_118,0,view_laptop
sess_03117,user_118,1,purchase_laptop
sess_03117,user_118,2,purchase_headphones
sess_03117,user_118,3,open_purchases
sess_03118,user_119,0,create_quotation
sess_03118,user_119,1,add_product
sess_03118,user_119,2,set_discount
sess_03118,user_119,3,save_quotation
sess_03118,user_119,4,open_quotations
sess_03119,user_120,0,open_orders
sess_03119,user_120,1,create_order
sess_03119,user_120,2,generate_invoice
sess_03119,user_120,3,confirm_payment
sess_03120,user_121,0,create_quotation
sess_03120,user_121,1,add_product
sess_03120,user_121,2,set_discount
sess_03120,user_121,3,save_quotation
sess_03120,user_121,4,open_quotations
sess_03121,user_122,0,create_quotation
sess_03121,user_122,1,add_product
sess_03121,user_122,2,set_discount
sess_03121,user_122,3,save_quotation
sess_03121,user_122,4,open_quotations
sess_03122,user_123,0,view_customer
sess_03122,user_123,1,view_customer_quotations
sess_03122,user_123,2,create_quotation
sess_03123,user_124,0,open_products
sess_03123,user_124,1,search_monitor
sess_03123,user_124,2,view_monitor
sess_03123,user_124,3,purchase_monitor
sess_03123,user_124,4,purchase_keyboard
sess_03124,user_125,0,create_order
sess_03124,user_125,1,generate_invoice
sess_03124,user_125,2,confirm_payment
sess_03125,user_126,0,open_products
sess_03125,user_126,1,search_phone
sess_03125,user_126,2,view_phone
sess_03125,user_126,3,purchase_phone
sess_03125,user_126,4,purchase_headphones
sess_03125,user_126,5,open_purchases
sess_03126,user_127,0,create_order
sess_03126,user_127,1,assign_delivery
sess_03127,user_128,0,open_products
sess_03127,user_128,1,search_laptop
sess_03127,user_128,2,view_laptop
sess_03127,user_128,3,purchase_laptop
sess_03127,user_128,4,purchase_headphones
sess_03128,user_129,0,view_laptop
sess_03128,user_129,1,purchase_laptop
sess_03128,user_129,2,purchase_mouse
sess_03129,user_130,0,open_products
sess_03129,user_130,1,search_laptop
sess_03129,user_130,2,view_laptop
sess_03129,user_130,3,purchase_laptop
sess_03129,user_130,4,purchase_mouse
sess_03129,user_130,5,open_purchases
sess_03130,user_131,0,open_products
sess_03130,user_131,1,search_laptop
sess_03130,user_131,2,view_laptop
sess_03130,user_131,3,purchase_laptop
sess_03130,user_131,4,purchase_headphones
sess_03131,user_132,0,open_products
sess_03131,user_132,1,search_laptop
sess_03131,user_132,2,view_laptop
sess_03131,user_132,3,purchase_laptop
sess_03131,user_132,4,purchase_mouse
sess_03131,user_132,5,open_purchases
sess_03132,user_133,0,view_laptop
sess_03132,user_133,1,purchase_laptop
sess_03132,user_133,2,purchase_headphones
sess_03132,user_133,3,open_purchases
sess_03133,user_134,0,view_laptop
sess_03133,user_134,1,purchase_laptop
sess_03133,user_134,2,purchase_headphones
sess_03134,user_135,0,open_products
sess_03134,user_135,1,search_phone
sess_03134,user_135,2,view_phone
sess_03134,user_135,3,purchase_phone
sess_03134,user_135,4,purchase_phone_case
sess_03134,user_135,5,open_purchases
sess_03135,user_136,0,open_products
sess_03135,user_136,1,search_phone
sess_03135,user_136,2,view_phone
sess_03135,user_136,3,purchase_phone
sess_03135,user_136,4,purchase_phone_case
sess_03135,user_136,5,open_purchases
sess_03136,user_137,0,open_products
sess_03136,user_137,1,search_monitor
sess_03136,user_137,2,view_monitor
sess_03136,user_137,3,purchase_monitor
sess_03136,user_137,4,purchase_keyboard
sess_03137,user_138,0,open_products
sess_03137,user_138,1,search_laptop
sess_03137,user_138,2,view_laptop
sess_03137,user_138,3,purchase_laptop
sess_03137,user_138,4,purchase_headphones
sess_03137,user_138,5,open_purchases
sess_03138,user_139,0,login
sess_03138,user_139,1,open_products
sess_03138,user_139,2,search_laptop
sess_03138,user_139,3,view_laptop
sess_03138,user_139,4,purchase_laptop
sess_03138,user_139,5,purchase_headphones
sess_03138,user_139,6,open_purchases
sess_03139,user_140,0,view_laptop
sess_03139,user_140,1,purchase_laptop
sess_03139,user_140,2,purchase_headphones
sess_03140,user_141,0,open_products
sess_03140,user_141,1,search_phone
sess_03140,user_141,2,view_phone
sess_03140,user_141,3,purchase_phone
sess_03140,user_141,4,purchase_phone_case
sess_03140,user_141,5,open_purchases
sess_03141,user_142,0,open_customers
sess_03141,user_142,1,view_customer
sess_03141,user_142,2,view_customer_quotations
sess_03141,user_142,3,create_quotation
sess_03142,user_143,0,create_quotation
sess_03142,user_143,1,add_product
sess_03142,user_143,2,save_quotation
sess_03142,user_143,3,send_quotation
sess_03143,user_144,0,view_laptop
sess_03143,user_144,1,purchase_laptop
sess_03143,user_144,2,purchase_headphones
sess_03144,user_145,0,open_customers
sess_03144,user_145,1,view_customer
sess_03144,user_145,2,view_customer_quotations
sess_03144,user_145,3,create_quotation
sess_03145,user_146,0,view_laptop
sess_03145,user_146,1,purchase_laptop
sess_03145,user_146,2,purchase_laptop_bag
sess_03145,user_146,3,open_purchases
sess_03146,user_147,0,open_products
sess_03146,user_147,1,search_monitor
sess_03146,user_147,2,view_monitor
sess_03146,user_147,3,purchase_monitor
sess_03146,user_147,4,purchase_mouse
sess_03147,user_148,0,view_phone
sess_03147,user_148,1,purchase_phone
sess_03147,user_148,2,purchase_phone_case
sess_03147,user_148,3,open_purchases
sess_03148,user_149,0,open_quotations
sess_03148,user_149,1,create_quotation
sess_03148,user_149,2,add_product
sess_03148,user_149,3,save_quotation
sess_03148,user_149,4,send_quotation
sess_03148,user_149,5,create_order
sess_03149,user_150,0,open_products
sess_03149,user_150,1,search_phone
sess_03149,user_150,2,view_phone
sess_03149,user_150,3,purchase_phone
sess_03149,user_150,4,purchase_phone_case
sess_03149,user_150,5,open_purchases
sess_03150,user_001,0,open_customers
sess_03150,user_001,1,view_customer
sess_03150,user_001,2,view_customer_quotations
sess_03150,user_001,3,create_quotation
sess_03151,user_002,0,create_quotation
sess_03151,user_002,1,add_product
sess_03151,user_002,2,save_quotation
sess_03151,user_002,3,send_quotation
sess_03151,user_002,4,create_order
sess_03152,user_003,0,open_products
sess_03152,user_003,1,search_laptop
sess_03152,user_003,2,view_laptop
sess_03152,user_003,3,purchase_laptop
sess_03152,user_003,4,purchase_mouse
sess_03153,user_004,0,open_products
sess_03153,user_004,1,search_laptop
sess_03153,user_004,2,view_laptop
sess_03153,user_004,3,purchase_laptop
sess_03153,user_004,4,purchase_mouse
sess_03154,user_005,0,open_products
sess_03154,user_005,1,search_laptop
sess_03154,user_005,2,view_laptop
sess_03154,user_005,3,purchase_laptop
sess_03154,user_005,4,purchase_mouse
sess_03155,user_006,0,open_products
sess_03155,user_006,1,search_monitor
sess_03155,user_006,2,view_monitor
sess_03155,user_006,3,purchase_monitor
sess_03155,user_006,4,purchase_keyboard
sess_03156,user_007,0,open_quotations
sess_03156,user_007,1,create_quotation
sess_03156,user_007,2,add_product
sess_03156,user_007,3,set_discount
sess_03156,user_007,4,save_quotation
sess_03156,user_007,5,send_quotation
sess_03156,user_007,6,create_order
sess_03157,user_008,0,open_products
sess_03157,user_008,1,search_laptop
sess_03157,user_008,2,view_laptop
sess_03157,user_008,3,purchase_laptop
sess_03157,user_008,4,purchase_headphones
sess_03157,user_008,5,open_purchases
sess_03158,user_009,0,open_products
sess_03158,user_009,1,search_phone
sess_03158,user_009,2,view_phone
sess_03158,user_009,3,purchase_phone
sess_03158,user_009,4,purchase_phone_case
sess_03159,user_010,0,open_products
sess_03159,user_010,1,search_phone
sess_03159,user_010,2,view_phone
sess_03159,user_010,3,purchase_phone
sess_03159,user_010,4,purchase_warranty
sess_03160,user_011,0,open_customers
sess_03160,user_011,1,view_customer
sess_03160,user_011,2,view_customer_quotations
sess_03160,user_011,3,create_quotation
sess_03161,user_012,0,open_quotations
sess_03161,user_012,1,create_quotation
sess_03161,user_012,2,add_product
sess_03161,user_012,3,save_quotation
sess_03161,user_012,4,send_quotation
sess_03161,user_012,5,create_order
sess_03162,user_013,0,view_laptop
sess_03162,user_013,1,purchase_laptop
sess_03162,user_013,2,purchase_headphones
sess_03162,user_013,3,open_purchases
sess_03163,user_014,0,open_products
sess_03163,user_014,1,search_laptop
sess_03163,user_014,2,view_laptop
sess_03163,user_014,3,purchase_laptop
sess_03163,user_014,4,purchase_headphones
sess_03164,user_015,0,open_products
sess_03164,user_015,1,search_laptop
sess_03164,user_015,2,view_laptop
sess_03164,user_015,3,purchase_laptop
sess_03164,user_015,4,purchase_mouse
sess_03164,user_015,5,open_purchases
sess_03165,user_016,0,create_quotation
sess_03165,user_016,1,add_product
sess_03165,user_016,2,set_discount
sess_03165,user_016,3,save_quotation
sess_03165,user_016,4,open_quotations
sess_03166,user_017,0,login
sess_03166,user_017,1,open_products
sess_03166,user_017,2,search_laptop
sess_03166,user_017,3,view_laptop
sess_03166,user_017,4,purchase_laptop
sess_03166,user_017,5,purchase_mouse
sess_03166,user_017,6,open_purchases
sess_03167,user_018,0,open_products
sess_03167,user_018,1,search_phone
sess_03167,user_018,2,view_phone
sess_03167,user_018,3,purchase_phone
sess_03167,user_018,4,purchase_phone_case
sess_03167,user_018,5,open_purchases
sess_03168,user_019,0,create_quotation
sess_03168,user_019,1,add_product
sess_03168,user_019,2,save_quotation
sess_03168,user_019,3,send_quotation
sess_03168,user_019,4,create_order
sess_03169,user_020,0,view_monitor
sess_03169,user_020,1,purchase_monitor
sess_03169,user_020,2,purchase_keyboard
sess_03170,user_021,0,view_monitor
sess_03170,user_021,1,purchase_monitor
sess_03170,user_021,2,purchase_keyboard
sess_03171,user_022,0,login
sess_03171,user_022,1,open_products
sess_03171,user_022,2,search_laptop
sess_03171,user_022,3,view_laptop
sess_03171,user_022,4,purchase_laptop
sess_03171,user_022,5,purchase_headphones
sess_03171,user_022,6,open_purchases
sess_03172,user_023,0,open_products
sess_03172,user_023,1,search_laptop
sess_03172,user_023,2,view_laptop
sess_03172,user_023,3,purchase_laptop
sess_03172,user_023,4,purchase_headphones
sess_03173,user_024,0,open_quotations
sess_03173,user_024,1,create_quotation
sess_03173,user_024,2,add_product
sess_03173,user_024,3,set_discount
sess_03173,user_024,4,save_quotation
sess_03173,user_024,5,open_quotations
sess_03174,user_025,0,login
sess_03174,user_025,1,open_products
sess_03174,user_025,2,search_phone
sess_03174,user_025,3,view_phone
sess_03174,user_025,4,purchase_phone
sess_03174,user_025,5,purchase_headphones
sess_03174,user_025,6,open_purchases
sess_03175,user_026,0,view_monitor
sess_03175,user_026,1,purchase_monitor
sess_03175,user_026,2,purchase_headphones
sess_03176,user_027,0,create_quotation
sess_03176,user_027,1,add_product
sess_03176,user_027,2,set_discount
sess_03176,user_027,3,save_quotation
sess_03176,user_027,4,send_quotation
sess_03176,user_027,5,create_order
sess_03177,user_028,0,open_quotations
sess_03177,user_028,1,create_quotation
sess_03177,user_028,2,add_product
sess_03177,user_028,3,set_discount
sess_03177,user_028,4,save_quotation
sess_03177,user_028,5,send_quotation
sess_03177,user_028,6,create_order
sess_03178,user_029,0,open_customers
sess_03178,user_029,1,view_customer
sess_03178,user_029,2,view_customer_quotations
sess_03178,user_029,3,create_quotation
sess_03179,user_030,0,open_products
sess_03179,user_030,1,search_phone
sess_03179,user_030,2,view_phone
sess_03179,user_030,3,purchase_phone
sess_03179,user_030,4,purchase_headphones
sess_03180,user_031,0,view_phone
sess_03180,user_031,1,purchase_phone
sess_03180,user_031,2,purchase_phone_case
sess_03181,user_032,0,open_products
sess_03181,user_032,1,search_monitor
sess_03181,user_032,2,view_monitor
sess_03181,user_032,3,purchase_monitor
sess_03181,user_032,4,purchase_headphones
sess_03182,user_033,0,create_quotation
sess_03182,user_033,1,add_product
sess_03182,user_033,2,save_quotation
sess_03182,user_033,3,send_quotation
sess_03182,user_033,4,create_order
sess_03183,user_034,0,open_products
sess_03183,user_034,1,search_monitor
sess_03183,user_034,2,view_monitor
sess_03183,user_034,3,purchase_monitor
sess_03183,user_034,4,purchase_keyboard
sess_03184,user_035,0,open_products
sess_03184,user_035,1,search_phone
sess_03184,user_035,2,view_phone
sess_03184,user_035,3,purchase_phone
sess_03184,user_035,4,purchase_phone_case
sess_03184,user_035,5,open_purchases
sess_03185,user_036,0,open_products
sess_03185,user_036,1,search_laptop
sess_03185,user_036,2,view_laptop
sess_03185,user_036,3,purchase_laptop
sess_03185,user_036,4,purchase_headphones
sess_03185,user_036,5,open_purchases
sess_03186,user_037,0,open_products
sess_03186,user_037,1,search_monitor
sess_03186,user_037,2,view_monitor
sess_03186,user_037,3,purchase_monitor
sess_03186,user_037,4,purchase_headphones
sess_03187,user_038,0,view_customer
sess_03187,user_038,1,view_customer_quotations
sess_03187,user_038,2,create_quotation
sess_03188,user_039,0,view_customer
sess_03188,user_039,1,view_customer_quotations
sess_03188,user_039,2,create_quotation
sess_03189,user_040,0,view_phone
sess_03189,user_040,1,purchase_phone
sess_03189,user_040,2,purchase_warranty
sess_03189,user_040,3,open_purchases
sess_03190,user_041,0,open_quotations
sess_03190,user_041,1,create_quotation
sess_03190,user_041,2,add_product
sess_03190,user_041,3,set_discount
sess_03190,user_041,4,save_quotation
sess_03190,user_041,5,send_quotation
sess_03190,user_041,6,create_order
sess_03191,user_042,0,view_phone
sess_03191,user_042,1,purchase_phone
sess_03191,user_042,2,purchase_phone_case
sess_03192,user_043,0,view_customer
sess_03192,user_043,1,view_customer_quotations
sess_03193,user_044,0,open_customers
sess_03193,user_044,1,view_customer
sess_03193,user_044,2,view_customer_quotations
sess_03193,user_044,3,create_quotation
sess_03194,user_045,0,open_products
sess_03194,user_045,1,search_laptop
sess_03194,user_045,2,view_laptop
sess_03194,user_045,3,purchase_laptop
sess_03194,user_045,4,purchase_headphones
sess_03194,user_045,5,open_purchases
sess_03195,user_046,0,open_products
sess_03195,user_046,1,search_monitor
sess_03195,user_046,2,view_monitor
sess_03195,user_046,3,purchase_monitor
sess_03195,user_046,4,purchase_keyboard
sess_03196,user_047,0,login
sess_03196,user_047,1,open_products
sess_03196,user_047,2,search_laptop
sess_03196,user_047,3,view_laptop
sess_03196,user_047,4,purchase_laptop
sess_03196,user_047,5,purchase_warranty
sess_03196,user_047,6,open_purchases
sess_03197,user_048,0,login
sess_03197,user_048,1,open_products
sess_03197,user_048,2,search_laptop
sess_03197,user_048,3,view_laptop
sess_03197,user_048,4,purchase_laptop
sess_03197,user_048,5,purchase_headphones
sess_03198,user_049,0,open_products
sess_03198,user_049,1,search_monitor
sess_03198,user_049,2,view_monitor
sess_03198,user_049,3,purchase_monitor
sess_03198,user_049,4,purchase_keyboard
sess_03199,user_050,0,open_products
sess_03199,user_050,1,search_laptop
sess_03199,user_050,2,view_laptop
sess_03199,user_050,3,purchase_laptop
sess_03199,user_050,4,purchase_headphones
sess_03200,user_051,0,open_products
sess_03200,user_051,1,search_monitor
sess_03200,user_051,2,view_monitor
sess_03200,user_051,3,purchase_monitor
sess_03200,user_051,4,purchase_keyboard
sess_03201,user_052,0,open_products
sess_03201,user_052,1,search_laptop
sess_03201,user_052,2,view_laptop
sess_03201,user_052,3,purchase_laptop
sess_03201,user_052,4,purchase_headphones
sess_03202,user_053,0,view_laptop
sess_03202,user_053,1,purchase_laptop
sess_03202,user_053,2,purchase_headphones
sess_03202,user_053,3,open_purchases
sess_03203,user_054,0,create_quotation
sess_03203,user_054,1,add_product
sess_03203,user_054,2,set_discount
sess_03203,user_054,3,save_quotation
sess_03203,user_054,4,send_quotation
sess_03204,user_055,0,open_products
sess_03204,user_055,1,search_monitor
sess_03204,user_055,2,view_monitor
sess_03204,user_055,3,purchase_monitor
sess_03204,user_055,4,purchase_keyboard
sess_03205,user_056,0,open_quotations
sess_03205,user_056,1,create_quotation
sess_03205,user_056,2,add_product
sess_03205,user_056,3,set_discount
sess_03205,user_056,4,save_quotation
sess_03205,user_056,5,send_quotation
sess_03205,user_056,6,create_order
sess_03206,user_057,0,open_products
sess_03206,user_057,1,search_monitor
sess_03206,user_057,2,view_monitor
sess_03206,user_057,3,purchase_monitor
sess_03206,user_057,4,purchase_keyboard
sess_03207,user_058,0,open_customers
sess_03207,user_058,1,view_customer
sess_03207,user_058,2,view_customer_quotations
sess_03207,user_058,3,create_quotation
sess_03208,user_059,0,login
sess_03208,user_059,1,open_products
sess_03208,user_059,2,search_laptop
sess_03208,user_059,3,view_laptop
sess_03208,user_059,4,purchase_laptop
sess_03208,user_059,5,purchase_headphones
sess_03208,user_059,6,open_purchases
sess_03209,user_060,0,open_orders
sess_03209,user_060,1,create_order
sess_03209,user_060,2,generate_invoice
sess_03210,user_061,0,open_products
sess_03210,user_061,1,search_laptop
sess_03210,user_061,2,view_laptop
sess_03210,user_061,3,purchase_laptop
sess_03210,user_061,4,purchase_headphones
sess_03211,user_062,0,open_products
sess_03211,user_062,1,search_laptop
sess_03211,user_062,2,view_laptop
sess_03211,user_062,3,purchase_laptop
sess_03211,user_062,4,purchase_headphones
sess_03211,user_062,5,open_purchases
sess_03212,user_063,0,open_products
sess_03212,user_063,1,search_laptop
sess_03212,user_063,2,view_laptop
sess_03212,user_063,3,purchase_laptop
sess_03212,user_063,4,purchase_headphones
sess_03212,user_063,5,open_purchases
sess_03213,user_064,0,view_monitor
sess_03213,user_064,1,purchase_monitor
sess_03213,user_064,2,purchase_keyboard
sess_03214,user_065,0,open_products
sess_03214,user_065,1,search_laptop
sess_03214,user_065,2,view_laptop
sess_03214,user_065,3,purchase_laptop
sess_03214,user_065,4,purchase_headphones
sess_03215,user_066,0,view_phone
sess_03215,user_066,1,purchase_phone
sess_03215,user_066,2,purchase_phone_case
sess_03215,user_066,3,open_purchases
sess_03216,user_067,0,open_products
sess_03216,user_067,1,search_monitor
sess_03216,user_067,2,view_monitor
sess_03216,user_067,3,purchase_monitor
sess_03216,user_067,4,purchase_headphones
sess_03217,user_068,0,view_phone
sess_03217,user_068,1,purchase_phone
sess_03217,user_068,2,purchase_phone_case
sess_03217,user_068,3,open_purchases
sess_03218,user_069,0,view_monitor
sess_03218,user_069,1,purchase_monitor
sess_03218,user_069,2,purchase_keyboard
sess_03219,user_070,0,view_phone
sess_03219,user_070,1,purchase_phone
sess_03219,user_070,2,purchase_headphones
sess_03219,user_070,3,open_purchases
sess_03220,user_071,0,open_quotations
sess_03220,user_071,1,create_quotation
sess_03220,user_071,2,add_product
sess_03220,user_071,3,set_discount
sess_03220,user_071,4,save_quotation
sess_03220,user_071,5,send_quotation
sess_03220,user_071,6,create_order
sess_03221,user_072,0,open_products
sess_03221,user_072,1,search_phone
sess_03221,user_072,2,view_phone
sess_03221,user_072,3,purchase_phone
sess_03221,user_072,4,purchase_phone_case
sess_03221,user_072,5,open_purchases
sess_03222,user_073,0,view_laptop
sess_03222,user_073,1,purchase_laptop
sess_03222,user_073,2,purchase_mouse
sess_03222,user_073,3,open_purchases
sess_03223,user_074,0,open_quotations
sess_03223,user_074,1,create_quotation
sess_03223,user_074,2,add_product
sess_03223,user_074,3,set_discount
sess_03223,user_074,4,save_quotation
sess_03223,user_074,5,send_quotation
sess_03223,user_074,6,create_order
sess_03224,user_075,0,create_quotation
sess_03224,user_075,1,add_product
sess_03224,user_075,2,set_discount
sess_03224,user_075,3,save_quotation
sess_03224,user_075,4,send_quotation
sess_03224,user_075,5,create_order
sess_03225,user_076,0,view_phone
sess_03225,user_076,1,purchase_phone
sess_03225,user_076,2,purchase_phone_case
sess_03226,user_077,0,create_quotation
sess_03226,user_077,1,add_product
sess_03226,user_077,2,save_quotation
sess_03226,user_077,3,open_quotations
sess_03227,user_078,0,open_orders
sess_03227,user_078,1,create_order
sess_03227,user_078,2,generate_invoice
sess_03227,user_078,3,confirm_payment
sess_03228,user_079,0,open_customers
sess_03228,user_079,1,view_customer
sess_03228,user_079,2,view_customer_quotations
sess_03228,user_079,3,create_quotation
sess_03229,user_080,0,view_laptop
sess_03229,user_080,1,purchase_laptop
sess_03229,user_080,2,purchase_headphones
sess_03230,user_081,0,view_laptop
sess_03230,user_081,1,purchase_laptop
sess_03230,user_081,2,purchase_headphones
sess_03230,user_081,3,open_purchases
sess_03231,user_082,0,open_products
sess_03231,user_082,1,search_laptop
sess_03231,user_082,2,view_laptop
sess_03231,user_082,3,purchase_laptop
sess_03231,user_082,4,purchase_headphones
sess_03231,user_082,5,open_purchases
sess_03232,user_083,0,create_quotation
sess_03232,user_083,1,add_product
sess_03232,user_083,2,save_quotation
sess_03232,user_083,3,send_quotation
sess_03232,user_083,4,create_order
sess_03233,user_084,0,create_order
sess_03233,user_084,1,generate_invoice
sess_03234,user_085,0,view_laptop
sess_03234,user_085,1,purchase_laptop
sess_03234,user_085,2,purchase_headphones
sess_03235,user_086,0,open_products
sess_03235,user_086,1,search_laptop
sess_03235,user_086,2,view_laptop
sess_03235,user_086,3,purchase_laptop
sess_03235,user_086,4,purchase_headphones
sess_03236,user_087,0,open_quotations
sess_03236,user_087,1,create_quotation
sess_03236,user_087,2,add_product
sess_03236,user_087,3,save_quotation
sess_03236,user_087,4,send_quotation
sess_03236,user_087,5,create_order
sess_03237,user_088,0,view_customer
sess_03237,user_088,1,view_customer_quotations
sess_03237,user_088,2,create_quotation
sess_03238,user_089,0,open_products
sess_03238,user_089,1,search_monitor
sess_03238,user_089,2,view_monitor
sess_03238,user_089,3,purchase_monitor
sess_03238,user_089,4,purchase_keyboard
sess_03239,user_090,0,open_products
sess_03239,user_090,1,search_laptop
sess_03239,user_090,2,view_laptop
sess_03239,user_090,3,purchase_laptop
sess_03239,user_090,4,purchase_headphones
sess_03240,user_091,0,view_customer
sess_03240,user_091,1,view_customer_quotations
sess_03240,user_091,2,create_quotation
sess_03241,user_092,0,open_products
sess_03241,user_092,1,search_laptop
sess_03241,user_092,2,view_laptop
sess_03241,user_092,3,purchase_laptop
sess_03241,user_092,4,purchase_headphones
sess_03241,user_092,5,open_purchases
sess_03242,user_093,0,open_quotations
sess_03242,user_093,1,create_quotation
sess_03242,user_093,2,add_product
sess_03242,user_093,3,set_discount
sess_03242,user_093,4,save_quotation
sess_03242,user_093,5,send_quotation
sess_03242,user_093,6,create_order
sess_03243,user_094,0,create_quotation
sess_03243,user_094,1,add_product
sess_03243,user_094,2,set_discount
sess_03243,user_094,3,save_quotation
sess_03243,user_094,4,send_quotation
sess_03243,user_094,5,create_order
sess_03244,user_095,0,view_monitor
sess_03244,user_095,1,purchase_monitor
sess_03244,user_095,2,purchase_headphones
sess_03245,user_096,0,view_phone
sess_03245,user_096,1,purchase_phone
sess_03245,user_096,2,purchase_headphones
sess_03246,user_097,0,open_products
sess_03246,user_097,1,search_monitor
sess_03246,user_097,2,view_monitor
sess_03246,user_097,3,purchase_monitor
sess_03246,user_097,4,purchase_keyboard
sess_03247,user_098,0,view_phone
sess_03247,user_098,1,purchase_phone
sess_03247,user_098,2,purchase_phone_case
sess_03247,user_098,3,open_purchases
sess_03248,user_099,0,view_phone
sess_03248,user_099,1,purchase_phone
sess_03248,user_099,2,purchase_phone_case
sess_03248,user_099,3,open_purchases
sess_03249,user_100,0,open_products
sess_03249,user_100,1,search_phone
sess_03249,user_100,2,view_phone
sess_03249,user_100,3,purchase_phone
sess_03249,user_100,4,purchase_phone_case
sess_03249,user_100,5,open_purchases
sess_03250,user_101,0,open_quotations
sess_03250,user_101,1,create_quotation
sess_03250,user_101,2,add_product
sess_03250,user_101,3,save_quotation
sess_03250,user_101,4,send_quotation
sess_03251,user_102,0,open_quotations
sess_03251,user_102,1,create_quotation
sess_03251,user_102,2,add_product
sess_03251,user_102,3,set_discount
sess_03251,user_102,4,save_quotation
sess_03251,user_102,5,send_quotation
sess_03251,user_102,6,create_order
sess_03252,user_103,0,open_products
sess_03252,user_103,1,search_phone
sess_03252,user_103,2,view_phone
sess_03252,user_103,3,purchase_phone
sess_03252,user_103,4,purchase_phone_case
sess_03252,user_103,5,open_purchases
sess_03253,user_104,0,open_customers
sess_03253,user_104,1,view_customer
sess_03253,user_104,2,view_customer_quotations
sess_03253,user_104,3,create_quotation
sess_03254,user_105,0,create_order
sess_03254,user_105,1,assign_delivery
sess_03255,user_106,0,open_products
sess_03255,user_106,1,search_phone
sess_03255,user_106,2,view_phone
sess_03255,user_106,3,purchase_phone
sess_03255,user_106,4,purchase_phone_case
sess_03255,user_106,5,open_purchases
sess_03256,user_107,0,open_quotations
sess_03256,user_107,1,create_quotation
sess_03256,user_107,2,add_product
sess_03256,user_107,3,set_discount
sess_03256,user_107,4,save_quotation
sess_03256,user_107,5,send_quotation
sess_03256,user_107,6,create_order
sess_03257,user_108,0,login
sess_03257,user_108,1,open_products
sess_03257,user_108,2,search_phone
sess_03257,user_108,3,view_phone
sess_03257,user_108,4,purchase_phone
sess_03257,user_108,5,purchase_phone_case
sess_03257,user_108,6,open_purchases
sess_03258,user_109,0,view_laptop
sess_03258,user_109,1,purchase_laptop
sess_03258,user_109,2,purchase_warranty
sess_03258,user_109,3,open_purchases
sess_03259,user_110,0,open_quotations
sess_03259,user_110,1,create_quotation
sess_03259,user_110,2,add_product
sess_03259,user_110,3,set_discount
sess_03259,user_110,4,save_quotation
sess_03259,user_110,5,send_quotation
sess_03259,user_110,6,create_order
sess_03260,user_111,0,open_products
sess_03260,user_111,1,search_laptop
sess_03260,user_111,2,view_laptop
sess_03260,user_111,3,purchase_laptop
sess_03260,user_111,4,purchase_mouse
sess_03260,user_111,5,open_purchases
sess_03261,user_112,0,open_quotations
sess_03261,user_112,1,create_quotation
sess_03261,user_112,2,add_product
sess_03261,user_112,3,set_discount
sess_03261,user_112,4,save_quotation
sess_03261,user_112,5,send_quotation
sess_03261,user_112,6,create_order
sess_03262,user_113,0,open_products
sess_03262,user_113,1,search_phone
sess_03262,user_113,2,view_phone
sess_03262,user_113,3,purchase_phone
sess_03262,user_113,4,purchase_headphones
sess_03262,user_113,5,open_purchases
sess_03263,user_114,0,create_quotation
sess_03263,user_114,1,add_product
sess_03263,user_114,2,set_discount
sess_03263,user_114,3,save_quotation
sess_03263,user_114,4,send_quotation
sess_03264,user_115,0,open_orders
sess_03264,user_115,1,create_order
sess_03264,user_115,2,generate_invoice
sess_03264,user_115,3,confirm_payment
sess_03265,user_116,0,open_quotations
sess_03265,user_116,1,create_quotation
sess_03265,user_116,2,add_product
sess_03265,user_116,3,set_discount
sess_03265,user_116,4,save_quotation
sess_03265,user_116,5,open_quotations
sess_03266,user_117,0,open_products
sess_03266,user_117,1,search_laptop
sess_03266,user_117,2,view_laptop
sess_03266,user_117,3,purchase_laptop
sess_03266,user_117,4,purchase_headphones
sess_03266,user_117,5,open_purchases
sess_03267,user_118,0,view_phone
sess_03267,user_118,1,purchase_phone
sess_03267,user_118,2,purchase_phone_case
sess_03267,user_118,3,open_purchases
sess_03268,user_119,0,open_customers
sess_03268,user_119,1,view_customer
sess_03268,user_119,2,view_customer_quotations
sess_03268,user_119,3,create_quotation
sess_03269,user_120,0,open_customers
sess_03269,user_120,1,view_customer
sess_03269,user_120,2,view_customer_quotations
sess_03270,user_121,0,open_products
sess_03270,user_121,1,search_laptop
sess_03270,user_121,2,view_laptop
sess_03270,user_121,3,purchase_laptop
sess_03270,user_121,4,purchase_headphones
sess_03270,user_121,5,open_purchases
sess_03271,user_122,0,create_order
sess_03271,user_122,1,generate_invoice
sess_03271,user_122,2,confirm_payment
sess_03272,user_123,0,view_phone
sess_03272,user_123,1,purchase_phone
sess_03272,user_123,2,purchase_warranty
sess_03273,user_124,0,open_orders
sess_03273,user_124,1,create_order
sess_03273,user_124,2,generate_invoice
sess_03274,user_125,0,open_quotations
sess_03274,user_125,1,create_quotation
sess_03274,user_125,2,add_product
sess_03274,user_125,3,set_discount
sess_03274,user_125,4,save_quotation
sess_03274,user_125,5,send_quotation
sess_03274,user_125,6,create_order
sess_03275,user_126,0,view_customer
sess_03275,user_126,1,view_customer_quotations
sess_03276,user_127,0,open_quotations
sess_03276,user_127,1,create_quotation
sess_03276,user_127,2,add_product
sess_03276,user_127,3,save_quotation
sess_03276,user_127,4,send_quotation
sess_03276,user_127,5,create_order
sess_03277,user_128,0,open_orders
sess_03277,user_128,1,create_order
sess_03277,user_128,2,assign_delivery
sess_03278,user_129,0,open_orders
sess_03278,user_129,1,create_order
sess_03278,user_129,2,generate_invoice
sess_03279,user_130,0,view_laptop
sess_03279,user_130,1,purchase_laptop
sess_03279,user_130,2,purchase_laptop_bag
sess_03279,user_130,3,open_purchases
sess_03280,user_131,0,open_orders
sess_03280,user_131,1,create_order
sess_03280,user_131,2,generate_invoice
sess_03280,user_131,3,confirm_payment
sess_03281,user_132,0,open_products
sess_03281,user_132,1,search_monitor
sess_03281,user_132,2,view_monitor
sess_03281,user_132,3,purchase_monitor
sess_03281,user_132,4,purchase_mouse
sess_03282,user_133,0,open_products
sess_03282,user_133,1,search_phone
sess_03282,user_133,2,view_phone
sess_03282,user_133,3,purchase_phone
sess_03282,user_133,4,purchase_phone_case
sess_03282,user_133,5,open_purchases
sess_03283,user_134,0,view_phone
sess_03283,user_134,1,purchase_phone
sess_03283,user_134,2,purchase_phone_case
sess_03284,user_135,0,view_phone
sess_03284,user_135,1,purchase_phone
sess_03284,user_135,2,purchase_phone_case
sess_03284,user_135,3,open_purchases
sess_03285,user_136,0,open_orders
sess_03285,user_136,1,create_order
sess_03285,user_136,2,generate_invoice
sess_03286,user_137,0,view_phone
sess_03286,user_137,1,purchase_phone
sess_03286,user_137,2,purchase_phone_case
sess_03287,user_138,0,view_phone
sess_03287,user_138,1,purchase_phone
sess_03287,user_138,2,purchase_phone_case
sess_03287,user_138,3,open_purchases
sess_03288,user_139,0,open_products
sess_03288,user_139,1,search_phone
sess_03288,user_139,2,view_phone
sess_03288,user_139,3,purchase_phone
sess_03288,user_139,4,purchase_phone_case
sess_03289,user_140,0,view_laptop
sess_03289,user_140,1,purchase_laptop
sess_03289,user_140,2,purchase_headphones
sess_03290,user_141,0,create_quotation
sess_03290,user_141,1,add_product
sess_03290,user_141,2,save_quotation
sess_03290,user_141,3,send_quotation
sess_03290,user_141,4,create_order
sess_03291,user_142,0,view_laptop
sess_03291,user_142,1,purchase_laptop
sess_03291,user_142,2,purchase_mouse
sess_03292,user_143,0,view_phone
sess_03292,user_143,1,purchase_phone
sess_03292,user_143,2,purchase_warranty
sess_03292,user_143,3,open_purchases
sess_03293,user_144,0,login
sess_03293,user_144,1,open_products
sess_03293,user_144,2,search_laptop
sess_03293,user_144,3,view_laptop
sess_03293,user_144,4,purchase_laptop
sess_03293,user_144,5,purchase_headphones
sess_03294,user_145,0,open_products
sess_03294,user_145,1,search_laptop
sess_03294,user_145,2,view_laptop
sess_03294,user_145,3,purchase_laptop
sess_03294,user_145,4,purchase_headphones
sess_03295,user_146,0,view_laptop
sess_03295,user_146,1,purchase_laptop
sess_03295,user_146,2,purchase_headphones
sess_03296,user_147,0,open_products
sess_03296,user_147,1,search_phone
sess_03296,user_147,2,view_phone
sess_03296,user_147,3,purchase_phone
sess_03296,user_147,4,purchase_phone_case
sess_03296,user_147,5,open_purchases
sess_03297,user_148,0,create_quotation
sess_03297,user_148,1,add_product
sess_03297,user_148,2,set_discount
sess_03297,user_148,3,save_quotation
sess_03297,user_148,4,send_quotation
sess_03297,user_148,5,create_order
sess_03298,user_149,0,view_laptop
sess_03298,user_149,1,purchase_laptop
sess_03298,user_149,2,purchase_mouse
sess_03299,user_150,0,view_phone
sess_03299,user_150,1,purchase_phone
sess_03299,user_150,2,purchase_headphones
sess_03299,user_150,3,open_purchases
sess_03300,user_001,0,open_quotations
sess_03300,user_001,1,create_quotation
sess_03300,user_001,2,add_product
sess_03300,user_001,3,save_quotation
sess_03300,user_001,4,send_quotation
sess_03300,user_001,5,create_order
sess_03301,user_002,0,open_products
sess_03301,user_002,1,search_laptop
sess_03301,user_002,2,view_laptop
sess_03301,user_002,3,purchase_laptop
sess_03301,user_002,4,purchase_headphones
sess_03301,user_002,5,open_purchases
sess_03302,user_003,0,open_products
sess_03302,user_003,1,search_monitor
sess_03302,user_003,2,view_monitor
sess_03302,user_003,3,purchase_monitor
sess_03302,user_003,4,purchase_keyboard
sess_03303,user_004,0,open_products
sess_03303,user_004,1,search_phone
sess_03303,user_004,2,view_phone
sess_03303,user_004,3,purchase_phone
sess_03303,user_004,4,purchase_phone_case
sess_03304,user_005,0,create_quotation
sess_03304,user_005,1,add_product
sess_03304,user_005,2,save_quotation
sess_03304,user_005,3,send_quotation
sess_03304,user_005,4,create_order
sess_03305,user_006,0,create_quotation
sess_03305,user_006,1,add_product
sess_03305,user_006,2,set_discount
sess_03305,user_006,3,save_quotation
sess_03305,user_006,4,send_quotation
sess_03306,user_007,0,open_products
sess_03306,user_007,1,search_laptop
sess_03306,user_007,2,view_laptop
sess_03306,user_007,3,purchase_laptop
sess_03306,user_007,4,purchase_headphones
sess_03306,user_007,5,open_purchases
sess_03307,user_008,0,open_products
sess_03307,user_008,1,search_laptop
sess_03307,user_008,2,view_laptop
sess_03307,user_008,3,purchase_laptop
sess_03307,user_008,4,purchase_headphones
sess_03308,user_009,0,open_products
sess_03308,user_009,1,search_laptop
sess_03308,user_009,2,view_laptop
sess_03308,user_009,3,purchase_laptop
sess_03308,user_009,4,purchase_headphones
sess_03308,user_009,5,open_purchases
sess_03309,user_010,0,view_phone
sess_03309,user_010,1,purchase_phone
sess_03309,user_010,2,purchase_phone_case
sess_03309,user_010,3,open_purchases
sess_03310,user_011,0,open_orders
sess_03310,user_011,1,create_order
sess_03310,user_011,2,generate_invoice
sess_03311,user_012,0,view_monitor
sess_03311,user_012,1,purchase_monitor
sess_03311,user_012,2,purchase_keyboard
sess_03312,user_013,0,create_quotation
sess_03312,user_013,1,add_product
sess_03312,user_013,2,set_discount
sess_03312,user_013,3,save_quotation
sess_03312,user_013,4,send_quotation
sess_03313,user_014,0,view_laptop
sess_03313,user_014,1,purchase_laptop
sess_03313,user_014,2,purchase_headphones
sess_03314,user_015,0,view_customer
sess_03314,user_015,1,view_customer_quotations
sess_03315,user_016,0,create_quotation
sess_03315,user_016,1,add_product
sess_03315,user_016,2,save_quotation
sess_03315,user_016,3,send_quotation
sess_03315,user_016,4,create_order
sess_03316,user_017,0,view_phone
sess_03316,user_017,1,purchase_phone
sess_03316,user_017,2,purchase_phone_case
sess_03316,user_017,3,open_purchases
sess_03317,user_018,0,create_quotation
sess_03317,user_018,1,add_product
sess_03317,user_018,2,set_discount
sess_03317,user_018,3,save_quotation
sess_03317,user_018,4,send_quotation
sess_03318,user_019,0,create_order
sess_03318,user_019,1,generate_invoice
sess_03318,user_019,2,confirm_payment
sess_03319,user_020,0,create_order
sess_03319,user_020,1,generate_invoice
sess_03319,user_020,2,confirm_payment
sess_03320,user_021,0,view_monitor
sess_03320,user_021,1,purchase_monitor
sess_03320,user_021,2,purchase_mouse
sess_03321,user_022,0,open_products
sess_03321,user_022,1,search_laptop
sess_03321,user_022,2,view_laptop
sess_03321,user_022,3,purchase_laptop
sess_03321,user_022,4,purchase_headphones
sess_03321,user_022,5,open_purchases
sess_03322,user_023,0,open_quotations
sess_03322,user_023,1,create_quotation
sess_03322,user_023,2,add_product
sess_03322,user_023,3,save_quotation
sess_03322,user_023,4,open_quotations
sess_03323,user_024,0,view_customer
sess_03323,user_024,1,view_customer_quotations
sess_03323,user_024,2,create_quotation
sess_03324,user_025,0,open_products
sess_03324,user_025,1,search_monitor
sess_03324,user_025,2,view_monitor
sess_03324,user_025,3,purchase_monitor
sess_03324,user_025,4,purchase_keyboard
sess_03325,user_026,0,open_quotations
sess_03325,user_026,1,create_quotation
sess_03325,user_026,2,add_product
sess_03325,user_026,3,set_discount
sess_03325,user_026,4,save_quotation
sess_03325,user_026,5,open_quotations
sess_03326,user_027,0,open_products
sess_03326,user_027,1,search_laptop
sess_03326,user_027,2,view_laptop
sess_03326,user_027,3,purchase_laptop
sess_03326,user_027,4,purchase_headphones
sess_03326,user_027,5,open_purchases
sess_03327,user_028,0,open_orders
sess_03327,user_028,1,create_order
sess_03327,user_028,2,generate_invoice
sess_03327,user_028,3,confirm_payment
sess_03328,user_029,0,create_order
sess_03328,user_029,1,generate_invoice
sess_03329,user_030,0,open_products
sess_03329,user_030,1,search_monitor
sess_03329,user_030,2,view_monitor
sess_03329,user_030,3,purchase_monitor
sess_03329,user_030,4,purchase_keyboard
sess_03330,user_031,0,create_order
sess_03330,user_031,1,generate_invoice
sess_03330,user_031,2,confirm_payment
sess_03331,user_032,0,open_products
sess_03331,user_032,1,search_monitor
sess_03331,user_032,2,view_monitor
sess_03331,user_032,3,purchase_monitor
sess_03331,user_032,4,purchase_headphones
sess_03332,user_033,0,view_laptop
sess_03332,user_033,1,purchase_laptop
sess_03332,user_033,2,purchase_headphones
sess_03332,user_033,3,open_purchases
sess_03333,user_034,0,create_order
sess_03333,user_034,1,generate_invoice
sess_03333,user_034,2,confirm_payment
sess_03334,user_035,0,view_laptop
sess_03334,user_035,1,purchase_laptop
sess_03334,user_035,2,purchase_mouse
sess_03335,user_036,0,open_products
sess_03335,user_036,1,search_laptop
sess_03335,user_036,2,view_laptop
sess_03335,user_036,3,purchase_laptop
sess_03335,user_036,4,purchase_mouse
sess_03335,user_036,5,open_purchases
sess_03336,user_037,0,create_quotation
sess_03336,user_037,1,add_product
sess_03336,user_037,2,set_discount
sess_03336,user_037,3,save_quotation
sess_03336,user_037,4,open_quotations
sess_03337,user_038,0,open_products
sess_03337,user_038,1,search_laptop
sess_03337,user_038,2,view_laptop
sess_03337,user_038,3,purchase_laptop
sess_03337,user_038,4,purchase_headphones
sess_03338,user_039,0,view_phone
sess_03338,user_039,1,purchase_phone
sess_03338,user_039,2,purchase_phone_case
sess_03339,user_040,0,view_customer
sess_03339,user_040,1,view_customer_quotations
sess_03339,user_040,2,create_quotation
sess_03340,user_041,0,create_quotation
sess_03340,user_041,1,add_product
sess_03340,user_041,2,save_quotation
sess_03340,user_041,3,open_quotations
sess_03341,user_042,0,open_products
sess_03341,user_042,1,search_laptop
sess_03341,user_042,2,view_laptop
sess_03341,user_042,3,purchase_laptop
sess_03341,user_042,4,purchase_headphones
sess_03342,user_043,0,open_quotations
sess_03342,user_043,1,create_quotation
sess_03342,user_043,2,add_product
sess_03342,user_043,3,set_discount
sess_03342,user_043,4,save_quotation
sess_03342,user_043,5,send_quotation
sess_03342,user_043,6,create_order
sess_03343,user_044,0,view_laptop
sess_03343,user_044,1,purchase_laptop
sess_03343,user_044,2,purchase_headphones
sess_03343,user_044,3,open_purchases
sess_03344,user_045,0,create_order
sess_03344,user_045,1,assign_delivery
sess_03345,user_046,0,create_quotation
sess_03345,user_046,1,add_product
sess_03345,user_046,2,save_quotation
sess_03345,user_046,3,open_quotations
sess_03346,user_047,0,open_products
sess_03346,user_047,1,search_laptop
sess_03346,user_047,2,view_laptop
sess_03346,user_047,3,purchase_laptop
sess_03346,user_047,4,purchase_headphones
sess_03346,user_047,5,open_purchases
sess_03347,user_048,0,view_laptop
sess_03347,user_048,1,purchase_laptop
sess_03347,user_048,2,purchase_headphones
sess_03347,user_048,3,open_purchases
sess_03348,user_049,0,view_phone
sess_03348,user_049,1,purchase_phone
sess_03348,user_049,2,purchase_phone_case
sess_03349,user_050,0,open_products
sess_03349,user_050,1,search_laptop
sess_03349,user_050,2,view_laptop
sess_03349,user_050,3,purchase_laptop
sess_03349,user_050,4,purchase_headphones
sess_03350,user_051,0,open_quotations
sess_03350,user_051,1,create_quotation
sess_03350,user_051,2,add_product
sess_03350,user_051,3,save_quotation
sess_03350,user_051,4,send_quotation
sess_03350,user_051,5,create_order
sess_03351,user_052,0,open_customers
sess_03351,user_052,1,view_customer
sess_03351,user_052,2,view_customer_orders
sess_03352,user_053,0,view_phone
sess_03352,user_053,1,purchase_phone
sess_03352,user_053,2,purchase_phone_case
sess_03352,user_053,3,open_purchases
sess_03353,user_054,0,open_products
sess_03353,user_054,1,search_laptop
sess_03353,user_054,2,view_laptop
sess_03353,user_054,3,purchase_laptop
sess_03353,user_054,4,purchase_warranty
sess_03354,user_055,0,open_quotations
sess_03354,user_055,1,create_quotation
sess_03354,user_055,2,add_product
sess_03354,user_055,3,save_quotation
sess_03354,user_055,4,open_quotations
sess_03355,user_056,0,open_customers
sess_03355,user_056,1,view_customer
sess_03355,user_056,2,view_customer_orders
sess_03356,user_057,0,view_monitor
sess_03356,user_057,1,purchase_monitor
sess_03356,user_057,2,purchase_keyboard
sess_03357,user_058,0,open_products
sess_03357,user_058,1,search_laptop
sess_03357,user_058,2,view_laptop
sess_03357,user_058,3,purchase_laptop
sess_03357,user_058,4,purchase_warranty
sess_03358,user_059,0,view_phone
sess_03358,user_059,1,purchase_phone
sess_03358,user_059,2,purchase_headphones
sess_03358,user_059,3,open_purchases
sess_03359,user_060,0,view_phone
sess_03359,user_060,1,purchase_phone
sess_03359,user_060,2,purchase_headphones
sess_03359,user_060,3,open_purchases
sess_03360,user_061,0,view_phone
sess_03360,user_061,1,purchase_phone
sess_03360,user_061,2,purchase_phone_case
sess_03360,user_061,3,open_purchases
sess_03361,user_062,0,open_products
sess_03361,user_062,1,search_laptop
sess_03361,user_062,2,view_laptop
sess_03361,user_062,3,purchase_laptop
sess_03361,user_062,4,purchase_headphones
sess_03361,user_062,5,open_purchases
sess_03362,user_063,0,open_products
sess_03362,user_063,1,search_monitor
sess_03362,user_063,2,view_monitor
sess_03362,user_063,3,purchase_monitor
sess_03362,user_063,4,purchase_keyboard
sess_03363,user_064,0,open_products
sess_03363,user_064,1,search_phone
sess_03363,user_064,2,view_phone
sess_03363,user_064,3,purchase_phone
sess_03363,user_064,4,purchase_warranty
sess_03363,user_064,5,open_purchases
sess_03364,user_065,0,create_quotation
sess_03364,user_065,1,add_product
sess_03364,user_065,2,save_quotation
sess_03364,user_065,3,send_quotation
sess_03365,user_066,0,open_products
sess_03365,user_066,1,search_phone
sess_03365,user_066,2,view_phone
sess_03365,user_066,3,purchase_phone
sess_03365,user_066,4,purchase_phone_case
sess_03365,user_066,5,open_purchases
sess_03366,user_067,0,open_customers
sess_03366,user_067,1,view_customer
sess_03366,user_067,2,view_customer_quotations
sess_03367,user_068,0,open_products
sess_03367,user_068,1,search_laptop
sess_03367,user_068,2,view_laptop
sess_03367,user_068,3,purchase_laptop
sess_03367,user_068,4,purchase_laptop_bag
sess_03367,user_068,5,open_purchases
sess_03368,user_069,0,view_monitor
sess_03368,user_069,1,purchase_monitor
sess_03368,user_069,2,purchase_mouse
sess_03369,user_070,0,view_monitor
sess_03369,user_070,1,purchase_monitor
sess_03369,user_070,2,purchase_mouse
sess_03370,user_071,0,view_phone
sess_03370,user_071,1,purchase_phone
sess_03370,user_071,2,purchase_warranty
sess_03371,user_072,0,view_laptop
sess_03371,user_072,1,purchase_laptop
sess_03371,user_072,2,purchase_mouse
sess_03371,user_072,3,open_purchases
sess_03372,user_073,0,open_products
sess_03372,user_073,1,search_laptop
sess_03372,user_073,2,view_laptop
sess_03372,user_073,3,purchase_laptop
sess_03372,user_073,4,purchase_laptop_bag
sess_03372,user_073,5,open_purchases
sess_03373,user_074,0,open_products
sess_03373,user_074,1,search_laptop
sess_03373,user_074,2,view_laptop
sess_03373,user_074,3,purchase_laptop
sess_03373,user_074,4,purchase_headphones
sess_03373,user_074,5,open_purchases
sess_03374,user_075,0,open_products
sess_03374,user_075,1,search_monitor
sess_03374,user_075,2,view_monitor
sess_03374,user_075,3,purchase_monitor
sess_03374,user_075,4,purchase_keyboard
sess_03375,user_076,0,view_monitor
sess_03375,user_076,1,purchase_monitor
sess_03375,user_076,2,purchase_keyboard
sess_03376,user_077,0,view_laptop
sess_03376,user_077,1,purchase_laptop
sess_03376,user_077,2,purchase_laptop_bag
sess_03376,user_077,3,open_purchases
sess_03377,user_078,0,open_products
sess_03377,user_078,1,search_laptop
sess_03377,user_078,2,view_laptop
sess_03377,user_078,3,purchase_laptop
sess_03377,user_078,4,purchase_mouse
sess_03377,user_078,5,open_purchases
sess_03378,user_079,0,create_order
sess_03378,user_079,1,generate_invoice
sess_03379,user_080,0,view_laptop
sess_03379,user_080,1,purchase_laptop
sess_03379,user_080,2,purchase_mouse
sess_03380,user_081,0,view_laptop
sess_03380,user_081,1,purchase_laptop
sess_03380,user_081,2,purchase_headphones
sess_03380,user_081,3,open_purchases
sess_03381,user_082,0,view_laptop
sess_03381,user_082,1,purchase_laptop
sess_03381,user_082,2,purchase_headphones
sess_03381,user_082,3,open_purchases
sess_03382,user_083,0,open_customers
sess_03382,user_083,1,view_customer
sess_03382,user_083,2,view_customer_quotations
sess_03383,user_084,0,open_products
sess_03383,user_084,1,search_laptop
sess_03383,user_084,2,view_laptop
sess_03383,user_084,3,purchase_laptop
sess_03383,user_084,4,purchase_mouse
sess_03383,user_084,5,open_purchases
sess_03384,user_085,0,open_orders
sess_03384,user_085,1,create_order
sess_03384,user_085,2,generate_invoice
sess_03384,user_085,3,confirm_payment
sess_03385,user_086,0,open_products
sess_03385,user_086,1,search_laptop
sess_03385,user_086,2,view_laptop
sess_03385,user_086,3,purchase_laptop
sess_03385,user_086,4,purchase_mouse
sess_03385,user_086,5,open_purchases
sess_03386,user_087,0,open_quotations
sess_03386,user_087,1,create_quotation
sess_03386,user_087,2,add_product
sess_03386,user_087,3,set_discount
sess_03386,user_087,4,save_quotation
sess_03386,user_087,5,open_quotations
sess_03387,user_088,0,create_quotation
sess_03387,user_088,1,add_product
sess_03387,user_088,2,set_discount
sess_03387,user_088,3,save_quotation
sess_03387,user_088,4,send_quotation
sess_03387,user_088,5,create_order
sess_03388,user_089,0,create_order
sess_03388,user_089,1,generate_invoice
sess_03388,user_089,2,confirm_payment
sess_03389,user_090,0,open_customers
sess_03389,user_090,1,view_customer
sess_03389,user_090,2,view_customer_quotations
sess_03389,user_090,3,create_quotation
sess_03390,user_091,0,view_laptop
sess_03390,user_091,1,purchase_laptop
sess_03390,user_091,2,purchase_laptop_bag
sess_03390,user_091,3,open_purchases
sess_03391,user_092,0,view_phone
sess_03391,user_092,1,purchase_phone
sess_03391,user_092,2,purchase_phone_case
sess_03391,user_092,3,open_purchases
sess_03392,user_093,0,open_quotations
sess_03392,user_093,1,create_quotation
sess_03392,user_093,2,add_product
sess_03392,user_093,3,set_discount
sess_03392,user_093,4,save_quotation
sess_03392,user_093,5,open_quotations
sess_03393,user_094,0,view_customer
sess_03393,user_094,1,view_customer_quotations
sess_03394,user_095,0,open_products
sess_03394,user_095,1,search_phone
sess_03394,user_095,2,view_phone
sess_03394,user_095,3,purchase_phone
sess_03394,user_095,4,purchase_phone_case
sess_03394,user_095,5,open_purchases
sess_03395,user_096,0,create_quotation
sess_03395,user_096,1,add_product
sess_03395,user_096,2,save_quotation
sess_03395,user_096,3,send_quotation
sess_03395,user_096,4,create_order
sess_03396,user_097,0,open_products
sess_03396,user_097,1,search_laptop
sess_03396,user_097,2,view_laptop
sess_03396,user_097,3,purchase_laptop
sess_03396,user_097,4,purchase_headphones
sess_03396,user_097,5,open_purchases
sess_03397,user_098,0,open_quotations
sess_03397,user_098,1,create_quotation
sess_03397,user_098,2,add_product
sess_03397,user_098,3,save_quotation
sess_03397,user_098,4,send_quotation
sess_03397,user_098,5,create_order
sess_03398,user_099,0,open_products
sess_03398,user_099,1,search_phone
sess_03398,user_099,2,view_phone
sess_03398,user_099,3,purchase_phone
sess_03398,user_099,4,purchase_phone_case
sess_03399,user_100,0,view_customer
sess_03399,user_100,1,view_customer_quotations
sess_03399,user_100,2,create_quotation
sess_03400,user_101,0,open_products
sess_03400,user_101,1,search_phone
sess_03400,user_101,2,view_phone
sess_03400,user_101,3,purchase_phone
sess_03400,user_101,4,purchase_headphones
sess_03400,user_101,5,open_purchases
sess_03401,user_102,0,view_phone
sess_03401,user_102,1,purchase_phone
sess_03401,user_102,2,purchase_phone_case
sess_03401,user_102,3,open_purchases
sess_03402,user_103,0,open_products
sess_03402,user_103,1,search_laptop
sess_03402,user_103,2,view_laptop
sess_03402,user_103,3,purchase_laptop
sess_03402,user_103,4,purchase_headphones
sess_03402,user_103,5,open_purchases
sess_03403,user_104,0,view_customer
sess_03403,user_104,1,view_customer_quotations
sess_03403,user_104,2,create_quotation
sess_03404,user_105,0,view_laptop
sess_03404,user_105,1,purchase_laptop
sess_03404,user_105,2,purchase_laptop_bag
sess_03404,user_105,3,open_purchases
sess_03405,user_106,0,login
sess_03405,user_106,1,open_products
sess_03405,user_106,2,search_laptop
sess_03405,user_106,3,view_laptop
sess_03405,user_106,4,purchase_laptop
sess_03405,user_106,5,purchase_laptop_bag
sess_03405,user_106,6,open_purchases
sess_03406,user_107,0,create_order
sess_03406,user_107,1,generate_invoice
sess_03407,user_108,0,view_laptop
sess_03407,user_108,1,purchase_laptop
sess_03407,user_108,2,purchase_mouse
sess_03407,user_108,3,open_purchases
sess_03408,user_109,0,open_products
sess_03408,user_109,1,search_monitor
sess_03408,user_109,2,view_monitor
sess_03408,user_109,3,purchase_monitor
sess_03408,user_109,4,purchase_keyboard
sess_03409,user_110,0,open_products
sess_03409,user_110,1,search_laptop
sess_03409,user_110,2,view_laptop
sess_03409,user_110,3,purchase_laptop
sess_03409,user_110,4,purchase_mouse
sess_03409,user_110,5,open_purchases
sess_03410,user_111,0,create_quotation
sess_03410,user_111,1,add_product
sess_03410,user_111,2,set_discount
sess_03410,user_111,3,save_quotation
sess_03410,user_111,4,send_quotation
sess_03411,user_112,0,open_products
sess_03411,user_112,1,search_monitor
sess_03411,user_112,2,view_monitor
sess_03411,user_112,3,purchase_monitor
sess_03411,user_112,4,purchase_keyboard
sess_03412,user_113,0,create_quotation
sess_03412,user_113,1,add_product
sess_03412,user_113,2,set_discount
sess_03412,user_113,3,save_quotation
sess_03412,user_113,4,open_quotations
sess_03413,user_114,0,view_phone
sess_03413,user_114,1,purchase_phone
sess_03413,user_114,2,purchase_phone_case
sess_03413,user_114,3,open_purchases
sess_03414,user_115,0,view_monitor
sess_03414,user_115,1,purchase_monitor
sess_03414,user_115,2,purchase_keyboard
sess_03415,user_116,0,open_customers
sess_03415,user_116,1,view_customer
sess_03415,user_116,2,view_customer_orders
sess_03416,user_117,0,open_products
sess_03416,user_117,1,search_laptop
sess_03416,user_117,2,view_laptop
sess_03416,user_117,3,purchase_laptop
sess_03416,user_117,4,purchase_warranty
sess_03416,user_117,5,open_purchases
sess_03417,user_118,0,create_quotation
sess_03417,user_118,1,add_product
sess_03417,user_118,2,set_discount
sess_03417,user_118,3,save_quotation
sess_03417,user_118,4,send_quotation
sess_03418,user_119,0,open_products
sess_03418,user_119,1,search_laptop
sess_03418,user_119,2,view_laptop
sess_03418,user_119,3,purchase_laptop
sess_03418,user_119,4,purchase_headphones
sess_03419,user_120,0,view_phone
sess_03419,user_120,1,purchase_phone
sess_03419,user_120,2,purchase_warranty
sess_03420,user_121,0,view_laptop
sess_03420,user_121,1,purchase_laptop
sess_03420,user_121,2,purchase_headphones
sess_03420,user_121,3,open_purchases
sess_03421,user_122,0,view_monitor
sess_03421,user_122,1,purchase_monitor
sess_03421,user_122,2,purchase_headphones
sess_03422,user_123,0,open_products
sess_03422,user_123,1,search_laptop
sess_03422,user_123,2,view_laptop
sess_03422,user_123,3,purchase_laptop
sess_03422,user_123,4,purchase_headphones
sess_03422,user_123,5,open_purchases
sess_03423,user_124,0,create_quotation
sess_03423,user_124,1,add_product
sess_03423,user_124,2,save_quotation
sess_03423,user_124,3,send_quotation
sess_03424,user_125,0,create_quotation
sess_03424,user_125,1,add_product
sess_03424,user_125,2,set_discount
sess_03424,user_125,3,save_quotation
sess_03424,user_125,4,send_quotation
sess_03424,user_125,5,create_order
sess_03425,user_126,0,open_products
sess_03425,user_126,1,search_monitor
sess_03425,user_126,2,view_monitor
sess_03425,user_126,3,purchase_monitor
sess_03425,user_126,4,purchase_mouse
sess_03426,user_127,0,create_order
sess_03426,user_127,1,generate_invoice
sess_03426,user_127,2,confirm_payment
sess_03427,user_128,0,create_quotation
sess_03427,user_128,1,add_product
sess_03427,user_128,2,set_discount
sess_03427,user_128,3,save_quotation
sess_03427,user_128,4,send_quotation
sess_03427,user_128,5,create_order
sess_03428,user_129,0,open_customers
sess_03428,user_129,1,view_customer
sess_03428,user_129,2,view_customer_quotations
sess_03428,user_129,3,create_quotation
sess_03429,user_130,0,open_customers
sess_03429,user_130,1,view_customer
sess_03429,user_130,2,view_customer_quotations
sess_03429,user_130,3,create_quotation
sess_03430,user_131,0,view_phone
sess_03430,user_131,1,purchase_phone
sess_03430,user_131,2,purchase_headphones
sess_03431,user_132,0,view_phone
sess_03431,user_132,1,purchase_phone
sess_03431,user_132,2,purchase_headphones
sess_03431,user_132,3,open_purchases
sess_03432,user_133,0,create_quotation
sess_03432,user_133,1,add_product
sess_03432,user_133,2,set_discount
sess_03432,user_133,3,save_quotation
sess_03432,user_133,4,send_quotation
sess_03432,user_133,5,create_order
sess_03433,user_134,0,open_products
sess_03433,user_134,1,search_laptop
sess_03433,user_134,2,view_laptop
sess_03433,user_134,3,purchase_laptop
sess_03433,user_134,4,purchase_laptop_bag
sess_03433,user_134,5,open_purchases
sess_03434,user_135,0,open_products
sess_03434,user_135,1,search_laptop
sess_03434,user_135,2,view_laptop
sess_03434,user_135,3,purchase_laptop
sess_03434,user_135,4,purchase_headphones
sess_03434,user_135,5,open_purchases
sess_03435,user_136,0,view_phone
sess_03435,user_136,1,purchase_phone
sess_03435,user_136,2,purchase_headphones
sess_03436,user_137,0,view_customer
sess_03436,user_137,1,update_customer
sess_03437,user_138,0,view_monitor
sess_03437,user_138,1,purchase_monitor
sess_03437,user_138,2,purchase_keyboard
sess_03438,user_139,0,open_products
sess_03438,user_139,1,search_phone
sess_03438,user_139,2,view_phone
sess_03438,user_139,3,purchase_phone
sess_03438,user_139,4,purchase_headphones
sess_03438,user_139,5,open_purchases
sess_03439,user_140,0,open_quotations
sess_03439,user_140,1,create_quotation
sess_03439,user_140,2,add_product
sess_03439,user_140,3,set_discount
sess_03439,user_140,4,save_quotation
sess_03439,user_140,5,send_quotation
sess_03440,user_141,0,open_products
sess_03440,user_141,1,search_phone
sess_03440,user_141,2,view_phone
sess_03440,user_141,3,purchase_phone
sess_03440,user_141,4,purchase_phone_case
sess_03441,user_142,0,create_quotation
sess_03441,user_142,1,add_product
sess_03441,user_142,2,set_discount
sess_03441,user_142,3,save_quotation
sess_03441,user_142,4,send_quotation
sess_03442,user_143,0,open_products
sess_03442,user_143,1,search_phone
sess_03442,user_143,2,view_phone
sess_03442,user_143,3,purchase_phone
sess_03442,user_143,4,purchase_phone_case
sess_03443,user_144,0,open_products
sess_03443,user_144,1,search_laptop
sess_03443,user_144,2,view_laptop
sess_03443,user_144,3,purchase_laptop
sess_03443,user_144,4,purchase_mouse
sess_03443,user_144,5,open_purchases
sess_03444,user_145,0,view_customer
sess_03444,user_145,1,view_customer_quotations
sess_03444,user_145,2,create_quotation
sess_03445,user_146,0,create_quotation
sess_03445,user_146,1,add_product
sess_03445,user_146,2,set_discount
sess_03445,user_146,3,save_quotation
sess_03445,user_146,4,send_quotation
sess_03446,user_147,0,open_quotations
sess_03446,user_147,1,create_quotation
sess_03446,user_147,2,add_product
sess_03446,user_147,3,set_discount
sess_03446,user_147,4,save_quotation
sess_03446,user_147,5,open_quotations
sess_03447,user_148,0,open_products
sess_03447,user_148,1,search_monitor
sess_03447,user_148,2,view_monitor
sess_03447,user_148,3,purchase_monitor
sess_03447,user_148,4,purchase_keyboard
sess_03448,user_149,0,view_laptop
sess_03448,user_149,1,purchase_laptop
sess_03448,user_149,2,purchase_headphones
sess_03448,user_149,3,open_purchases
sess_03449,user_150,0,open_customers
sess_03449,user_150,1,view_customer
sess_03449,user_150,2,view_customer_quotations
sess_03450,user_001,0,view_laptop
sess_03450,user_001,1,purchase_laptop
sess_03450,user_001,2,purchase_headphones
sess_03450,user_001,3,open_purchases
sess_03451,user_002,0,open_products
sess_03451,user_002,1,search_phone
sess_03451,user_002,2,view_phone
sess_03451,user_002,3,purchase_phone
sess_03451,user_002,4,purchase_phone_case
sess_03451,user_002,5,open_purchases
sess_03452,user_003,0,open_quotations
sess_03452,user_003,1,create_quotation
sess_03452,user_003,2,add_product
sess_03452,user_003,3,set_discount
sess_03452,user_003,4,save_quotation
sess_03452,user_003,5,open_quotations
sess_03453,user_004,0,open_products
sess_03453,user_004,1,search_phone
sess_03453,user_004,2,view_phone
sess_03453,user_004,3,purchase_phone
sess_03453,user_004,4,purchase_phone_case
sess_03453,user_004,5,open_purchases
sess_03454,user_005,0,open_quotations
sess_03454,user_005,1,create_quotation
sess_03454,user_005,2,add_product
sess_03454,user_005,3,save_quotation
sess_03454,user_005,4,send_quotation
sess_03454,user_005,5,create_order
sess_03455,user_006,0,create_quotation
sess_03455,user_006,1,add_product
sess_03455,user_006,2,set_discount
sess_03455,user_006,3,save_quotation
sess_03455,user_006,4,send_quotation
sess_03455,user_006,5,create_order
sess_03456,user_007,0,open_orders
sess_03456,user_007,1,create_order
sess_03456,user_007,2,assign_delivery
sess_03457,user_008,0,open_products
sess_03457,user_008,1,search_monitor
sess_03457,user_008,2,view_monitor
sess_03457,user_008,3,purchase_monitor
sess_03457,user_008,4,purchase_mouse
sess_03458,user_009,0,create_quotation
sess_03458,user_009,1,add_product
sess_03458,user_009,2,save_quotation
sess_03458,user_009,3,open_quotations
sess_03459,user_010,0,view_phone
sess_03459,user_010,1,purchase_phone
sess_03459,user_010,2,purchase_phone_case
sess_03459,user_010,3,open_purchases
sess_03460,user_011,0,open_products
sess_03460,user_011,1,search_phone
sess_03460,user_011,2,view_phone
sess_03460,user_011,3,purchase_phone
sess_03460,user_011,4,purchase_phone_case
sess_03460,user_011,5,open_purchases
sess_03461,user_012,0,create_quotation
sess_03461,user_012,1,add_product
sess_03461,user_012,2,set_discount
sess_03461,user_012,3,save_quotation
sess_03461,user_012,4,send_quotation
sess_03462,user_013,0,view_laptop
sess_03462,user_013,1,purchase_laptop
sess_03462,user_013,2,purchase_headphones
sess_03462,user_013,3,open_purchases
sess_03463,user_014,0,open_products
sess_03463,user_014,1,search_phone
sess_03463,user_014,2,view_phone
sess_03463,user_014,3,purchase_phone
sess_03463,user_014,4,purchase_phone_case
sess_03463,user_014,5,open_purchases
sess_03464,user_015,0,open_products
sess_03464,user_015,1,search_monitor
sess_03464,user_015,2,view_monitor
sess_03464,user_015,3,purchase_monitor
sess_03464,user_015,4,purchase_keyboard
sess_03465,user_016,0,open_products
sess_03465,user_016,1,search_laptop
sess_03465,user_016,2,view_laptop
sess_03465,user_016,3,purchase_laptop
sess_03465,user_016,4,purchase_headphones
sess_03465,user_016,5,open_purchases
sess_03466,user_017,0,view_monitor
sess_03466,user_017,1,purchase_monitor
sess_03466,user_017,2,purchase_keyboard
sess_03467,user_018,0,open_products
sess_03467,user_018,1,search_monitor
sess_03467,user_018,2,view_monitor
sess_03467,user_018,3,purchase_monitor
sess_03467,user_018,4,purchase_keyboard
sess_03468,user_019,0,open_products
sess_03468,user_019,1,search_laptop
sess_03468,user_019,2,view_laptop
sess_03468,user_019,3,purchase_laptop
sess_03468,user_019,4,purchase_headphones
sess_03468,user_019,5,open_purchases
sess_03469,user_020,0,view_phone
sess_03469,user_020,1,purchase_phone
sess_03469,user_020,2,purchase_phone_case
sess_03469,user_020,3,open_purchases
sess_03470,user_021,0,create_quotation
sess_03470,user_021,1,add_product
sess_03470,user_021,2,set_discount
sess_03470,user_021,3,save_quotation
sess_03470,user_021,4,send_quotation
sess_03470,user_021,5,create_order
sess_03471,user_022,0,view_customer
sess_03471,user_022,1,view_customer_quotations
sess_03472,user_023,0,view_laptop
sess_03472,user_023,1,purchase_laptop
sess_03472,user_023,2,purchase_laptop_bag
sess_03473,user_024,0,open_products
sess_03473,user_024,1,search_laptop
sess_03473,user_024,2,view_laptop
sess_03473,user_024,3,purchase_laptop
sess_03473,user_024,4,purchase_headphones
sess_03473,user_024,5,open_purchases
sess_03474,user_025,0,open_products
sess_03474,user_025,1,search_laptop
sess_03474,user_025,2,view_laptop
sess_03474,user_025,3,purchase_laptop
sess_03474,user_025,4,purchase_mouse
sess_03474,user_025,5,open_purchases
sess_03475,user_026,0,view_monitor
sess_03475,user_026,1,purchase_monitor
sess_03475,user_026,2,purchase_keyboard
sess_03476,user_027,0,open_quotations
sess_03476,user_027,1,create_quotation
sess_03476,user_027,2,add_product
sess_03476,user_027,3,save_quotation
sess_03476,user_027,4,send_quotation
sess_03477,user_028,0,view_phone
sess_03477,user_028,1,purchase_phone
sess_03477,user_028,2,purchase_phone_case
sess_03478,user_029,0,open_products
sess_03478,user_029,1,search_monitor
sess_03478,user_029,2,view_monitor
sess_03478,user_029,3,purchase_monitor
sess_03478,user_029,4,purchase_keyboard
sess_03479,user_030,0,open_products
sess_03479,user_030,1,search_laptop
sess_03479,user_030,2,view_laptop
sess_03479,user_030,3,purchase_laptop
sess_03479,user_030,4,purchase_mouse
sess_03479,user_030,5,open_purchases
sess_03480,user_031,0,open_products
sess_03480,user_031,1,search_phone
sess_03480,user_031,2,view_phone
sess_03480,user_031,3,purchase_phone
sess_03480,user_031,4,purchase_phone_case
sess_03480,user_031,5,open_purchases
sess_03481,user_032,0,open_quotations
sess_03481,user_032,1,create_quotation
sess_03481,user_032,2,add_product
sess_03481,user_032,3,set_discount
sess_03481,user_032,4,save_quotation
sess_03481,user_032,5,send_quotation
sess_03481,user_032,6,create_order
sess_03482,user_033,0,open_quotations
sess_03482,user_033,1,create_quotation
sess_03482,user_033,2,add_product
sess_03482,user_033,3,save_quotation
sess_03482,user_033,4,send_quotation
sess_03482,user_033,5,create_order
sess_03483,user_034,0,view_phone
sess_03483,user_034,1,purchase_phone
sess_03483,user_034,2,purchase_headphones
sess_03484,user_035,0,view_phone
sess_03484,user_035,1,purchase_phone
sess_03484,user_035,2,purchase_phone_case
sess_03485,user_036,0,create_quotation
sess_03485,user_036,1,add_product
sess_03485,user_036,2,set_discount
sess_03485,user_036,3,save_quotation
sess_03485,user_036,4,send_quotation
sess_03485,user_036,5,create_order
sess_03486,user_037,0,open_quotations
sess_03486,user_037,1,create_quotation
sess_03486,user_037,2,add_product
sess_03486,user_037,3,set_discount
sess_03486,user_037,4,save_quotation
sess_03486,user_037,5,send_quotation
sess_03487,user_038,0,open_customers
sess_03487,user_038,1,view_customer
sess_03487,user_038,2,view_customer_quotations
sess_03487,user_038,3,create_quotation
sess_03488,user_039,0,open_products
sess_03488,user_039,1,search_phone
sess_03488,user_039,2,view_phone
sess_03488,user_039,3,purchase_phone
sess_03488,user_039,4,purchase_phone_case
sess_03488,user_039,5,open_purchases
sess_03489,user_040,0,create_quotation
sess_03489,user_040,1,add_product
sess_03489,user_040,2,save_quotation
sess_03489,user_040,3,send_quotation
sess_03490,user_041,0,view_phone
sess_03490,user_041,1,purchase_phone
sess_03490,user_041,2,purchase_phone_case
sess_03491,user_042,0,view_phone
sess_03491,user_042,1,purchase_phone
sess_03491,user_042,2,purchase_headphones
sess_03491,user_042,3,open_purchases
sess_03492,user_043,0,open_quotations
sess_03492,user_043,1,create_quotation
sess_03492,user_043,2,add_product
sess_03492,user_043,3,set_discount
sess_03492,user_043,4,save_quotation
sess_03492,user_043,5,send_quotation
sess_03493,user_044,0,view_laptop
sess_03493,user_044,1,purchase_laptop
sess_03493,user_044,2,purchase_mouse
sess_03493,user_044,3,open_purchases
sess_03494,user_045,0,open_customers
sess_03494,user_045,1,view_customer
sess_03494,user_045,2,view_customer_quotations
sess_03495,user_046,0,open_products
sess_03495,user_046,1,search_phone
sess_03495,user_046,2,view_phone
sess_03495,user_046,3,purchase_phone
sess_03495,user_046,4,purchase_phone_case
sess_03495,user_046,5,open_purchases
sess_03496,user_047,0,view_laptop
sess_03496,user_047,1,purchase_laptop
sess_03496,user_047,2,purchase_mouse
sess_03497,user_048,0,view_monitor
sess_03497,user_048,1,purchase_monitor
sess_03497,user_048,2,purchase_keyboard
sess_03498,user_049,0,view_monitor
sess_03498,user_049,1,purchase_monitor
sess_03498,user_049,2,purchase_keyboard
sess_03499,user_050,0,open_products
sess_03499,user_050,1,search_laptop
sess_03499,user_050,2,view_laptop
sess_03499,user_050,3,purchase_laptop
sess_03499,user_050,4,purchase_headphones
sess_03499,user_050,5,open_purchases
sess_03500,user_051,0,view_customer
sess_03500,user_051,1,view_customer_orders
sess_03501,user_052,0,create_order
sess_03501,user_052,1,generate_invoice
sess_03501,user_052,2,confirm_payment
sess_03502,user_053,0,open_quotations
sess_03502,user_053,1,create_quotation
sess_03502,user_053,2,add_product
sess_03502,user_053,3,set_discount
sess_03502,user_053,4,save_quotation
sess_03502,user_053,5,send_quotation
sess_03502,user_053,6,create_order
sess_03503,user_054,0,login
sess_03503,user_054,1,open_products
sess_03503,user_054,2,search_phone
sess_03503,user_054,3,view_phone
sess_03503,user_054,4,purchase_phone
sess_03503,user_054,5,purchase_warranty
sess_03503,user_054,6,open_purchases
sess_03504,user_055,0,login
sess_03504,user_055,1,open_products
sess_03504,user_055,2,search_laptop
sess_03504,user_055,3,view_laptop
sess_03504,user_055,4,purchase_laptop
sess_03504,user_055,5,purchase_headphones
sess_03504,user_055,6,open_purchases
sess_03505,user_056,0,open_quotations
sess_03505,user_056,1,create_quotation
sess_03505,user_056,2,add_product
sess_03505,user_056,3,set_discount
sess_03505,user_056,4,save_quotation
sess_03505,user_056,5,send_quotation
sess_03506,user_057,0,open_products
sess_03506,user_057,1,search_laptop
sess_03506,user_057,2,view_laptop
sess_03506,user_057,3,purchase_laptop
sess_03506,user_057,4,purchase_headphones
sess_03507,user_058,0,open_products
sess_03507,user_058,1,search_laptop
sess_03507,user_058,2,view_laptop
sess_03507,user_058,3,purchase_laptop
sess_03507,user_058,4,purchase_warranty
sess_03507,user_058,5,open_purchases
sess_03508,user_059,0,open_quotations
sess_03508,user_059,1,create_quotation
sess_03508,user_059,2,add_product
sess_03508,user_059,3,set_discount
sess_03508,user_059,4,save_quotation
sess_03508,user_059,5,send_quotation
sess_03508,user_059,6,create_order
sess_03509,user_060,0,view_phone
sess_03509,user_060,1,purchase_phone
sess_03509,user_060,2,purchase_phone_case
sess_03509,user_060,3,open_purchases
sess_03510,user_061,0,open_products
sess_03510,user_061,1,search_laptop
sess_03510,user_061,2,view_laptop
sess_03510,user_061,3,purchase_laptop
sess_03510,user_061,4,purchase_headphones
sess_03511,user_062,0,view_phone
sess_03511,user_062,1,purchase_phone
sess_03511,user_062,2,purchase_phone_case
sess_03511,user_062,3,open_purchases
sess_03512,user_063,0,view_customer
sess_03512,user_063,1,view_customer_orders
sess_03513,user_064,0,open_products
sess_03513,user_064,1,search_phone
sess_03513,user_064,2,view_phone
sess_03513,user_064,3,purchase_phone
sess_03513,user_064,4,purchase_headphones
sess_03514,user_065,0,view_monitor
sess_03514,user_065,1,purchase_monitor
sess_03514,user_065,2,purchase_keyboard
sess_03515,user_066,0,open_products
sess_03515,user_066,1,search_phone
sess_03515,user_066,2,view_phone
sess_03515,user_066,3,purchase_phone
sess_03515,user_066,4,purchase_phone_case
sess_03515,user_066,5,open_purchases
sess_03516,user_067,0,create_order
sess_03516,user_067,1,assign_delivery
sess_03517,user_068,0,view_phone
sess_03517,user_068,1,purchase_phone
sess_03517,user_068,2,purchase_headphones
sess_03518,user_069,0,create_quotation
sess_03518,user_069,1,add_product
sess_03518,user_069,2,set_discount
sess_03518,user_069,3,save_quotation
sess_03518,user_069,4,send_quotation
sess_03518,user_069,5,create_order
sess_03519,user_070,0,view_phone
sess_03519,user_070,1,purchase_phone
sess_03519,user_070,2,purchase_headphones
sess_03519,user_070,3,open_purchases
sess_03520,user_071,0,view_laptop
sess_03520,user_071,1,purchase_laptop
sess_03520,user_071,2,purchase_headphones
sess_03520,user_071,3,open_purchases
sess_03521,user_072,0,create_order
sess_03521,user_072,1,generate_invoice
sess_03521,user_072,2,confirm_payment
sess_03522,user_073,0,open_customers
sess_03522,user_073,1,view_customer
sess_03522,user_073,2,view_customer_orders
sess_03523,user_074,0,open_products
sess_03523,user_074,1,search_laptop
sess_03523,user_074,2,view_laptop
sess_03523,user_074,3,purchase_laptop
sess_03523,user_074,4,purchase_headphones
sess_03523,user_074,5,open_purchases
sess_03524,user_075,0,open_quotations
sess_03524,user_075,1,create_quotation
sess_03524,user_075,2,add_product
sess_03524,user_075,3,set_discount
sess_03524,user_075,4,save_quotation
sess_03524,user_075,5,send_quotation
sess_03525,user_076,0,view_phone
sess_03525,user_076,1,purchase_phone
sess_03525,user_076,2,purchase_phone_case
sess_03525,user_076,3,open_purchases
sess_03526,user_077,0,view_phone
sess_03526,user_077,1,purchase_phone
sess_03526,user_077,2,purchase_phone_case
sess_03527,user_078,0,create_quotation
sess_03527,user_078,1,add_product
sess_03527,user_078,2,save_quotation
sess_03527,user_078,3,send_quotation
sess_03528,user_079,0,open_products
sess_03528,user_079,1,search_laptop
sess_03528,user_079,2,view_laptop
sess_03528,user_079,3,purchase_laptop
sess_03528,user_079,4,purchase_headphones
sess_03529,user_080,0,create_order
sess_03529,user_080,1,generate_invoice
sess_03529,user_080,2,confirm_payment
sess_03530,user_081,0,view_customer
sess_03530,user_081,1,view_customer_orders
sess_03531,user_082,0,open_products
sess_03531,user_082,1,search_monitor
sess_03531,user_082,2,view_monitor
sess_03531,user_082,3,purchase_monitor
sess_03531,user_082,4,purchase_keyboard
sess_03532,user_083,0,create_quotation
sess_03532,user_083,1,add_product
sess_03532,user_083,2,set_discount
sess_03532,user_083,3,save_quotation
sess_03532,user_083,4,send_quotation
sess_03532,user_083,5,create_order
sess_03533,user_084,0,open_quotations
sess_03533,user_084,1,create_quotation
sess_03533,user_084,2,add_product
sess_03533,user_084,3,save_quotation
sess_03533,user_084,4,send_quotation
sess_03534,user_085,0,open_products
sess_03534,user_085,1,search_monitor
sess_03534,user_085,2,view_monitor
sess_03534,user_085,3,purchase_monitor
sess_03534,user_085,4,purchase_keyboard
sess_03535,user_086,0,view_monitor
sess_03535,user_086,1,purchase_monitor
sess_03535,user_086,2,purchase_mouse
sess_03536,user_087,0,open_products
sess_03536,user_087,1,search_phone
sess_03536,user_087,2,view_phone
sess_03536,user_087,3,purchase_phone
sess_03536,user_087,4,purchase_headphones
sess_03536,user_087,5,open_purchases
sess_03537,user_088,0,view_monitor
sess_03537,user_088,1,purchase_monitor
sess_03537,user_088,2,purchase_headphones
sess_03538,user_089,0,login
sess_03538,user_089,1,open_products
sess_03538,user_089,2,search_phone
sess_03538,user_089,3,view_phone
sess_03538,user_089,4,purchase_phone
sess_03538,user_089,5,purchase_headphones
sess_03538,user_089,6,open_purchases
sess_03539,user_090,0,view_customer
sess_03539,user_090,1,view_customer_orders
sess_03540,user_091,0,create_quotation
sess_03540,user_091,1,add_product
sess_03540,user_091,2,save_quotation
sess_03540,user_091,3,open_quotations
sess_03541,user_092,0,view_laptop
sess_03541,user_092,1,purchase_laptop
sess_03541,user_092,2,purchase_mouse
sess_03541,user_092,3,open_purchases
sess_03542,user_093,0,create_quotation
sess_03542,user_093,1,add_product
sess_03542,user_093,2,set_discount
sess_03542,user_093,3,save_quotation
sess_03542,user_093,4,send_quotation
sess_03542,user_093,5,create_order
sess_03543,user_094,0,create_quotation
sess_03543,user_094,1,add_product
sess_03543,user_094,2,set_discount
sess_03543,user_094,3,save_quotation
sess_03543,user_094,4,send_quotation
sess_03544,user_095,0,create_order
sess_03544,user_095,1,generate_invoice
sess_03545,user_096,0,open_quotations
sess_03545,user_096,1,create_quotation
sess_03545,user_096,2,add_product
sess_03545,user_096,3,save_quotation
sess_03545,user_096,4,send_quotation
sess_03545,user_096,5,create_order
sess_03546,user_097,0,view_monitor
sess_03546,user_097,1,purchase_monitor
sess_03546,user_097,2,purchase_keyboard
sess_03547,user_098,0,open_quotations
sess_03547,user_098,1,create_quotation
sess_03547,user_098,2,add_product
sess_03547,user_098,3,set_discount
sess_03547,user_098,4,save_quotation
sess_03547,user_098,5,send_quotation
sess_03547,user_098,6,create_order
sess_03548,user_099,0,open_products
sess_03548,user_099,1,search_phone
sess_03548,user_099,2,view_phone
sess_03548,user_099,3,purchase_phone
sess_03548,user_099,4,purchase_warranty
sess_03548,user_099,5,open_purchases
sess_03549,user_100,0,open_products
sess_03549,user_100,1,search_laptop
sess_03549,user_100,2,view_laptop
sess_03549,user_100,3,purchase_laptop
sess_03549,user_100,4,purchase_headphones
sess_03550,user_101,0,view_laptop
sess_03550,user_101,1,purchase_laptop
sess_03550,user_101,2,purchase_mouse
sess_03551,user_102,0,create_quotation
sess_03551,user_102,1,add_product
sess_03551,user_102,2,set_discount
sess_03551,user_102,3,save_quotation
sess_03551,user_102,4,send_quotation
sess_03551,user_102,5,create_order
sess_03552,user_103,0,view_laptop
sess_03552,user_103,1,purchase_laptop
sess_03552,user_103,2,purchase_headphones
sess_03552,user_103,3,open_purchases
sess_03553,user_104,0,login
sess_03553,user_104,1,open_products
sess_03553,user_104,2,search_phone
sess_03553,user_104,3,view_phone
sess_03553,user_104,4,purchase_phone
sess_03553,user_104,5,purchase_warranty
sess_03553,user_104,6,open_purchases
sess_03554,user_105,0,open_products
sess_03554,user_105,1,search_phone
sess_03554,user_105,2,view_phone
sess_03554,user_105,3,purchase_phone
sess_03554,user_105,4,purchase_headphones
sess_03555,user_106,0,view_phone
sess_03555,user_106,1,purchase_phone
sess_03555,user_106,2,purchase_phone_case
sess_03555,user_106,3,open_purchases
sess_03556,user_107,0,view_laptop
sess_03556,user_107,1,purchase_laptop
sess_03556,user_107,2,purchase_headphones
sess_03556,user_107,3,open_purchases
sess_03557,user_108,0,open_orders
sess_03557,user_108,1,create_order
sess_03557,user_108,2,generate_invoice
sess_03558,user_109,0,login
sess_03558,user_109,1,open_products
sess_03558,user_109,2,search_laptop
sess_03558,user_109,3,view_laptop
sess_03558,user_109,4,purchase_laptop
sess_03558,user_109,5,purchase_mouse
sess_03559,user_110,0,open_products
sess_03559,user_110,1,search_phone
sess_03559,user_110,2,view_phone
sess_03559,user_110,3,purchase_phone
sess_03559,user_110,4,purchase_warranty
sess_03559,user_110,5,open_purchases
sess_03560,user_111,0,view_customer
sess_03560,user_111,1,view_customer_quotations
sess_03560,user_111,2,create_quotation
sess_03561,user_112,0,view_monitor
sess_03561,user_112,1,purchase_monitor
sess_03561,user_112,2,purchase_mouse
sess_03562,user_113,0,login
sess_03562,user_113,1,open_products
sess_03562,user_113,2,search_laptop
sess_03562,user_113,3,view_laptop
sess_03562,user_113,4,purchase_laptop
sess_03562,user_113,5,purchase_mouse
sess_03562,user_113,6,open_purchases
sess_03563,user_114,0,open_quotations
sess_03563,user_114,1,create_quotation
sess_03563,user_114,2,add_product
sess_03563,user_114,3,set_discount
sess_03563,user_114,4,save_quotation
sess_03563,user_114,5,send_quotation
sess_03563,user_114,6,create_order
sess_03564,user_115,0,open_customers
sess_03564,user_115,1,view_customer
sess_03564,user_115,2,update_customer
sess_03565,user_116,0,view_laptop
sess_03565,user_116,1,purchase_laptop
sess_03565,user_116,2,purchase_headphones
sess_03565,user_116,3,open_purchases
sess_03566,user_117,0,login
sess_03566,user_117,1,open_products
sess_03566,user_117,2,search_laptop
sess_03566,user_117,3,view_laptop
sess_03566,user_117,4,purchase_laptop
sess_03566,user_117,5,purchase_mouse
sess_03566,user_117,6,open_purchases
sess_03567,user_118,0,open_orders
sess_03567,user_118,1,create_order
sess_03567,user_118,2,generate_invoice
sess_03567,user_118,3,confirm_payment
sess_03568,user_119,0,view_laptop
sess_03568,user_119,1,purchase_laptop
sess_03568,user_119,2,purchase_mouse
sess_03568,user_119,3,open_purchases
sess_03569,user_120,0,open_products
sess_03569,user_120,1,search_phone
sess_03569,user_120,2,view_phone
sess_03569,user_120,3,purchase_phone
sess_03569,user_120,4,purchase_phone_case
sess_03569,user_120,5,open_purchases
sess_03570,user_121,0,open_products
sess_03570,user_121,1,search_monitor
sess_03570,user_121,2,view_monitor
sess_03570,user_121,3,purchase_monitor
sess_03570,user_121,4,purchase_keyboard
sess_03571,user_122,0,view_laptop
sess_03571,user_122,1,purchase_laptop
sess_03571,user_122,2,purchase_headphones
sess_03571,user_122,3,open_purchases
sess_03572,user_123,0,open_products
sess_03572,user_123,1,search_phone
sess_03572,user_123,2,view_phone
sess_03572,user_123,3,purchase_phone
sess_03572,user_123,4,purchase_phone_case
sess_03572,user_123,5,open_purchases
sess_03573,user_124,0,open_quotations
sess_03573,user_124,1,create_quotation
sess_03573,user_124,2,add_product
sess_03573,user_124,3,set_discount
sess_03573,user_124,4,save_quotation
sess_03573,user_124,5,send_quotation
sess_03574,user_125,0,create_quotation
sess_03574,user_125,1,add_product
sess_03574,user_125,2,set_discount
sess_03574,user_125,3,save_quotation
sess_03574,user_125,4,send_quotation
sess_03574,user_125,5,create_order
sess_03575,user_126,0,view_customer
sess_03575,user_126,1,view_customer_orders
sess_03576,user_127,0,create_order
sess_03576,user_127,1,assign_delivery
sess_03577,user_128,0,view_monitor
sess_03577,user_128,1,purchase_monitor
sess_03577,user_128,2,purchase_keyboard
sess_03578,user_129,0,open_quotations
sess_03578,user_129,1,create_quotation
sess_03578,user_129,2,add_product
sess_03578,user_129,3,save_quotation
sess_03578,user_129,4,send_quotation
sess_03578,user_129,5,create_order
sess_03579,user_130,0,open_orders
sess_03579,user_130,1,create_order
sess_03579,user_130,2,generate_invoice
sess_03579,user_130,3,confirm_payment
sess_03580,user_131,0,view_laptop
sess_03580,user_131,1,purchase_laptop
sess_03580,user_131,2,purchase_laptop_bag
sess_03580,user_131,3,open_purchases
sess_03581,user_132,0,open_customers
sess_03581,user_132,1,view_customer
sess_03581,user_132,2,view_customer_quotations
sess_03582,user_133,0,open_products
sess_03582,user_133,1,search_phone
sess_03582,user_133,2,view_phone
sess_03582,user_133,3,purchase_phone
sess_03582,user_133,4,purchase_warranty
sess_03583,user_134,0,open_quotations
sess_03583,user_134,1,create_quotation
sess_03583,user_134,2,add_product
sess_03583,user_134,3,set_discount
sess_03583,user_134,4,save_quotation
sess_03583,user_134,5,send_quotation
sess_03583,user_134,6,create_order
sess_03584,user_135,0,login
sess_03584,user_135,1,open_products
sess_03584,user_135,2,search_phone
sess_03584,user_135,3,view_phone
sess_03584,user_135,4,purchase_phone
sess_03584,user_135,5,purchase_phone_case
sess_03584,user_135,6,open_purchases
sess_03585,user_136,0,view_monitor
sess_03585,user_136,1,purchase_monitor
sess_03585,user_136,2,purchase_keyboard
sess_03586,user_137,0,open_products
sess_03586,user_137,1,search_laptop
sess_03586,user_137,2,view_laptop
sess_03586,user_137,3,purchase_laptop
sess_03586,user_137,4,purchase_laptop_bag
sess_03586,user_137,5,open_purchases
sess_03587,user_138,0,view_phone
sess_03587,user_138,1,purchase_phone
sess_03587,user_138,2,purchase_phone_case
sess_03587,user_138,3,open_purchases
sess_03588,user_139,0,view_laptop
sess_03588,user_139,1,purchase_laptop
sess_03588,user_139,2,purchase_headphones
sess_03589,user_140,0,open_products
sess_03589,user_140,1,search_phone
sess_03589,user_140,2,view_phone
sess_03589,user_140,3,purchase_phone
sess_03589,user_140,4,purchase_phone_case
sess_03589,user_140,5,open_purchases
sess_03590,user_141,0,create_quotation
sess_03590,user_141,1,add_product
sess_03590,user_141,2,set_discount
sess_03590,user_141,3,save_quotation
sess_03590,user_141,4,send_quotation
sess_03591,user_142,0,view_customer
sess_03591,user_142,1,view_customer_quotations
sess_03591,user_142,2,create_quotation
sess_03592,user_143,0,open_customers
sess_03592,user_143,1,view_customer
sess_03592,user_143,2,view_customer_orders
sess_03593,user_144,0,create_quotation
sess_03593,user_144,1,add_product
sess_03593,user_144,2,save_quotation
sess_03593,user_144,3,send_quotation
sess_03594,user_145,0,open_products
sess_03594,user_145,1,search_laptop
sess_03594,user_145,2,view_laptop
sess_03594,user_145,3,purchase_laptop
sess_03594,user_145,4,purchase_headphones
sess_03595,user_146,0,view_laptop
sess_03595,user_146,1,purchase_laptop
sess_03595,user_146,2,purchase_headphones
sess_03596,user_147,0,open_products
sess_03596,user_147,1,search_monitor
sess_03596,user_147,2,view_monitor
sess_03596,user_147,3,purchase_monitor
sess_03596,user_147,4,purchase_keyboard
sess_03597,user_148,0,view_customer
sess_03597,user_148,1,view_customer_quotations
sess_03598,user_149,0,open_customers
sess_03598,user_149,1,view_customer
sess_03598,user_149,2,view_customer_quotations
sess_03598,user_149,3,create_quotation
sess_03599,user_150,0,open_products
sess_03599,user_150,1,search_laptop
sess_03599,user_150,2,view_laptop
sess_03599,user_150,3,purchase_laptop
sess_03599,user_150,4,purchase_mouse
sess_03600,user_001,0,view_laptop
sess_03600,user_001,1,purchase_laptop
sess_03600,user_001,2,purchase_mouse
sess_03600,user_001,3,open_purchases
sess_03601,user_002,0,create_quotation
sess_03601,user_002,1,add_product
sess_03601,user_002,2,set_discount
sess_03601,user_002,3,save_quotation
sess_03601,user_002,4,send_quotation
sess_03601,user_002,5,create_order
sess_03602,user_003,0,open_orders
sess_03602,user_003,1,create_order
sess_03602,user_003,2,generate_invoice
sess_03602,user_003,3,confirm_payment
sess_03603,user_004,0,view_laptop
sess_03603,user_004,1,purchase_laptop
sess_03603,user_004,2,purchase_headphones
sess_03603,user_004,3,open_purchases
sess_03604,user_005,0,view_laptop
sess_03604,user_005,1,purchase_laptop
sess_03604,user_005,2,purchase_headphones
sess_03604,user_005,3,open_purchases
sess_03605,user_006,0,view_laptop
sess_03605,user_006,1,purchase_laptop
sess_03605,user_006,2,purchase_mouse
sess_03605,user_006,3,open_purchases
sess_03606,user_007,0,login
sess_03606,user_007,1,open_products
sess_03606,user_007,2,search_phone
sess_03606,user_007,3,view_phone
sess_03606,user_007,4,purchase_phone
sess_03606,user_007,5,purchase_headphones
sess_03606,user_007,6,open_purchases
sess_03607,user_008,0,open_products
sess_03607,user_008,1,search_laptop
sess_03607,user_008,2,view_laptop
sess_03607,user_008,3,purchase_laptop
sess_03607,user_008,4,purchase_mouse
sess_03608,user_009,0,view_laptop
sess_03608,user_009,1,purchase_laptop
sess_03608,user_009,2,purchase_headphones
sess_03608,user_009,3,open_purchases
sess_03609,user_010,0,open_products
sess_03609,user_010,1,search_monitor
sess_03609,user_010,2,view_monitor
sess_03609,user_010,3,purchase_monitor
sess_03609,user_010,4,purchase_keyboard
sess_03610,user_011,0,open_quotations
sess_03610,user_011,1,create_quotation
sess_03610,user_011,2,add_product
sess_03610,user_011,3,set_discount
sess_03610,user_011,4,save_quotation
sess_03610,user_011,5,send_quotation
sess_03610,user_011,6,create_order
sess_03611,user_012,0,open_products
sess_03611,user_012,1,search_monitor
sess_03611,user_012,2,view_monitor
sess_03611,user_012,3,purchase_monitor
sess_03611,user_012,4,purchase_keyboard
sess_03612,user_013,0,open_customers
sess_03612,user_013,1,view_customer
sess_03612,user_013,2,view_customer_quotations
sess_03612,user_013,3,create_quotation
sess_03613,user_014,0,view_monitor
sess_03613,user_014,1,purchase_monitor
sess_03613,user_014,2,purchase_mouse
sess_03614,user_015,0,view_monitor
sess_03614,user_015,1,purchase_monitor
sess_03614,user_015,2,purchase_keyboard
sess_03615,user_016,0,create_quotation
sess_03615,user_016,1,add_product
sess_03615,user_016,2,set_discount
sess_03615,user_016,3,save_quotation
sess_03615,user_016,4,send_quotation
sess_03616,user_017,0,view_phone
sess_03616,user_017,1,purchase_phone
sess_03616,user_017,2,purchase_phone_case
sess_03616,user_017,3,open_purchases
sess_03617,user_018,0,open_products
sess_03617,user_018,1,search_phone
sess_03617,user_018,2,view_phone
sess_03617,user_018,3,purchase_phone
sess_03617,user_018,4,purchase_phone_case
sess_03617,user_018,5,open_purchases
sess_03618,user_019,0,create_quotation
sess_03618,user_019,1,add_product
sess_03618,user_019,2,set_discount
sess_03618,user_019,3,save_quotation
sess_03618,user_019,4,send_quotation
sess_03618,user_019,5,create_order
sess_03619,user_020,0,view_laptop
sess_03619,user_020,1,purchase_laptop
sess_03619,user_020,2,purchase_headphones
sess_03619,user_020,3,open_purchases
sess_03620,user_021,0,create_quotation
sess_03620,user_021,1,add_product
sess_03620,user_021,2,set_discount
sess_03620,user_021,3,save_quotation
sess_03620,user_021,4,send_quotation
sess_03620,user_021,5,create_order
sess_03621,user_022,0,create_quotation
sess_03621,user_022,1,add_product
sess_03621,user_022,2,set_discount
sess_03621,user_022,3,save_quotation
sess_03621,user_022,4,send_quotation
sess_03622,user_023,0,view_phone
sess_03622,user_023,1,purchase_phone
sess_03622,user_023,2,purchase_phone_case
sess_03622,user_023,3,open_purchases
sess_03623,user_024,0,view_customer
sess_03623,user_024,1,view_customer_orders
sess_03624,user_025,0,view_laptop
sess_03624,user_025,1,purchase_laptop
sess_03624,user_025,2,purchase_headphones
sess_03624,user_025,3,open_purchases
sess_03625,user_026,0,create_quotation
sess_03625,user_026,1,add_product
sess_03625,user_026,2,set_discount
sess_03625,user_026,3,save_quotation
sess_03625,user_026,4,send_quotation
sess_03625,user_026,5,create_order
sess_03626,user_027,0,create_quotation
sess_03626,user_027,1,add_product
sess_03626,user_027,2,save_quotation
sess_03626,user_027,3,send_quotation
sess_03626,user_027,4,create_order
sess_03627,user_028,0,view_customer
sess_03627,user_028,1,view_customer_orders
sess_03628,user_029,0,open_quotations
sess_03628,user_029,1,create_quotation
sess_03628,user_029,2,add_product
sess_03628,user_029,3,save_quotation
sess_03628,user_029,4,send_quotation
sess_03628,user_029,5,create_order
sess_03629,user_030,0,view_laptop
sess_03629,user_030,1,purchase_laptop
sess_03629,user_030,2,purchase_laptop_bag
sess_03629,user_030,3,open_purchases
sess_03630,user_031,0,create_quotation
sess_03630,user_031,1,add_product
sess_03630,user_031,2,set_discount
sess_03630,user_031,3,save_quotation
sess_03630,user_031,4,send_quotation
sess_03630,user_031,5,create_order
sess_03631,user_032,0,open_products
sess_03631,user_032,1,search_phone
sess_03631,user_032,2,view_phone
sess_03631,user_032,3,purchase_phone
sess_03631,user_032,4,purchase_phone_case
sess_03632,user_033,0,open_products
sess_03632,user_033,1,search_monitor
sess_03632,user_033,2,view_monitor
sess_03632,user_033,3,purchase_monitor
sess_03632,user_033,4,purchase_keyboard
sess_03633,user_034,0,create_order
sess_03633,user_034,1,generate_invoice
sess_03634,user_035,0,create_quotation
sess_03634,user_035,1,add_product
sess_03634,user_035,2,set_discount
sess_03634,user_035,3,save_quotation
sess_03634,user_035,4,open_quotations
sess_03635,user_036,0,view_monitor
sess_03635,user_036,1,purchase_monitor
sess_03635,user_036,2,purchase_keyboard
sess_03636,user_037,0,open_products
sess_03636,user_037,1,search_laptop
sess_03636,user_037,2,view_laptop
sess_03636,user_037,3,purchase_laptop
sess_03636,user_037,4,purchase_headphones
sess_03636,user_037,5,open_purchases
sess_03637,user_038,0,open_customers
sess_03637,user_038,1,view_customer
sess_03637,user_038,2,view_customer_orders
sess_03638,user_039,0,create_quotation
sess_03638,user_039,1,add_product
sess_03638,user_039,2,set_discount
sess_03638,user_039,3,save_quotation
sess_03638,user_039,4,open_quotations
sess_03639,user_040,0,view_phone
sess_03639,user_040,1,purchase_phone
sess_03639,user_040,2,purchase_warranty
sess_03639,user_040,3,open_purchases
sess_03640,user_041,0,open_quotations
sess_03640,user_041,1,create_quotation
sess_03640,user_041,2,add_product
sess_03640,user_041,3,set_discount
sess_03640,user_041,4,save_quotation
sess_03640,user_041,5,send_quotation
sess_03640,user_041,6,create_order
sess_03641,user_042,0,view_customer
sess_03641,user_042,1,view_customer_quotations
sess_03642,user_043,0,open_products
sess_03642,user_043,1,search_phone
sess_03642,user_043,2,view_phone
sess_03642,user_043,3,purchase_phone
sess_03642,user_043,4,purchase_phone_case
sess_03642,user_043,5,open_purchases
sess_03643,user_044,0,create_order
sess_03643,user_044,1,generate_invoice
sess_03643,user_044,2,confirm_payment
sess_03644,user_045,0,open_products
sess_03644,user_045,1,search_phone
sess_03644,user_045,2,view_phone
sess_03644,user_045,3,purchase_phone
sess_03644,user_045,4,purchase_headphones
sess_03645,user_046,0,open_products
sess_03645,user_046,1,search_laptop
sess_03645,user_046,2,view_laptop
sess_03645,user_046,3,purchase_laptop
sess_03645,user_046,4,purchase_headphones
sess_03645,user_046,5,open_purchases
sess_03646,user_047,0,create_quotation
sess_03646,user_047,1,add_product
sess_03646,user_047,2,set_discount
sess_03646,user_047,3,save_quotation
sess_03646,user_047,4,open_quotations
sess_03647,user_048,0,open_products
sess_03647,user_048,1,search_laptop
sess_03647,user_048,2,view_laptop
sess_03647,user_048,3,purchase_laptop
sess_03647,user_048,4,purchase_headphones
sess_03647,user_048,5,open_purchases
sess_03648,user_049,0,view_monitor
sess_03648,user_049,1,purchase_monitor
sess_03648,user_049,2,purchase_keyboard
sess_03649,user_050,0,open_products
sess_03649,user_050,1,search_laptop
sess_03649,user_050,2,view_laptop
sess_03649,user_050,3,purchase_laptop
sess_03649,user_050,4,purchase_mouse
sess_03649,user_050,5,open_purchases
sess_03650,user_051,0,open_products
sess_03650,user_051,1,search_phone
sess_03650,user_051,2,view_phone
sess_03650,user_051,3,purchase_phone
sess_03650,user_051,4,purchase_phone_case
sess_03650,user_051,5,open_purchases
sess_03651,user_052,0,open_products
sess_03651,user_052,1,search_phone
sess_03651,user_052,2,view_phone
sess_03651,user_052,3,purchase_phone
sess_03651,user_052,4,purchase_headphones
sess_03651,user_052,5,open_purchases
sess_03652,user_053,0,view_customer
sess_03652,user_053,1,view_customer_quotations
sess_03653,user_054,0,open_products
sess_03653,user_054,1,search_monitor
sess_03653,user_054,2,view_monitor
sess_03653,user_054,3,purchase_monitor
sess_03653,user_054,4,purchase_keyboard
sess_03654,user_055,0,open_customers
sess_03654,user_055,1,view_customer
sess_03654,user_055,2,update_customer
sess_03655,user_056,0,view_laptop
sess_03655,user_056,1,purchase_laptop
sess_03655,user_056,2,purchase_mouse
sess_03655,user_056,3,open_purchases
sess_03656,user_057,0,create_order
sess_03656,user_057,1,generate_invoice
sess_03656,user_057,2,confirm_payment
sess_03657,user_058,0,login
sess_03657,user_058,1,open_products
sess_03657,user_058,2,search_phone
sess_03657,user_058,3,view_phone
sess_03657,user_058,4,purchase_phone
sess_03657,user_058,5,purchase_phone_case
sess_03657,user_058,6,open_purchases
sess_03658,user_059,0,open_products
sess_03658,user_059,1,search_phone
sess_03658,user_059,2,view_phone
sess_03658,user_059,3,purchase_phone
sess_03658,user_059,4,purchase_headphones
sess_03658,user_059,5,open_purchases
sess_03659,user_060,0,open_products
sess_03659,user_060,1,search_phone
sess_03659,user_060,2,view_phone
sess_03659,user_060,3,purchase_phone
sess_03659,user_060,4,purchase_phone_case
sess_03660,user_061,0,view_monitor
sess_03660,user_061,1,purchase_monitor
sess_03660,user_061,2,purchase_keyboard
sess_03661,user_062,0,open_products
sess_03661,user_062,1,search_laptop
sess_03661,user_062,2,view_laptop
sess_03661,user_062,3,purchase_laptop
sess_03661,user_062,4,purchase_headphones
sess_03662,user_063,0,open_quotations
sess_03662,user_063,1,create_quotation
sess_03662,user_063,2,add_product
sess_03662,user_063,3,set_discount
sess_03662,user_063,4,save_quotation
sess_03662,user_063,5,send_quotation
sess_03663,user_064,0,view_monitor
sess_03663,user_064,1,purchase_monitor
sess_03663,user_064,2,purchase_keyboard
sess_03664,user_065,0,open_products
sess_03664,user_065,1,search_phone
sess_03664,user_065,2,view_phone
sess_03664,user_065,3,purchase_phone
sess_03664,user_065,4,purchase_phone_case
sess_03664,user_065,5,open_purchases
sess_03665,user_066,0,open_products
sess_03665,user_066,1,search_phone
sess_03665,user_066,2,view_phone
sess_03665,user_066,3,purchase_phone
sess_03665,user_066,4,purchase_headphones
sess_03665,user_066,5,open_purchases
sess_03666,user_067,0,open_products
sess_03666,user_067,1,search_monitor
sess_03666,user_067,2,view_monitor
sess_03666,user_067,3,purchase_monitor
sess_03666,user_067,4,purchase_keyboard
sess_03667,user_068,0,create_order
sess_03667,user_068,1,generate_invoice
sess_03667,user_068,2,confirm_payment
sess_03668,user_069,0,open_products
sess_03668,user_069,1,search_monitor
sess_03668,user_069,2,view_monitor
sess_03668,user_069,3,purchase_monitor
sess_03668,user_069,4,purchase_keyboard
sess_03669,user_070,0,create_order
sess_03669,user_070,1,assign_delivery
sess_03670,user_071,0,open_quotations
sess_03670,user_071,1,create_quotation
sess_03670,user_071,2,add_product
sess_03670,user_071,3,set_discount
sess_03670,user_071,4,save_quotation
sess_03670,user_071,5,send_quotation
sess_03671,user_072,0,open_customers
sess_03671,user_072,1,view_customer
sess_03671,user_072,2,view_customer_orders
sess_03672,user_073,0,open_products
sess_03672,user_073,1,search_phone
sess_03672,user_073,2,view_phone
sess_03672,user_073,3,purchase_phone
sess_03672,user_073,4,purchase_phone_case
sess_03672,user_073,5,open_purchases
sess_03673,user_074,0,open_orders
sess_03673,user_074,1,create_order
sess_03673,user_074,2,assign_delivery
sess_03674,user_075,0,view_customer
sess_03674,user_075,1,view_customer_orders
sess_03675,user_076,0,open_customers
sess_03675,user_076,1,view_customer
sess_03675,user_076,2,view_customer_quotations
sess_03675,user_076,3,create_quotation
sess_03676,user_077,0,open_products
sess_03676,user_077,1,search_laptop
sess_03676,user_077,2,view_laptop
sess_03676,user_077,3,purchase_laptop
sess_03676,user_077,4,purchase_headphones
sess_03676,user_077,5,open_purchases
sess_03677,user_078,0,open_products
sess_03677,user_078,1,search_laptop
sess_03677,user_078,2,view_laptop
sess_03677,user_078,3,purchase_laptop
sess_03677,user_078,4,purchase_headphones
sess_03678,user_079,0,open_products
sess_03678,user_079,1,search_monitor
sess_03678,user_079,2,view_monitor
sess_03678,user_079,3,purchase_monitor
sess_03678,user_079,4,purchase_keyboard
sess_03679,user_080,0,open_orders
sess_03679,user_080,1,create_order
sess_03679,user_080,2,generate_invoice
sess_03680,user_081,0,open_orders
sess_03680,user_081,1,create_order
sess_03680,user_081,2,generate_invoice
sess_03680,user_081,3,confirm_payment
sess_03681,user_082,0,view_phone
sess_03681,user_082,1,purchase_phone
sess_03681,user_082,2,purchase_phone_case
sess_03681,user_082,3,open_purchases
sess_03682,user_083,0,view_phone
sess_03682,user_083,1,purchase_phone
sess_03682,user_083,2,purchase_phone_case
sess_03682,user_083,3,open_purchases
sess_03683,user_084,0,view_laptop
sess_03683,user_084,1,purchase_laptop
sess_03683,user_084,2,purchase_mouse
sess_03683,user_084,3,open_purchases
sess_03684,user_085,0,view_monitor
sess_03684,user_085,1,purchase_monitor
sess_03684,user_085,2,purchase_mouse
sess_03685,user_086,0,open_products
sess_03685,user_086,1,search_laptop
sess_03685,user_086,2,view_laptop
sess_03685,user_086,3,purchase_laptop
sess_03685,user_086,4,purchase_headphones
sess_03685,user_086,5,open_purchases
sess_03686,user_087,0,open_customers
sess_03686,user_087,1,view_customer
sess_03686,user_087,2,view_customer_quotations
sess_03686,user_087,3,create_quotation
sess_03687,user_088,0,open_products
sess_03687,user_088,1,search_phone
sess_03687,user_088,2,view_phone
sess_03687,user_088,3,purchase_phone
sess_03687,user_088,4,purchase_phone_case
sess_03687,user_088,5,open_purchases
sess_03688,user_089,0,open_products
sess_03688,user_089,1,search_laptop
sess_03688,user_089,2,view_laptop
sess_03688,user_089,3,purchase_laptop
sess_03688,user_089,4,purchase_mouse
sess_03688,user_089,5,open_purchases
sess_03689,user_090,0,open_products
sess_03689,user_090,1,search_laptop
sess_03689,user_090,2,view_laptop
sess_03689,user_090,3,purchase_laptop
sess_03689,user_090,4,purchase_headphones
sess_03689,user_090,5,open_purchases
sess_03690,user_091,0,open_products
sess_03690,user_091,1,search_laptop
sess_03690,user_091,2,view_laptop
sess_03690,user_091,3,purchase_laptop
sess_03690,user_091,4,purchase_mouse
sess_03691,user_092,0,open_products
sess_03691,user_092,1,search_phone
sess_03691,user_092,2,view_phone
sess_03691,user_092,3,purchase_phone
sess_03691,user_092,4,purchase_headphones
sess_03691,user_092,5,open_purchases
sess_03692,user_093,0,open_quotations
sess_03692,user_093,1,create_quotation
sess_03692,user_093,2,add_product
sess_03692,user_093,3,set_discount
sess_03692,user_093,4,save_quotation
sess_03692,user_093,5,open_quotations
sess_03693,user_094,0,open_orders
sess_03693,user_094,1,create_order
sess_03693,user_094,2,generate_invoice
sess_03693,user_094,3,confirm_payment
sess_03694,user_095,0,create_quotation
sess_03694,user_095,1,add_product
sess_03694,user_095,2,set_discount
sess_03694,user_095,3,save_quotation
sess_03694,user_095,4,open_quotations
sess_03695,user_096,0,view_monitor
sess_03695,user_096,1,purchase_monitor
sess_03695,user_096,2,purchase_keyboard
sess_03696,user_097,0,open_products
sess_03696,user_097,1,search_monitor
sess_03696,user_097,2,view_monitor
sess_03696,user_097,3,purchase_monitor
sess_03696,user_097,4,purchase_keyboard
sess_03697,user_098,0,open_products
sess_03697,user_098,1,search_laptop
sess_03697,user_098,2,view_laptop
sess_03697,user_098,3,purchase_laptop
sess_03697,user_098,4,purchase_headphones
sess_03697,user_098,5,open_purchases
sess_03698,user_099,0,view_laptop
sess_03698,user_099,1,purchase_laptop
sess_03698,user_099,2,purchase_laptop_bag
sess_03698,user_099,3,open_purchases
sess_03699,user_100,0,create_order
sess_03699,user_100,1,assign_delivery
sess_03700,user_101,0,open_products
sess_03700,user_101,1,search_phone
sess_03700,user_101,2,view_phone
sess_03700,user_101,3,purchase_phone
sess_03700,user_101,4,purchase_phone_case
sess_03700,user_101,5,open_purchases
sess_03701,user_102,0,view_monitor
sess_03701,user_102,1,purchase_monitor
sess_03701,user_102,2,purchase_headphones
sess_03702,user_103,0,create_order
sess_03702,user_103,1,assign_delivery
sess_03703,user_104,0,create_quotation
sess_03703,user_104,1,add_product
sess_03703,user_104,2,set_discount
sess_03703,user_104,3,save_quotation
sess_03703,user_104,4,send_quotation
sess_03703,user_104,5,create_order
sess_03704,user_105,0,open_products
sess_03704,user_105,1,search_laptop
sess_03704,user_105,2,view_laptop
sess_03704,user_105,3,purchase_laptop
sess_03704,user_105,4,purchase_mouse
sess_03705,user_106,0,login
sess_03705,user_106,1,open_products
sess_03705,user_106,2,search_laptop
sess_03705,user_106,3,view_laptop
sess_03705,user_106,4,purchase_laptop
sess_03705,user_106,5,purchase_headphones
sess_03705,user_106,6,open_purchases
sess_03706,user_107,0,open_products
sess_03706,user_107,1,search_phone
sess_03706,user_107,2,view_phone
sess_03706,user_107,3,purchase_phone
sess_03706,user_107,4,purchase_phone_case
sess_03706,user_107,5,open_purchases
sess_03707,user_108,0,create_quotation
sess_03707,user_108,1,add_product
sess_03707,user_108,2,set_discount
sess_03707,user_108,3,save_quotation
sess_03707,user_108,4,open_quotations
sess_03708,user_109,0,view_phone
sess_03708,user_109,1,purchase_phone
sess_03708,user_109,2,purchase_phone_case
sess_03708,user_109,3,open_purchases
sess_03709,user_110,0,create_quotation
sess_03709,user_110,1,add_product
sess_03709,user_110,2,set_discount
sess_03709,user_110,3,save_quotation
sess_03709,user_110,4,send_quotation
sess_03709,user_110,5,create_order
sess_03710,user_111,0,login
sess_03710,user_111,1,open_products
sess_03710,user_111,2,search_phone
sess_03710,user_111,3,view_phone
sess_03710,user_111,4,purchase_phone
sess_03710,user_111,5,purchase_phone_case
sess_03710,user_111,6,open_purchases
sess_03711,user_112,0,open_products
sess_03711,user_112,1,search_laptop
sess_03711,user_112,2,view_laptop
sess_03711,user_112,3,purchase_laptop
sess_03711,user_112,4,purchase_headphones
sess_03711,user_112,5,open_purchases
sess_03712,user_113,0,open_customers
sess_03712,user_113,1,view_customer
sess_03712,user_113,2,view_customer_quotations
sess_03712,user_113,3,create_quotation
sess_03713,user_114,0,open_products
sess_03713,user_114,1,search_laptop
sess_03713,user_114,2,view_laptop
sess_03713,user_114,3,purchase_laptop
sess_03713,user_114,4,purchase_laptop_bag
sess_03713,user_114,5,open_purchases
sess_03714,user_115,0,view_monitor
sess_03714,user_115,1,purchase_monitor
sess_03714,user_115,2,purchase_headphones
sess_03715,user_116,0,open_products
sess_03715,user_116,1,search_laptop
sess_03715,user_116,2,view_laptop
sess_03715,user_116,3,purchase_laptop
sess_03715,user_116,4,purchase_mouse
sess_03716,user_117,0,view_laptop
sess_03716,user_117,1,purchase_laptop
sess_03716,user_117,2,purchase_mouse
sess_03717,user_118,0,open_products
sess_03717,user_118,1,search_monitor
sess_03717,user_118,2,view_monitor
sess_03717,user_118,3,purchase_monitor
sess_03717,user_118,4,purchase_headphones
sess_03718,user_119,0,view_laptop
sess_03718,user_119,1,purchase_laptop
sess_03718,user_119,2,purchase_laptop_bag
sess_03719,user_120,0,view_monitor
sess_03719,user_120,1,purchase_monitor
sess_03719,user_120,2,purchase_keyboard
sess_03720,user_121,0,open_products
sess_03720,user_121,1,search_phone
sess_03720,user_121,2,view_phone
sess_03720,user_121,3,purchase_phone
sess_03720,user_121,4,purchase_headphones
sess_03721,user_122,0,view_phone
sess_03721,user_122,1,purchase_phone
sess_03721,user_122,2,purchase_phone_case
sess_03721,user_122,3,open_purchases
sess_03722,user_123,0,view_laptop
sess_03722,user_123,1,purchase_laptop
sess_03722,user_123,2,purchase_warranty
sess_03723,user_124,0,open_products
sess_03723,user_124,1,search_laptop
sess_03723,user_124,2,view_laptop
sess_03723,user_124,3,purchase_laptop
sess_03723,user_124,4,purchase_headphones
sess_03724,user_125,0,create_quotation
sess_03724,user_125,1,add_product
sess_03724,user_125,2,save_quotation
sess_03724,user_125,3,send_quotation
sess_03724,user_125,4,create_order
sess_03725,user_126,0,view_laptop
sess_03725,user_126,1,purchase_laptop
sess_03725,user_126,2,purchase_headphones
sess_03726,user_127,0,view_customer
sess_03726,user_127,1,view_customer_quotations
sess_03726,user_127,2,create_quotation
sess_03727,user_128,0,view_monitor
sess_03727,user_128,1,purchase_monitor
sess_03727,user_128,2,purchase_mouse
sess_03728,user_129,0,open_products
sess_03728,user_129,1,search_monitor
sess_03728,user_129,2,view_monitor
sess_03728,user_129,3,purchase_monitor
sess_03728,user_129,4,purchase_keyboard
sess_03729,user_130,0,open_products
sess_03729,user_130,1,search_phone
sess_03729,user_130,2,view_phone
sess_03729,user_130,3,purchase_phone
sess_03729,user_130,4,purchase_phone_case
sess_03730,user_131,0,view_laptop
sess_03730,user_131,1,purchase_laptop
sess_03730,user_131,2,purchase_headphones
sess_03730,user_131,3,open_purchases
sess_03731,user_132,0,open_products
sess_03731,user_132,1,search_phone
sess_03731,user_132,2,view_phone
sess_03731,user_132,3,purchase_phone
sess_03731,user_132,4,purchase_phone_case
sess_03731,user_132,5,open_purchases
sess_03732,user_133,0,open_orders
sess_03732,user_133,1,create_order
sess_03732,user_133,2,generate_invoice
sess_03732,user_133,3,confirm_payment
sess_03733,user_134,0,open_products
sess_03733,user_134,1,search_laptop
sess_03733,user_134,2,view_laptop
sess_03733,user_134,3,purchase_laptop
sess_03733,user_134,4,purchase_headphones
sess_03733,user_134,5,open_purchases
sess_03734,user_135,0,open_quotations
sess_03734,user_135,1,create_quotation
sess_03734,user_135,2,add_product
sess_03734,user_135,3,set_discount
sess_03734,user_135,4,save_quotation
sess_03734,user_135,5,send_quotation
sess_03734,user_135,6,create_order
sess_03735,user_136,0,view_monitor
sess_03735,user_136,1,purchase_monitor
sess_03735,user_136,2,purchase_keyboard
sess_03736,user_137,0,open_products
sess_03736,user_137,1,search_laptop
sess_03736,user_137,2,view_laptop
sess_03736,user_137,3,purchase_laptop
sess_03736,user_137,4,purchase_headphones
sess_03736,user_137,5,open_purchases
sess_03737,user_138,0,view_laptop
sess_03737,user_138,1,purchase_laptop
sess_03737,user_138,2,purchase_mouse
sess_03737,user_138,3,open_purchases
sess_03738,user_139,0,create_order
sess_03738,user_139,1,assign_delivery
sess_03739,user_140,0,view_laptop
sess_03739,user_140,1,purchase_laptop
sess_03739,user_140,2,purchase_headphones
sess_03739,user_140,3,open_purchases
sess_03740,user_141,0,open_products
sess_03740,user_141,1,search_phone
sess_03740,user_141,2,view_phone
sess_03740,user_141,3,purchase_phone
sess_03740,user_141,4,purchase_phone_case
sess_03740,user_141,5,open_purchases
sess_03741,user_142,0,login
sess_03741,user_142,1,open_products
sess_03741,user_142,2,search_phone
sess_03741,user_142,3,view_phone
sess_03741,user_142,4,purchase_phone
sess_03741,user_142,5,purchase_headphones
sess_03741,user_142,6,open_purchases
sess_03742,user_143,0,open_quotations
sess_03742,user_143,1,create_quotation
sess_03742,user_143,2,add_product
sess_03742,user_143,3,set_discount
sess_03742,user_143,4,save_quotation
sess_03742,user_143,5,send_quotation
sess_03743,user_144,0,create_quotation
sess_03743,user_144,1,add_product
sess_03743,user_144,2,set_discount
sess_03743,user_144,3,save_quotation
sess_03743,user_144,4,send_quotation
sess_03743,user_144,5,create_order
sess_03744,user_145,0,create_quotation
sess_03744,user_145,1,add_product
sess_03744,user_145,2,set_discount
sess_03744,user_145,3,save_quotation
sess_03744,user_145,4,send_quotation
sess_03744,user_145,5,create_order
sess_03745,user_146,0,view_customer
sess_03745,user_146,1,view_customer_orders
sess_03746,user_147,0,view_phone
sess_03746,user_147,1,purchase_phone
sess_03746,user_147,2,purchase_headphones
sess_03746,user_147,3,open_purchases
sess_03747,user_148,0,create_quotation
sess_03747,user_148,1,add_product
sess_03747,user_148,2,save_quotation
sess_03747,user_148,3,send_quotation
sess_03747,user_148,4,create_order
sess_03748,user_149,0,open_products
sess_03748,user_149,1,search_monitor
sess_03748,user_149,2,view_monitor
sess_03748,user_149,3,purchase_monitor
sess_03748,user_149,4,purchase_mouse
sess_03749,user_150,0,open_products
sess_03749,user_150,1,search_phone
sess_03749,user_150,2,view_phone
sess_03749,user_150,3,purchase_phone
sess_03749,user_150,4,purchase_phone_case
sess_03750,user_001,0,open_products
sess_03750,user_001,1,search_laptop
sess_03750,user_001,2,view_laptop
sess_03750,user_001,3,purchase_laptop
sess_03750,user_001,4,purchase_headphones
sess_03750,user_001,5,open_purchases
sess_03751,user_002,0,open_products
sess_03751,user_002,1,search_phone
sess_03751,user_002,2,view_phone
sess_03751,user_002,3,purchase_phone
sess_03751,user_002,4,purchase_phone_case
sess_03752,user_003,0,open_products
sess_03752,user_003,1,search_laptop
sess_03752,user_003,2,view_laptop
sess_03752,user_003,3,purchase_laptop
sess_03752,user_003,4,purchase_laptop_bag
sess_03753,user_004,0,open_quotations
sess_03753,user_004,1,create_quotation
sess_03753,user_004,2,add_product
sess_03753,user_004,3,save_quotation
sess_03753,user_004,4,open_quotations
sess_03754,user_005,0,open_products
sess_03754,user_005,1,search_phone
sess_03754,user_005,2,view_phone
sess_03754,user_005,3,purchase_phone
sess_03754,user_005,4,purchase_phone_case
sess_03754,user_005,5,open_purchases
sess_03755,user_006,0,open_products
sess_03755,user_006,1,search_phone
sess_03755,user_006,2,view_phone
sess_03755,user_006,3,purchase_phone
sess_03755,user_006,4,purchase_phone_case
sess_03755,user_006,5,open_purchases
sess_03756,user_007,0,create_quotation
sess_03756,user_007,1,add_product
sess_03756,user_007,2,set_discount
sess_03756,user_007,3,save_quotation
sess_03756,user_007,4,open_quotations
sess_03757,user_008,0,open_products
sess_03757,user_008,1,search_laptop
sess_03757,user_008,2,view_laptop
sess_03757,user_008,3,purchase_laptop
sess_03757,user_008,4,purchase_headphones
sess_03757,user_008,5,open_purchases
sess_03758,user_009,0,create_quotation
sess_03758,user_009,1,add_product
sess_03758,user_009,2,set_discount
sess_03758,user_009,3,save_quotation
sess_03758,user_009,4,send_quotation
sess_03759,user_010,0,view_customer
sess_03759,user_010,1,view_customer_quotations
sess_03759,user_010,2,create_quotation
sess_03760,user_011,0,open_quotations
sess_03760,user_011,1,create_quotation
sess_03760,user_011,2,add_product
sess_03760,user_011,3,set_discount
sess_03760,user_011,4,save_quotation
sess_03760,user_011,5,send_quotation
sess_03760,user_011,6,create_order
sess_03761,user_012,0,open_customers
sess_03761,user_012,1,view_customer
sess_03761,user_012,2,view_customer_quotations
sess_03762,user_013,0,open_quotations
sess_03762,user_013,1,create_quotation
sess_03762,user_013,2,add_product
sess_03762,user_013,3,save_quotation
sess_03762,user_013,4,send_quotation
sess_03762,user_013,5,create_order
sess_03763,user_014,0,login
sess_03763,user_014,1,open_products
sess_03763,user_014,2,search_phone
sess_03763,user_014,3,view_phone
sess_03763,user_014,4,purchase_phone
sess_03763,user_014,5,purchase_phone_case
sess_03763,user_014,6,open_purchases
sess_03764,user_015,0,open_products
sess_03764,user_015,1,search_laptop
sess_03764,user_015,2,view_laptop
sess_03764,user_015,3,purchase_laptop
sess_03764,user_015,4,purchase_headphones
sess_03764,user_015,5,open_purchases
sess_03765,user_016,0,open_customers
sess_03765,user_016,1,view_customer
sess_03765,user_016,2,view_customer_quotations
sess_03765,user_016,3,create_quotation
sess_03766,user_017,0,view_monitor
sess_03766,user_017,1,purchase_monitor
sess_03766,user_017,2,purchase_mouse
sess_03767,user_018,0,open_products
sess_03767,user_018,1,search_monitor
sess_03767,user_018,2,view_monitor
sess_03767,user_018,3,purchase_monitor
sess_03767,user_018,4,purchase_keyboard
sess_03768,user_019,0,view_customer
sess_03768,user_019,1,view_customer_quotations
sess_03768,user_019,2,create_quotation
sess_03769,user_020,0,view_phone
sess_03769,user_020,1,purchase_phone
sess_03769,user_020,2,purchase_phone_case
sess_03769,user_020,3,open_purchases
sess_03770,user_021,0,view_monitor
sess_03770,user_021,1,purchase_monitor
sess_03770,user_021,2,purchase_mouse
sess_03771,user_022,0,open_quotations
sess_03771,user_022,1,create_quotation
sess_03771,user_022,2,add_product
sess_03771,user_022,3,set_discount
sess_03771,user_022,4,save_quotation
sess_03771,user_022,5,send_quotation
sess_03772,user_023,0,create_order
sess_03772,user_023,1,generate_invoice
sess_03772,user_023,2,confirm_payment
sess_03773,user_024,0,open_products
sess_03773,user_024,1,search_laptop
sess_03773,user_024,2,view_laptop
sess_03773,user_024,3,purchase_laptop
sess_03773,user_024,4,purchase_headphones
sess_03773,user_024,5,open_purchases
sess_03774,user_025,0,open_products
sess_03774,user_025,1,search_laptop
sess_03774,user_025,2,view_laptop
sess_03774,user_025,3,purchase_laptop
sess_03774,user_025,4,purchase_headphones
sess_03775,user_026,0,view_phone
sess_03775,user_026,1,purchase_phone
sess_03775,user_026,2,purchase_phone_case
sess_03776,user_027,0,view_laptop
sess_03776,user_027,1,purchase_laptop
sess_03776,user_027,2,purchase_headphones
sess_03776,user_027,3,open_purchases
sess_03777,user_028,0,view_monitor
sess_03777,user_028,1,purchase_monitor
sess_03777,user_028,2,purchase_keyboard
sess_03778,user_029,0,open_products
sess_03778,user_029,1,search_phone
sess_03778,user_029,2,view_phone
sess_03778,user_029,3,purchase_phone
sess_03778,user_029,4,purchase_phone_case
sess_03778,user_029,5,open_purchases
sess_03779,user_030,0,open_products
sess_03779,user_030,1,search_laptop
sess_03779,user_030,2,view_laptop
sess_03779,user_030,3,purchase_laptop
sess_03779,user_030,4,purchase_headphones
sess_03779,user_030,5,open_purchases
sess_03780,user_031,0,open_customers
sess_03780,user_031,1,view_customer
sess_03780,user_031,2,view_customer_quotations
sess_03781,user_032,0,open_customers
sess_03781,user_032,1,view_customer
sess_03781,user_032,2,view_customer_quotations
sess_03781,user_032,3,create_quotation
sess_03782,user_033,0,view_phone
sess_03782,user_033,1,purchase_phone
sess_03782,user_033,2,purchase_phone_case
sess_03782,user_033,3,open_purchases
sess_03783,user_034,0,view_customer
sess_03783,user_034,1,view_customer_quotations
sess_03783,user_034,2,create_quotation
sess_03784,user_035,0,open_orders
sess_03784,user_035,1,create_order
sess_03784,user_035,2,generate_invoice
sess_03784,user_035,3,confirm_payment
sess_03785,user_036,0,view_phone
sess_03785,user_036,1,purchase_phone
sess_03785,user_036,2,purchase_headphones
sess_03785,user_036,3,open_purchases
sess_03786,user_037,0,view_monitor
sess_03786,user_037,1,purchase_monitor
sess_03786,user_037,2,purchase_keyboard
sess_03787,user_038,0,open_products
sess_03787,user_038,1,search_laptop
sess_03787,user_038,2,view_laptop
sess_03787,user_038,3,purchase_laptop
sess_03787,user_038,4,purchase_mouse
sess_03787,user_038,5,open_purchases
sess_03788,user_039,0,view_monitor
sess_03788,user_039,1,purchase_monitor
sess_03788,user_039,2,purchase_keyboard
sess_03789,user_040,0,create_quotation
sess_03789,user_040,1,add_product
sess_03789,user_040,2,save_quotation
sess_03789,user_040,3,send_quotation
sess_03789,user_040,4,create_order
sess_03790,user_041,0,open_products
sess_03790,user_041,1,search_laptop
sess_03790,user_041,2,view_laptop
sess_03790,user_041,3,purchase_laptop
sess_03790,user_041,4,purchase_warranty
sess_03790,user_041,5,open_purchases
sess_03791,user_042,0,open_quotations
sess_03791,user_042,1,create_quotation
sess_03791,user_042,2,add_product
sess_03791,user_042,3,set_discount
sess_03791,user_042,4,save_quotation
sess_03791,user_042,5,send_quotation
sess_03792,user_043,0,login
sess_03792,user_043,1,open_products
sess_03792,user_043,2,search_phone
sess_03792,user_043,3,view_phone
sess_03792,user_043,4,purchase_phone
sess_03792,user_043,5,purchase_warranty
sess_03792,user_043,6,open_purchases
sess_03793,user_044,0,view_monitor
sess_03793,user_044,1,purchase_monitor
sess_03793,user_044,2,purchase_mouse
sess_03794,user_045,0,open_quotations
sess_03794,user_045,1,create_quotation
sess_03794,user_045,2,add_product
sess_03794,user_045,3,set_discount
sess_03794,user_045,4,save_quotation
sess_03794,user_045,5,send_quotation
sess_03795,user_046,0,view_phone
sess_03795,user_046,1,purchase_phone
sess_03795,user_046,2,purchase_phone_case
sess_03795,user_046,3,open_purchases
sess_03796,user_047,0,open_products
sess_03796,user_047,1,search_laptop
sess_03796,user_047,2,view_laptop
sess_03796,user_047,3,purchase_laptop
sess_03796,user_047,4,purchase_headphones
sess_03796,user_047,5,open_purchases
sess_03797,user_048,0,open_products
sess_03797,user_048,1,search_phone
sess_03797,user_048,2,view_phone
sess_03797,user_048,3,purchase_phone
sess_03797,user_048,4,purchase_phone_case
sess_03797,user_048,5,open_purchases
sess_03798,user_049,0,open_products
sess_03798,user_049,1,search_phone
sess_03798,user_049,2,view_phone
sess_03798,user_049,3,purchase_phone
sess_03798,user_049,4,purchase_headphones
sess_03799,user_050,0,create_quotation
sess_03799,user_050,1,add_product
sess_03799,user_050,2,set_discount
sess_03799,user_050,3,save_quotation
sess_03799,user_050,4,open_quotations
sess_03800,user_051,0,open_orders
sess_03800,user_051,1,create_order
sess_03800,user_051,2,generate_invoice
sess_03800,user_051,3,confirm_payment
sess_03801,user_052,0,open_customers
sess_03801,user_052,1,view_customer
sess_03801,user_052,2,view_customer_quotations
sess_03802,user_053,0,open_quotations
sess_03802,user_053,1,create_quotation
sess_03802,user_053,2,add_product
sess_03802,user_053,3,set_discount
sess_03802,user_053,4,save_quotation
sess_03802,user_053,5,send_quotation
sess_03803,user_054,0,open_products
sess_03803,user_054,1,search_monitor
sess_03803,user_054,2,view_monitor
sess_03803,user_054,3,purchase_monitor
sess_03803,user_054,4,purchase_keyboard
sess_03804,user_055,0,open_products
sess_03804,user_055,1,search_laptop
sess_03804,user_055,2,view_laptop
sess_03804,user_055,3,purchase_laptop
sess_03804,user_055,4,purchase_mouse
sess_03804,user_055,5,open_purchases
sess_03805,user_056,0,create_quotation
sess_03805,user_056,1,add_product
sess_03805,user_056,2,set_discount
sess_03805,user_056,3,save_quotation
sess_03805,user_056,4,open_quotations
sess_03806,user_057,0,create_order
sess_03806,user_057,1,assign_delivery
sess_03807,user_058,0,view_laptop
sess_03807,user_058,1,purchase_laptop
sess_03807,user_058,2,purchase_headphones
sess_03807,user_058,3,open_purchases
sess_03808,user_059,0,view_customer
sess_03808,user_059,1,view_customer_quotations
sess_03808,user_059,2,create_quotation
sess_03809,user_060,0,login
sess_03809,user_060,1,open_products
sess_03809,user_060,2,search_laptop
sess_03809,user_060,3,view_laptop
sess_03809,user_060,4,purchase_laptop
sess_03809,user_060,5,purchase_mouse
sess_03809,user_060,6,open_purchases
sess_03810,user_061,0,create_quotation
sess_03810,user_061,1,add_product
sess_03810,user_061,2,save_quotation
sess_03810,user_061,3,send_quotation
sess_03811,user_062,0,view_customer
sess_03811,user_062,1,update_customer
sess_03812,user_063,0,open_customers
sess_03812,user_063,1,view_customer
sess_03812,user_063,2,view_customer_quotations
sess_03813,user_064,0,view_phone
sess_03813,user_064,1,purchase_phone
sess_03813,user_064,2,purchase_phone_case
sess_03814,user_065,0,open_products
sess_03814,user_065,1,search_monitor
sess_03814,user_065,2,view_monitor
sess_03814,user_065,3,purchase_monitor
sess_03814,user_065,4,purchase_keyboard
sess_03815,user_066,0,open_products
sess_03815,user_066,1,search_phone
sess_03815,user_066,2,view_phone
sess_03815,user_066,3,purchase_phone
sess_03815,user_066,4,purchase_phone_case
sess_03816,user_067,0,open_products
sess_03816,user_067,1,search_laptop
sess_03816,user_067,2,view_laptop
sess_03816,user_067,3,purchase_laptop
sess_03816,user_067,4,purchase_headphones
sess_03816,user_067,5,open_purchases
sess_03817,user_068,0,login
sess_03817,user_068,1,open_products
sess_03817,user_068,2,search_laptop
sess_03817,user_068,3,view_laptop
sess_03817,user_068,4,purchase_laptop
sess_03817,user_068,5,purchase_headphones
sess_03817,user_068,6,open_purchases
sess_03818,user_069,0,open_products
sess_03818,user_069,1,search_monitor
sess_03818,user_069,2,view_monitor
sess_03818,user_069,3,purchase_monitor
sess_03818,user_069,4,purchase_mouse
sess_03819,user_070,0,open_products
sess_03819,user_070,1,search_laptop
sess_03819,user_070,2,view_laptop
sess_03819,user_070,3,purchase_laptop
sess_03819,user_070,4,purchase_laptop_bag
sess_03819,user_070,5,open_purchases
sess_03820,user_071,0,view_monitor
sess_03820,user_071,1,purchase_monitor
sess_03820,user_071,2,purchase_keyboard
sess_03821,user_072,0,view_phone
sess_03821,user_072,1,purchase_phone
sess_03821,user_072,2,purchase_headphones
sess_03821,user_072,3,open_purchases
sess_03822,user_073,0,create_order
sess_03822,user_073,1,assign_delivery
sess_03823,user_074,0,open_quotations
sess_03823,user_074,1,create_quotation
sess_03823,user_074,2,add_product
sess_03823,user_074,3,set_discount
sess_03823,user_074,4,save_quotation
sess_03823,user_074,5,send_quotation
sess_03824,user_075,0,view_laptop
sess_03824,user_075,1,purchase_laptop
sess_03824,user_075,2,purchase_headphones
sess_03824,user_075,3,open_purchases
sess_03825,user_076,0,view_laptop
sess_03825,user_076,1,purchase_laptop
sess_03825,user_076,2,purchase_headphones
sess_03825,user_076,3,open_purchases
sess_03826,user_077,0,view_customer
sess_03826,user_077,1,view_customer_quotations
sess_03826,user_077,2,create_quotation
sess_03827,user_078,0,open_products
sess_03827,user_078,1,search_phone
sess_03827,user_078,2,view_phone
sess_03827,user_078,3,purchase_phone
sess_03827,user_078,4,purchase_warranty
sess_03827,user_078,5,open_purchases
sess_03828,user_079,0,view_customer
sess_03828,user_079,1,view_customer_quotations
sess_03828,user_079,2,create_quotation
sess_03829,user_080,0,create_quotation
sess_03829,user_080,1,add_product
sess_03829,user_080,2,save_quotation
sess_03829,user_080,3,send_quotation
sess_03829,user_080,4,create_order
sess_03830,user_081,0,open_products
sess_03830,user_081,1,search_monitor
sess_03830,user_081,2,view_monitor
sess_03830,user_081,3,purchase_monitor
sess_03830,user_081,4,purchase_keyboard
sess_03831,user_082,0,view_laptop
sess_03831,user_082,1,purchase_laptop
sess_03831,user_082,2,purchase_headphones
sess_03831,user_082,3,open_purchases
sess_03832,user_083,0,open_products
sess_03832,user_083,1,search_laptop
sess_03832,user_083,2,view_laptop
sess_03832,user_083,3,purchase_laptop
sess_03832,user_083,4,purchase_headphones
sess_03832,user_083,5,open_purchases
sess_03833,user_084,0,view_laptop
sess_03833,user_084,1,purchase_laptop
sess_03833,user_084,2,purchase_mouse
sess_03834,user_085,0,view_phone
sess_03834,user_085,1,purchase_phone
sess_03834,user_085,2,purchase_phone_case
sess_03834,user_085,3,open_purchases
sess_03835,user_086,0,open_quotations
sess_03835,user_086,1,create_quotation
sess_03835,user_086,2,add_product
sess_03835,user_086,3,set_discount
sess_03835,user_086,4,save_quotation
sess_03835,user_086,5,send_quotation
sess_03835,user_086,6,create_order
sess_03836,user_087,0,view_monitor
sess_03836,user_087,1,purchase_monitor
sess_03836,user_087,2,purchase_keyboard
sess_03837,user_088,0,open_products
sess_03837,user_088,1,search_laptop
sess_03837,user_088,2,view_laptop
sess_03837,user_088,3,purchase_laptop
sess_03837,user_088,4,purchase_warranty
sess_03838,user_089,0,view_phone
sess_03838,user_089,1,purchase_phone
sess_03838,user_089,2,purchase_phone_case
sess_03838,user_089,3,open_purchases
sess_03839,user_090,0,open_products
sess_03839,user_090,1,search_phone
sess_03839,user_090,2,view_phone
sess_03839,user_090,3,purchase_phone
sess_03839,user_090,4,purchase_headphones
sess_03839,user_090,5,open_purchases
sess_03840,user_091,0,create_quotation
sess_03840,user_091,1,add_product
sess_03840,user_091,2,set_discount
sess_03840,user_091,3,save_quotation
sess_03840,user_091,4,send_quotation
sess_03840,user_091,5,create_order
sess_03841,user_092,0,create_quotation
sess_03841,user_092,1,add_product
sess_03841,user_092,2,save_quotation
sess_03841,user_092,3,send_quotation
sess_03841,user_092,4,create_order
sess_03842,user_093,0,login
sess_03842,user_093,1,open_products
sess_03842,user_093,2,search_laptop
sess_03842,user_093,3,view_laptop
sess_03842,user_093,4,purchase_laptop
sess_03842,user_093,5,purchase_headphones
sess_03843,user_094,0,open_products
sess_03843,user_094,1,search_laptop
sess_03843,user_094,2,view_laptop
sess_03843,user_094,3,purchase_laptop
sess_03843,user_094,4,purchase_headphones
sess_03843,user_094,5,open_purchases
sess_03844,user_095,0,view_phone
sess_03844,user_095,1,purchase_phone
sess_03844,user_095,2,purchase_phone_case
sess_03845,user_096,0,open_products
sess_03845,user_096,1,search_laptop
sess_03845,user_096,2,view_laptop
sess_03845,user_096,3,purchase_laptop
sess_03845,user_096,4,purchase_headphones
sess_03845,user_096,5,open_purchases
sess_03846,user_097,0,open_products
sess_03846,user_097,1,search_laptop
sess_03846,user_097,2,view_laptop
sess_03846,user_097,3,purchase_laptop
sess_03846,user_097,4,purchase_headphones
sess_03846,user_097,5,open_purchases
sess_03847,user_098,0,open_products
sess_03847,user_098,1,search_phone
sess_03847,user_098,2,view_phone
sess_03847,user_098,3,purchase_phone
sess_03847,user_098,4,purchase_phone_case
sess_03847,user_098,5,open_purchases
sess_03848,user_099,0,view_laptop
sess_03848,user_099,1,purchase_laptop
sess_03848,user_099,2,purchase_laptop_bag
sess_03849,user_100,0,open_quotations
sess_03849,user_100,1,create_quotation
sess_03849,user_100,2,add_product
sess_03849,user_100,3,set_discount
sess_03849,user_100,4,save_quotation
sess_03849,user_100,5,send_quotation
sess_03850,user_101,0,create_quotation
sess_03850,user_101,1,add_product
sess_03850,user_101,2,save_quotation
sess_03850,user_101,3,send_quotation
sess_03851,user_102,0,view_phone
sess_03851,user_102,1,purchase_phone
sess_03851,user_102,2,purchase_phone_case
sess_03851,user_102,3,open_purchases
sess_03852,user_103,0,view_monitor
sess_03852,user_103,1,purchase_monitor
sess_03852,user_103,2,purchase_mouse
sess_03853,user_104,0,view_customer
sess_03853,user_104,1,update_customer
sess_03854,user_105,0,create_quotation
sess_03854,user_105,1,add_product
sess_03854,user_105,2,set_discount
sess_03854,user_105,3,save_quotation
sess_03854,user_105,4,send_quotation
sess_03854,user_105,5,create_order
sess_03855,user_106,0,open_quotations
sess_03855,user_106,1,create_quotation
sess_03855,user_106,2,add_product
sess_03855,user_106,3,save_quotation
sess_03855,user_106,4,send_quotation
sess_03855,user_106,5,create_order
sess_03856,user_107,0,view_phone
sess_03856,user_107,1,purchase_phone
sess_03856,user_107,2,purchase_phone_case
sess_03857,user_108,0,open_products
sess_03857,user_108,1,search_laptop
sess_03857,user_108,2,view_laptop
sess_03857,user_108,3,purchase_laptop
sess_03857,user_108,4,purchase_headphones
sess_03857,user_108,5,open_purchases
sess_03858,user_109,0,open_quotations
sess_03858,user_109,1,create_quotation
sess_03858,user_109,2,add_product
sess_03858,user_109,3,set_discount
sess_03858,user_109,4,save_quotation
sess_03858,user_109,5,send_quotation
sess_03858,user_109,6,create_order
sess_03859,user_110,0,view_laptop
sess_03859,user_110,1,purchase_laptop
sess_03859,user_110,2,purchase_headphones
sess_03859,user_110,3,open_purchases
sess_03860,user_111,0,view_phone
sess_03860,user_111,1,purchase_phone
sess_03860,user_111,2,purchase_phone_case
sess_03860,user_111,3,open_purchases
sess_03861,user_112,0,open_quotations
sess_03861,user_112,1,create_quotation
sess_03861,user_112,2,add_product
sess_03861,user_112,3,save_quotation
sess_03861,user_112,4,send_quotation
sess_03862,user_113,0,open_quotations
sess_03862,user_113,1,create_quotation
sess_03862,user_113,2,add_product
sess_03862,user_113,3,set_discount
sess_03862,user_113,4,save_quotation
sess_03862,user_113,5,send_quotation
sess_03863,user_114,0,view_laptop
sess_03863,user_114,1,purchase_laptop
sess_03863,user_114,2,purchase_headphones
sess_03863,user_114,3,open_purchases
sess_03864,user_115,0,open_products
sess_03864,user_115,1,search_phone
sess_03864,user_115,2,view_phone
sess_03864,user_115,3,purchase_phone
sess_03864,user_115,4,purchase_phone_case
sess_03864,user_115,5,open_purchases
sess_03865,user_116,0,open_products
sess_03865,user_116,1,search_phone
sess_03865,user_116,2,view_phone
sess_03865,user_116,3,purchase_phone
sess_03865,user_116,4,purchase_phone_case
sess_03865,user_116,5,open_purchases
sess_03866,user_117,0,open_products
sess_03866,user_117,1,search_laptop
sess_03866,user_117,2,view_laptop
sess_03866,user_117,3,purchase_laptop
sess_03866,user_117,4,purchase_headphones
sess_03866,user_117,5,open_purchases
sess_03867,user_118,0,view_customer
sess_03867,user_118,1,view_customer_orders
sess_03868,user_119,0,open_products
sess_03868,user_119,1,search_monitor
sess_03868,user_119,2,view_monitor
sess_03868,user_119,3,purchase_monitor
sess_03868,user_119,4,purchase_keyboard
sess_03869,user_120,0,view_laptop
sess_03869,user_120,1,purchase_laptop
sess_03869,user_120,2,purchase_headphones
sess_03870,user_121,0,open_products
sess_03870,user_121,1,search_phone
sess_03870,user_121,2,view_phone
sess_03870,user_121,3,purchase_phone
sess_03870,user_121,4,purchase_phone_case
sess_03871,user_122,0,view_phone
sess_03871,user_122,1,purchase_phone
sess_03871,user_122,2,purchase_headphones
sess_03871,user_122,3,open_purchases
sess_03872,user_123,0,open_products
sess_03872,user_123,1,search_phone
sess_03872,user_123,2,view_phone
sess_03872,user_123,3,purchase_phone
sess_03872,user_123,4,purchase_headphones
sess_03873,user_124,0,open_products
sess_03873,user_124,1,search_laptop
sess_03873,user_124,2,view_laptop
sess_03873,user_124,3,purchase_laptop
sess_03873,user_124,4,purchase_laptop_bag
sess_03873,user_124,5,open_purchases
sess_03874,user_125,0,create_quotation
sess_03874,user_125,1,add_product
sess_03874,user_125,2,save_quotation
sess_03874,user_125,3,open_quotations
sess_03875,user_126,0,open_products
sess_03875,user_126,1,search_laptop
sess_03875,user_126,2,view_laptop
sess_03875,user_126,3,purchase_laptop
sess_03875,user_126,4,purchase_mouse
sess_03875,user_126,5,open_purchases
sess_03876,user_127,0,open_products
sess_03876,user_127,1,search_phone
sess_03876,user_127,2,view_phone
sess_03876,user_127,3,purchase_phone
sess_03876,user_127,4,purchase_phone_case
sess_03876,user_127,5,open_purchases
sess_03877,user_128,0,view_laptop
sess_03877,user_128,1,purchase_laptop
sess_03877,user_128,2,purchase_headphones
sess_03877,user_128,3,open_purchases
sess_03878,user_129,0,open_products
sess_03878,user_129,1,search_laptop
sess_03878,user_129,2,view_laptop
sess_03878,user_129,3,purchase_laptop
sess_03878,user_129,4,purchase_warranty
sess_03879,user_130,0,view_phone
sess_03879,user_130,1,purchase_phone
sess_03879,user_130,2,purchase_phone_case
sess_03879,user_130,3,open_purchases
sess_03880,user_131,0,create_quotation
sess_03880,user_131,1,add_product
sess_03880,user_131,2,set_discount
sess_03880,user_131,3,save_quotation
sess_03880,user_131,4,send_quotation
sess_03880,user_131,5,create_order
sess_03881,user_132,0,open_quotations
sess_03881,user_132,1,create_quotation
sess_03881,user_132,2,add_product
sess_03881,user_132,3,set_discount
sess_03881,user_132,4,save_quotation
sess_03881,user_132,5,open_quotations
sess_03882,user_133,0,view_monitor
sess_03882,user_133,1,purchase_monitor
sess_03882,user_133,2,purchase_keyboard
sess_03883,user_134,0,open_products
sess_03883,user_134,1,search_monitor
sess_03883,user_134,2,view_monitor
sess_03883,user_134,3,purchase_monitor
sess_03883,user_134,4,purchase_keyboard
sess_03884,user_135,0,create_quotation
sess_03884,user_135,1,add_product
sess_03884,user_135,2,set_discount
sess_03884,user_135,3,save_quotation
sess_03884,user_135,4,send_quotation
sess_03884,user_135,5,create_order
sess_03885,user_136,0,login
sess_03885,user_136,1,open_products
sess_03885,user_136,2,search_phone
sess_03885,user_136,3,view_phone
sess_03885,user_136,4,purchase_phone
sess_03885,user_136,5,purchase_phone_case
sess_03886,user_137,0,login
sess_03886,user_137,1,open_products
sess_03886,user_137,2,search_laptop
sess_03886,user_137,3,view_laptop
sess_03886,user_137,4,purchase_laptop
sess_03886,user_137,5,purchase_headphones
sess_03887,user_138,0,view_laptop
sess_03887,user_138,1,purchase_laptop
sess_03887,user_138,2,purchase_warranty
sess_03887,user_138,3,open_purchases
sess_03888,user_139,0,open_products
sess_03888,user_139,1,search_laptop
sess_03888,user_139,2,view_laptop
sess_03888,user_139,3,purchase_laptop
sess_03888,user_139,4,purchase_mouse
sess_03888,user_139,5,open_purchases
sess_03889,user_140,0,create_quotation
sess_03889,user_140,1,add_product
sess_03889,user_140,2,set_discount
sess_03889,user_140,3,save_quotation
sess_03889,user_140,4,send_quotation
sess_03889,user_140,5,create_order
sess_03890,user_141,0,open_quotations
sess_03890,user_141,1,create_quotation
sess_03890,user_141,2,add_product
sess_03890,user_141,3,set_discount
sess_03890,user_141,4,save_quotation
sess_03890,user_141,5,send_quotation
sess_03890,user_141,6,create_order
sess_03891,user_142,0,view_phone
sess_03891,user_142,1,purchase_phone
sess_03891,user_142,2,purchase_phone_case
sess_03892,user_143,0,open_quotations
sess_03892,user_143,1,create_quotation
sess_03892,user_143,2,add_product
sess_03892,user_143,3,set_discount
sess_03892,user_143,4,save_quotation
sess_03892,user_143,5,send_quotation
sess_03892,user_143,6,create_order
sess_03893,user_144,0,view_laptop
sess_03893,user_144,1,purchase_laptop
sess_03893,user_144,2,purchase_headphones
sess_03894,user_145,0,login
sess_03894,user_145,1,open_products
sess_03894,user_145,2,search_phone
sess_03894,user_145,3,view_phone
sess_03894,user_145,4,purchase_phone
sess_03894,user_145,5,purchase_phone_case
sess_03894,user_145,6,open_purchases
sess_03895,user_146,0,open_products
sess_03895,user_146,1,search_phone
sess_03895,user_146,2,view_phone
sess_03895,user_146,3,purchase_phone
sess_03895,user_146,4,purchase_phone_case
sess_03895,user_146,5,open_purchases
sess_03896,user_147,0,open_products
sess_03896,user_147,1,search_phone
sess_03896,user_147,2,view_phone
sess_03896,user_147,3,purchase_phone
sess_03896,user_147,4,purchase_phone_case
sess_03897,user_148,0,view_laptop
sess_03897,user_148,1,purchase_laptop
sess_03897,user_148,2,purchase_mouse
sess_03897,user_148,3,open_purchases
sess_03898,user_149,0,create_quotation
sess_03898,user_149,1,add_product
sess_03898,user_149,2,save_quotation
sess_03898,user_149,3,open_quotations
sess_03899,user_150,0,create_quotation
sess_03899,user_150,1,add_product
sess_03899,user_150,2,save_quotation
sess_03899,user_150,3,send_quotation
sess_03899,user_150,4,create_order
sess_03900,user_001,0,create_quotation
sess_03900,user_001,1,add_product
sess_03900,user_001,2,set_discount
sess_03900,user_001,3,save_quotation
sess_03900,user_001,4,send_quotation
sess_03900,user_001,5,create_order
sess_03901,user_002,0,open_quotations
sess_03901,user_002,1,create_quotation
sess_03901,user_002,2,add_product
sess_03901,user_002,3,set_discount
sess_03901,user_002,4,save_quotation
sess_03901,user_002,5,open_quotations
sess_03902,user_003,0,open_products
sess_03902,user_003,1,search_monitor
sess_03902,user_003,2,view_monitor
sess_03902,user_003,3,purchase_monitor
sess_03902,user_003,4,purchase_keyboard
sess_03903,user_004,0,open_products
sess_03903,user_004,1,search_laptop
sess_03903,user_004,2,view_laptop
sess_03903,user_004,3,purchase_laptop
sess_03903,user_004,4,purchase_mouse
sess_03903,user_004,5,open_purchases
sess_03904,user_005,0,view_laptop
sess_03904,user_005,1,purchase_laptop
sess_03904,user_005,2,purchase_headphones
sess_03904,user_005,3,open_purchases
sess_03905,user_006,0,open_products
sess_03905,user_006,1,search_laptop
sess_03905,user_006,2,view_laptop
sess_03905,user_006,3,purchase_laptop
sess_03905,user_006,4,purchase_headphones
sess_03905,user_006,5,open_purchases
sess_03906,user_007,0,view_monitor
sess_03906,user_007,1,purchase_monitor
sess_03906,user_007,2,purchase_keyboard
sess_03907,user_008,0,create_quotation
sess_03907,user_008,1,add_product
sess_03907,user_008,2,set_discount
sess_03907,user_008,3,save_quotation
sess_03907,user_008,4,send_quotation
sess_03907,user_008,5,create_order
sess_03908,user_009,0,view_customer
sess_03908,user_009,1,view_customer_quotations
sess_03909,user_010,0,view_customer
sess_03909,user_010,1,view_customer_orders
sess_03910,user_011,0,view_monitor
sess_03910,user_011,1,purchase_monitor
sess_03910,user_011,2,purchase_keyboard
sess_03911,user_012,0,open_products
sess_03911,user_012,1,search_phone
sess_03911,user_012,2,view_phone
sess_03911,user_012,3,purchase_phone
sess_03911,user_012,4,purchase_warranty
sess_03912,user_013,0,open_products
sess_03912,user_013,1,search_phone
sess_03912,user_013,2,view_phone
sess_03912,user_013,3,purchase_phone
sess_03912,user_013,4,purchase_phone_case
sess_03913,user_014,0,open_orders
sess_03913,user_014,1,create_order
sess_03913,user_014,2,generate_invoice
sess_03914,user_015,0,view_laptop
sess_03914,user_015,1,purchase_laptop
sess_03914,user_015,2,purchase_headphones
sess_03914,user_015,3,open_purchases
sess_03915,user_016,0,view_laptop
sess_03915,user_016,1,purchase_laptop
sess_03915,user_016,2,purchase_headphones
sess_03915,user_016,3,open_purchases
sess_03916,user_017,0,create_quotation
sess_03916,user_017,1,add_product
sess_03916,user_017,2,set_discount
sess_03916,user_017,3,save_quotation
sess_03916,user_017,4,send_quotation
sess_03916,user_017,5,create_order
sess_03917,user_018,0,open_products
sess_03917,user_018,1,search_laptop
sess_03917,user_018,2,view_laptop
sess_03917,user_018,3,purchase_laptop
sess_03917,user_018,4,purchase_headphones
sess_03917,user_018,5,open_purchases
sess_03918,user_019,0,view_customer
sess_03918,user_019,1,view_customer_orders
sess_03919,user_020,0,open_products
sess_03919,user_020,1,search_monitor
sess_03919,user_020,2,view_monitor
sess_03919,user_020,3,purchase_monitor
sess_03919,user_020,4,purchase_keyboard
sess_03920,user_021,0,open_products
sess_03920,user_021,1,search_monitor
sess_03920,user_021,2,view_monitor
sess_03920,user_021,3,purchase_monitor
sess_03920,user_021,4,purchase_headphones
sess_03921,user_022,0,open_quotations
sess_03921,user_022,1,create_quotation
sess_03921,user_022,2,add_product
sess_03921,user_022,3,save_quotation
sess_03921,user_022,4,send_quotation
sess_03921,user_022,5,create_order
sess_03922,user_023,0,open_products
sess_03922,user_023,1,search_laptop
sess_03922,user_023,2,view_laptop
sess_03922,user_023,3,purchase_laptop
sess_03922,user_023,4,purchase_headphones
sess_03922,user_023,5,open_purchases
sess_03923,user_024,0,open_products
sess_03923,user_024,1,search_laptop
sess_03923,user_024,2,view_laptop
sess_03923,user_024,3,purchase_laptop
sess_03923,user_024,4,purchase_headphones
sess_03923,user_024,5,open_purchases
sess_03924,user_025,0,create_quotation
sess_03924,user_025,1,add_product
sess_03924,user_025,2,save_quotation
sess_03924,user_025,3,send_quotation
sess_03924,user_025,4,create_order
sess_03925,user_026,0,login
sess_03925,user_026,1,open_products
sess_03925,user_026,2,search_laptop
sess_03925,user_026,3,view_laptop
sess_03925,user_026,4,purchase_laptop
sess_03925,user_026,5,purchase_mouse
sess_03925,user_026,6,open_purchases
sess_03926,user_027,0,open_products
sess_03926,user_027,1,search_laptop
sess_03926,user_027,2,view_laptop
sess_03926,user_027,3,purchase_laptop
sess_03926,user_027,4,purchase_headphones
sess_03926,user_027,5,open_purchases
sess_03927,user_028,0,create_order
sess_03927,user_028,1,generate_invoice
sess_03927,user_028,2,confirm_payment
sess_03928,user_029,0,login
sess_03928,user_029,1,open_products
sess_03928,user_029,2,search_phone
sess_03928,user_029,3,view_phone
sess_03928,user_029,4,purchase_phone
sess_03928,user_029,5,purchase_phone_case
sess_03929,user_030,0,view_monitor
sess_03929,user_030,1,purchase_monitor
sess_03929,user_030,2,purchase_keyboard
sess_03930,user_031,0,view_monitor
sess_03930,user_031,1,purchase_monitor
sess_03930,user_031,2,purchase_keyboard
sess_03931,user_032,0,view_laptop
sess_03931,user_032,1,purchase_laptop
sess_03931,user_032,2,purchase_headphones
sess_03932,user_033,0,view_laptop
sess_03932,user_033,1,purchase_laptop
sess_03932,user_033,2,purchase_headphones
sess_03932,user_033,3,open_purchases
sess_03933,user_034,0,view_customer
sess_03933,user_034,1,view_customer_quotations
sess_03934,user_035,0,view_monitor
sess_03934,user_035,1,purchase_monitor
sess_03934,user_035,2,purchase_keyboard
sess_03935,user_036,0,open_products
sess_03935,user_036,1,search_phone
sess_03935,user_036,2,view_phone
sess_03935,user_036,3,purchase_phone
sess_03935,user_036,4,purchase_phone_case
sess_03935,user_036,5,open_purchases
sess_03936,user_037,0,view_phone
sess_03936,user_037,1,purchase_phone
sess_03936,user_037,2,purchase_warranty
sess_03936,user_037,3,open_purchases
sess_03937,user_038,0,view_monitor
sess_03937,user_038,1,purchase_monitor
sess_03937,user_038,2,purchase_mouse
sess_03938,user_039,0,open_quotations
sess_03938,user_039,1,create_quotation
sess_03938,user_039,2,add_product
sess_03938,user_039,3,set_discount
sess_03938,user_039,4,save_quotation
sess_03938,user_039,5,send_quotation
sess_03938,user_039,6,create_order
sess_03939,user_040,0,login
sess_03939,user_040,1,open_products
sess_03939,user_040,2,search_phone
sess_03939,user_040,3,view_phone
sess_03939,user_040,4,purchase_phone
sess_03939,user_040,5,purchase_phone_case
sess_03939,user_040,6,open_purchases
sess_03940,user_041,0,view_phone
sess_03940,user_041,1,purchase_phone
sess_03940,user_041,2,purchase_headphones
sess_03941,user_042,0,open_products
sess_03941,user_042,1,search_laptop
sess_03941,user_042,2,view_laptop
sess_03941,user_042,3,purchase_laptop
sess_03941,user_042,4,purchase_mouse
sess_03941,user_042,5,open_purchases
sess_03942,user_043,0,open_customers
sess_03942,user_043,1,view_customer
sess_03942,user_043,2,view_customer_quotations
sess_03942,user_043,3,create_quotation
sess_03943,user_044,0,create_quotation
sess_03943,user_044,1,add_product
sess_03943,user_044,2,save_quotation
sess_03943,user_044,3,send_quotation
sess_03943,user_044,4,create_order
sess_03944,user_045,0,open_products
sess_03944,user_045,1,search_laptop
sess_03944,user_045,2,view_laptop
sess_03944,user_045,3,purchase_laptop
sess_03944,user_045,4,purchase_mouse
sess_03944,user_045,5,open_purchases
sess_03945,user_046,0,create_order
sess_03945,user_046,1,generate_invoice
sess_03945,user_046,2,confirm_payment
sess_03946,user_047,0,login
sess_03946,user_047,1,open_products
sess_03946,user_047,2,search_laptop
sess_03946,user_047,3,view_laptop
sess_03946,user_047,4,purchase_laptop
sess_03946,user_047,5,purchase_headphones
sess_03946,user_047,6,open_purchases
sess_03947,user_048,0,login
sess_03947,user_048,1,open_products
sess_03947,user_048,2,search_laptop
sess_03947,user_048,3,view_laptop
sess_03947,user_048,4,purchase_laptop
sess_03947,user_048,5,purchase_headphones
sess_03947,user_048,6,open_purchases
sess_03948,user_049,0,create_quotation
sess_03948,user_049,1,add_product
sess_03948,user_049,2,set_discount
sess_03948,user_049,3,save_quotation
sess_03948,user_049,4,send_quotation
sess_03949,user_050,0,view_monitor
sess_03949,user_050,1,purchase_monitor
sess_03949,user_050,2,purchase_keyboard
sess_03950,user_051,0,open_products
sess_03950,user_051,1,search_monitor
sess_03950,user_051,2,view_monitor
sess_03950,user_051,3,purchase_monitor
sess_03950,user_051,4,purchase_mouse
sess_03951,user_052,0,open_quotations
sess_03951,user_052,1,create_quotation
sess_03951,user_052,2,add_product
sess_03951,user_052,3,set_discount
sess_03951,user_052,4,save_quotation
sess_03951,user_052,5,send_quotation
sess_03951,user_052,6,create_order
sess_03952,user_053,0,view_monitor
sess_03952,user_053,1,purchase_monitor
sess_03952,user_053,2,purchase_mouse
sess_03953,user_054,0,view_laptop
sess_03953,user_054,1,purchase_laptop
sess_03953,user_054,2,purchase_headphones
sess_03953,user_054,3,open_purchases
sess_03954,user_055,0,view_monitor
sess_03954,user_055,1,purchase_monitor
sess_03954,user_055,2,purchase_mouse
sess_03955,user_056,0,view_laptop
sess_03955,user_056,1,purchase_laptop
sess_03955,user_056,2,purchase_mouse
sess_03956,user_057,0,open_products
sess_03956,user_057,1,search_laptop
sess_03956,user_057,2,view_laptop
sess_03956,user_057,3,purchase_laptop
sess_03956,user_057,4,purchase_mouse
sess_03956,user_057,5,open_purchases
sess_03957,user_058,0,view_phone
sess_03957,user_058,1,purchase_phone
sess_03957,user_058,2,purchase_warranty
sess_03957,user_058,3,open_purchases
sess_03958,user_059,0,open_products
sess_03958,user_059,1,search_monitor
sess_03958,user_059,2,view_monitor
sess_03958,user_059,3,purchase_monitor
sess_03958,user_059,4,purchase_headphones
sess_03959,user_060,0,view_laptop
sess_03959,user_060,1,purchase_laptop
sess_03959,user_060,2,purchase_headphones
sess_03960,user_061,0,create_quotation
sess_03960,user_061,1,add_product
sess_03960,user_061,2,save_quotation
sess_03960,user_061,3,send_quotation
sess_03960,user_061,4,create_order
sess_03961,user_062,0,create_order
sess_03961,user_062,1,generate_invoice
sess_03962,user_063,0,open_customers
sess_03962,user_063,1,view_customer
sess_03962,user_063,2,view_customer_quotations
sess_03962,user_063,3,create_quotation
sess_03963,user_064,0,open_products
sess_03963,user_064,1,search_phone
sess_03963,user_064,2,view_phone
sess_03963,user_064,3,purchase_phone
sess_03963,user_064,4,purchase_phone_case
sess_03964,user_065,0,open_products
sess_03964,user_065,1,search_phone
sess_03964,user_065,2,view_phone
sess_03964,user_065,3,purchase_phone
sess_03964,user_065,4,purchase_headphones
sess_03964,user_065,5,open_purchases
sess_03965,user_066,0,open_products
sess_03965,user_066,1,search_laptop
sess_03965,user_066,2,view_laptop
sess_03965,user_066,3,purchase_laptop
sess_03965,user_066,4,purchase_headphones
sess_03966,user_067,0,login
sess_03966,user_067,1,open_products
sess_03966,user_067,2,search_laptop
sess_03966,user_067,3,view_laptop
sess_03966,user_067,4,purchase_laptop
sess_03966,user_067,5,purchase_headphones
sess_03966,user_067,6,open_purchases
sess_03967,user_068,0,view_monitor
sess_03967,user_068,1,purchase_monitor
sess_03967,user_068,2,purchase_headphones
sess_03968,user_069,0,open_products
sess_03968,user_069,1,search_phone
sess_03968,user_069,2,view_phone
sess_03968,user_069,3,purchase_phone
sess_03968,user_069,4,purchase_phone_case
sess_03969,user_070,0,view_phone
sess_03969,user_070,1,purchase_phone
sess_03969,user_070,2,purchase_headphones
sess_03970,user_071,0,open_customers
sess_03970,user_071,1,view_customer
sess_03970,user_071,2,view_customer_orders
sess_03971,user_072,0,open_products
sess_03971,user_072,1,search_laptop
sess_03971,user_072,2,view_laptop
sess_03971,user_072,3,purchase_laptop
sess_03971,user_072,4,purchase_mouse
sess_03971,user_072,5,open_purchases
sess_03972,user_073,0,open_products
sess_03972,user_073,1,search_phone
sess_03972,user_073,2,view_phone
sess_03972,user_073,3,purchase_phone
sess_03972,user_073,4,purchase_headphones
sess_03972,user_073,5,open_purchases
sess_03973,user_074,0,open_quotations
sess_03973,user_074,1,create_quotation
sess_03973,user_074,2,add_product
sess_03973,user_074,3,save_quotation
sess_03973,user_074,4,send_quotation
sess_03974,user_075,0,view_phone
sess_03974,user_075,1,purchase_phone
sess_03974,user_075,2,purchase_phone_case
sess_03975,user_076,0,open_products
sess_03975,user_076,1,search_laptop
sess_03975,user_076,2,view_laptop
sess_03975,user_076,3,purchase_laptop
sess_03975,user_076,4,purchase_laptop_bag
sess_03976,user_077,0,view_phone
sess_03976,user_077,1,purchase_phone
sess_03976,user_077,2,purchase_phone_case
sess_03976,user_077,3,open_purchases
sess_03977,user_078,0,open_customers
sess_03977,user_078,1,view_customer
sess_03977,user_078,2,view_customer_quotations
sess_03977,user_078,3,create_quotation
sess_03978,user_079,0,open_products
sess_03978,user_079,1,search_monitor
sess_03978,user_079,2,view_monitor
sess_03978,user_079,3,purchase_monitor
sess_03978,user_079,4,purchase_mouse
sess_03979,user_080,0,open_quotations
sess_03979,user_080,1,create_quotation
sess_03979,user_080,2,add_product
sess_03979,user_080,3,set_discount
sess_03979,user_080,4,save_quotation
sess_03979,user_080,5,send_quotation
sess_03980,user_081,0,open_quotations
sess_03980,user_081,1,create_quotation
sess_03980,user_081,2,add_product
sess_03980,user_081,3,set_discount
sess_03980,user_081,4,save_quotation
sess_03980,user_081,5,send_quotation
sess_03980,user_081,6,create_order
sess_03981,user_082,0,open_products
sess_03981,user_082,1,search_laptop
sess_03981,user_082,2,view_laptop
sess_03981,user_082,3,purchase_laptop
sess_03981,user_082,4,purchase_headphones
sess_03982,user_083,0,create_order
sess_03982,user_083,1,generate_invoice
sess_03982,user_083,2,confirm_payment
sess_03983,user_084,0,open_products
sess_03983,user_084,1,search_laptop
sess_03983,user_084,2,view_laptop
sess_03983,user_084,3,purchase_laptop
sess_03983,user_084,4,purchase_headphones
sess_03983,user_084,5,open_purchases
sess_03984,user_085,0,open_orders
sess_03984,user_085,1,create_order
sess_03984,user_085,2,generate_invoice
sess_03985,user_086,0,view_monitor
sess_03985,user_086,1,purchase_monitor
sess_03985,user_086,2,purchase_headphones
sess_03986,user_087,0,view_laptop
sess_03986,user_087,1,purchase_laptop
sess_03986,user_087,2,purchase_headphones
sess_03986,user_087,3,open_purchases
sess_03987,user_088,0,view_customer
sess_03987,user_088,1,view_customer_quotations
sess_03988,user_089,0,open_quotations
sess_03988,user_089,1,create_quotation
sess_03988,user_089,2,add_product
sess_03988,user_089,3,set_discount
sess_03988,user_089,4,save_quotation
sess_03988,user_089,5,send_quotation
sess_03988,user_089,6,create_order
sess_03989,user_090,0,open_products
sess_03989,user_090,1,search_laptop
sess_03989,user_090,2,view_laptop
sess_03989,user_090,3,purchase_laptop
sess_03989,user_090,4,purchase_headphones
sess_03989,user_090,5,open_purchases
sess_03990,user_091,0,open_orders
sess_03990,user_091,1,create_order
sess_03990,user_091,2,generate_invoice
sess_03991,user_092,0,view_laptop
sess_03991,user_092,1,purchase_laptop
sess_03991,user_092,2,purchase_headphones
sess_03991,user_092,3,open_purchases
sess_03992,user_093,0,view_phone
sess_03992,user_093,1,purchase_phone
sess_03992,user_093,2,purchase_phone_case
sess_03992,user_093,3,open_purchases
sess_03993,user_094,0,view_monitor
sess_03993,user_094,1,purchase_monitor
sess_03993,user_094,2,purchase_headphones
sess_03994,user_095,0,open_products
sess_03994,user_095,1,search_phone
sess_03994,user_095,2,view_phone
sess_03994,user_095,3,purchase_phone
sess_03994,user_095,4,purchase_phone_case
sess_03995,user_096,0,open_quotations
sess_03995,user_096,1,create_quotation
sess_03995,user_096,2,add_product
sess_03995,user_096,3,save_quotation
sess_03995,user_096,4,open_quotations
sess_03996,user_097,0,create_quotation
sess_03996,user_097,1,add_product
sess_03996,user_097,2,set_discount
sess_03996,user_097,3,save_quotation
sess_03996,user_097,4,send_quotation
sess_03997,user_098,0,open_quotations
sess_03997,user_098,1,create_quotation
sess_03997,user_098,2,add_product
sess_03997,user_098,3,save_quotation
sess_03997,user_098,4,send_quotation
sess_03997,user_098,5,create_order
sess_03998,user_099,0,open_products
sess_03998,user_099,1,search_laptop
sess_03998,user_099,2,view_laptop
sess_03998,user_099,3,purchase_laptop
sess_03998,user_099,4,purchase_headphones
sess_03998,user_099,5,open_purchases
sess_03999,user_100,0,open_products
sess_03999,user_100,1,search_monitor
sess_03999,user_100,2,view_monitor
sess_03999,user_100,3,purchase_monitor
sess_03999,user_100,4,purchase_keyboard
sess_04000,user_101,0,open_products
sess_04000,user_101,1,search_phone
sess_04000,user_101,2,view_phone
sess_04000,user_101,3,purchase_phone
sess_04000,user_101,4,purchase_warranty
